"id","title","url","author","publication_date","original_publication","publisher","platform","collection_id","content_type","format","word_count","length_in_seconds","excerpt","summary","thematic_categories","key_concepts","series","era","scope","tags","related_to","responds_to","influence","copyright","license","permissions","date_processed","gdrive_pdf_link","gdrive_raw_file_link","gdrive_transcript_link","transcript_filepath","pull_quote","raw_text","verified","notes","colQ_changes"
"MEDIUM-0001","Beyond the ?Democracy Desk?: Why U.S. newsrooms need to become explicitly pro-democracy","https://medium.com/centerforcooperativemedia/beyond-the-democracy-desk-why-u-s-newsrooms-need-to-become-explicitly-pro-democracy-a650d7ddd0cd","Jay Rosen, professor of journalism, New York University","2022-07-22","Medium","","","PUBLIC","Article","text","1017","","Beyond the ?Democracy Desk?: Why U.S. newsrooms need to become explicitly pro-democracy By Jay Rosen , professor of journalism, New York University Center for Cooperative Media 5 min read ? Jul 22, 2022 -- 1 Listen Share ?? Listen to the audio version of these remarks. I have some high level remarks about the problems...","The article argues that U.S. newsrooms need to become explicitly pro-democracy in response to democratic backsliding.  The author acknowledges the challenges of this approach, including concerns about partisanship and the question of practical implementation. He suggests that clearly showing the stakes of the battle for American democracy, particularly regarding free and fair elections, is a crucial step toward more effective pro-democracy journalism.","Journalism Theory & Practice, Politics & Democracy, Press & Media Criticism","View from Nowhere, False balance, Not the odds but the stakes","","Post-Trump & Future of News (2022-Present)","Commentary/Critique","democratic backsliding, journalism ethics, media criticism, news coverage, political polarization, us elections, U.S. democracy, democratic backsliding, election integrity, journalism ethics, newsroom practices, partisan bias, pro-democracy journalism, pro-democracy journalism","PressThink","","","Jay Rosen","","","2025-06-30 21:20:14","https://drive.google.com/drive/u/0/folders/1rzZQXt-oVXRejKGqej1aGPsKhI2KhnEJ","","","","Democratic backsliding, which is the tendency for a democratic system to decay, presents huge problems for journalists as they try to inform the American public.","Beyond the ?Democracy Desk?: Why U.S. newsrooms need to become explicitly pro-democracy

I have some high level remarks about the problems that we face, because we in the U.S., as Michael Bolden suggested, are part of a global shift that scholars call ?democratic backsliding.?

It?s happening around the world, and the U.S. is becoming one of the leaders in this dark art.

Democratic backsliding, which is the tendency for a democratic system to decay, presents huge problems for journalists as they try to inform the American public. Democracy used to be a background condition of doing journalism, something that you could assume, something that made journalism possible. Its basic mechanics could be relied upon.

But we?re now seeing that a lot of our democracy runs on a kind of honor system, in which informal codes of conduct and political conventions hold a lot of power, because both parties agree to them. This is especially true of the way we run elections in the United States. A huge part of running elections is the volunteers and other poll workers who administer the election under a code of non-partisanship and fairness that doesn?t have any legal force.

And we are now seeing that, under conditions of democratic backsliding, all the informal parts of the system are weak points and attack surfaces.

And that?s part of what we mean by a ?crisis of democracy.? The informal networks that kept democracy strong are collapsing and sentiment is shifting, in many ways, against democracy.

So under these conditions, myself and other observers have been arguing that the American press needs to become more explicitly pro-democracy, as opposed to allowing it to sit in the background as an assumption or condition.

And this makes a certain amount of sense. But there?s a lot of problems with this claim ? that journalists need to become more pro-democracy. In fact, this meeting that we?re at, and Democracy Day 2022, are examples of being more pro-democracy.

But there are a lot of problems with that concept. The first problem that I?ve encountered is journalists immediately say to me, ?Okay, but what does that mean in practice??

Which is a fair question and a really important question, but we don?t necessarily know the answer to that until we get people to start experimenting with being more pro-democracy. But if the cost of experimenting is knowing in advance ? ?what does that look like in practice?? ? then we?re never going to do the experiments.

So that?s one of the problems.

Another problem with telling journalists they need to become more pro-democracy is that you immediately hear in reply, from both from journalists and critics, ?Pro-democracy? That sounds like being pro-Biden,? which, of course, is not the role of newsrooms. And nobody wants their newsroom to declare itself pro-Biden or pro-Democratic Party.

And so that fear of being criticized for being partisan is also one of the things in the way of putting a more pro-democracy philosophy in journalism into practice.

Another strange problem with becoming more pro-democracy is that there?s a tendency in journalism to say, ?Democracy is at risk? Well, we?re going to cover that!? And almost every problem in journalism can be responded to that way ? by just adding some coverage.

And so this has been one of the reflexes of the journalism profession since this backsliding started to happen, which is, ?we?re going to cover it as we would cover any other story.? But the problem is, it?s not quite like any other story, because it threatens the very conditions under which journalism can be transacted. And that?s slightly bigger than a new democracy desk ? even though a democracy desk might be a really good addition to your newsroom.

Under those conditions, an answer I have come to is that pro-democracy coverage means, in part, coverage that clearly shows what the stakes are in this battle for American democracy and the elections coming up, where we don?t know if we?re going to be able to have a free and fair election. And news coverage that more clearly and dramatically shows the stakes ? what is at stake in this nest of problems that I described, that Michael Bolden described ? is, I think, one of the ways out of this puzzle. The puzzle of ?how do you get to ?more pro-democracy coverage? until you start doing it??

So making it crystal clear what the stakes are, seems to me to be a more muscular and effective way of doing journalism than what we?ve had up to now. And I and I look forward to seeing it develop with some of the newsrooms represented in this group.
","TRUE","",""
"PRESSTH-0453","PressThink: ""Digby, if You?re Reading This, Send Me an E-mail."" A Book Editor On Why He Loves Weblogs","http://archive.pressthink.org/2005/03/08/nlsn_blg_p.html","Eric Nelson","3/8/2005","PressThink","","","APPEARANCES","Article","text","1518","","""Digby, if You?re Reading This, Send Me an E-mail."" A Book Editor On Why He Loves Weblogs Eric Nelson is a Senior Editor at John Wiley and Sons, specializing in current affairs and history. Here he explains why he reads blogs obsessively, and why you don't do a book deal with the big name columnist...","This article discusses the phenomenon of ""handsell books""?books that achieve success without large marketing campaigns?and how blogs have democratized this process, allowing for the rise of influential voices outside traditional media.  The author highlights how blogs, through interconnectedness and reader recommendations, can propel content to widespread attention, challenging the dominance of established media outlets and their gatekeeping role. The piece uses the examples of successful bloggers and the New York Times' acquisition of About.com to illustrate the evolving media landscape and the power of online communities in shaping public discourse.","Audience & Public Engagement, Press & Media Criticism, Technology & Digital Media","The People Formerly Known as the Audience | Audience atomization overcome","","The Rise of the Web & Blogging (2000-2009)","Commentary/Critique","age of insight, handsell books, information age, online journalism, pressthink, traditional media, About.com, New York Times, blogosphere, blogs, blogs, handsell books, media democratization, online publishing","Jay Rosen","","","Jay Rosen (likely, as PressThink is his blog)","","","2025-06-30 21:20:20","https://drive.google.com/drive/u/0/folders/1rzZQXt-oVXRejKGqej1aGPsKhI2KhnEJ","","","","In real estate, its location, location, location. In publishing, its insight, insight, insight.","Eric Nelson is a Senior Editor at John Wiley and Sons, specializing in current affairs and history. Here he explains why he reads blogs obsessively, and why you don't do a book deal with the big name columnist to whom no one links.

Special to PressThink

?Digby, if you?re reading this, send me an email.?

by Eric Nelson

In the publishing industry, we often talk about the mythic ?handsell? book. These are those very few books that find astonishing success without a six-figure marketing campaign, Daily Show appearance, established author following, or can?t-miss topic. If you look at any best-seller list, it?s typically occupied by people who have already written bestsellers, or celebrities of some other sort. Most bestsellers typically hit their sales peak the first week out. Think Jose Canseco, Jon Stewart, and Malcom Gladwell.

Some books, however, beat the odds and win readers over one at a time. Editors, marketing, sales, the chains, TV bookers, and review editors?the experts?all decide a book won?t find a huge audience, but that audience begs to differ. One enthusiastic reader after another recommends it to a friend until it climbs onto the bestseller list.

These few, benighted books often hit their sales peaks long after they?ve hit bookstore shelves. Reading Lolita in Tehran, for example, currently sells ten times as many copies each week as it did the first week. The odds are against this, but it does happen. And every editor harbors the dream that each new book they publish will suddenly become that handsell book.

The phenomenon can happen with movies, bands, and television shows. But before the internet, that simply couldn?t happen with a Paul Krugman column. If you didn?t get The New York Times that day, you were out of luck. If the buzz builds quickly, he might get to recap it that night in an interview on PBS, but that?s your best shot. If that amazing column ran in the Denver Post, you?re not even likely to hear about it second or third hand from a friend. And if you?re middle-aged college professor, who happens to have an expert insight, but no real access to major media, forget about it.

Blogs have changed that because they rarely miss out on anything good. With blog-tracking tools like Daypop, Blogdex, Technorati, and even The New York Times most-emailed rss feeds, I feel like I never miss what everyone else is talking about.

Every blog I read obsessively is a handsell. I started reading Kevin Drum, Digby, Jay Rosen, Daniel Radosh, Ruy Teixiera and others because so many other bloggers said they were good (and good every day) not because of the big, branded marketing apparatus connected to them.

There?s one story I like to tell people when they ask me why I?m so enthusiastic about blogs. A number of years ago, on a trip to DC, I met with the then Washington Editor of The American Prospect, Josh Marshall. It was a good gig, but not one that gave him much room to breathe. He was limited in what he could write about and how often. He was also writing for a smallish audience, and with ideological expectations placed on him as a staff member at an opinion magazine with semi-official positions on everything.

Over dinner, he told me that what he really wanted was a column. Everyone out there with the gene for wonkiness wants a column, I stupidly told him, but you have to earn it. He wanted a column soon, and he felt sure that if he had one, a lot of people would want to read it. I liked Josh?s writing and reporting, and I did believe some day he?d get there. But I knew no sane editor would take a chance on someone so early in his career to write a column.

Obviously, a few million pageviews later, we know he was right, and all those sane editors were wrong.

On the other hand, there are some major newspaper and magazine columnists, whom I won?t name, but I never see them linked to, ever. These people are all ?famous,? but to me, if absolutely no one is blogging your stuff, no one?s reading it in the paper either.

For my job, it?s very important to know what and who everyone?s reading. That?s why I actually check Daypop before I read any specific blogs. I know what new stories are drawing interest, and for a major story, which article is possibly the best one. It also never fails to provide us with something quirky, but fascinating, like the story of the woman in Texas who killed her husband with a port wine enema.

In real estate, it?s location, location, location. In publishing, it?s insight, insight, insight. When a reader picks up a book, they don?t just want to know about a subject, they want to understand it. Even those hot new biographies you see advertised promising new information from uncovered archives or letters, only sell because of what that new information means. No one would want a whole book about Nixon?s newly uncovered dental records, unless they revealed something important about him. (Like he had microphones in his teeth.)

The book that sells the best on a hot new topic, like terrorism, is usually the one with the clearest insights. And now, the article or blog post with the clearest insights is often the most widely read one as well.

One idea I?m always pitching to Jay, and anyone else who will listen, is that we?ve moved from the ?Information Age? to the ?Age of Insight.? When Bush announced his budget, for instance, you could get that information from any one of thousands of sources. But a handful of people presented the best explanations (left and right) of what his budget really means. Because of blogs, it?s easy to figure out who those people are, and sometimes they?re even bloggers.

Beyond that, I read them for the same reasons everyone else does. Blogs catch the stories that fall through cracks. They don?t fall into press release journalism, or at least not the blogs we all actually read. That great turn of phrase, picture, slogan, or cocktail party argument you couldn?t have found somewhere else, you find in blogs.

I?m sure any bloggers reading this were hoping that I?d end with all the contracts I?ve offered, or plan to offer, to bloggers. I have made offers to writers with blogs, but never someone who?s blog was his only, or even main, qualification. The fact remains that most of the top bloggers, the people I?d want as authors, have or had a day job as a pundit.

If Andrew Sullivan and Jeff Jarvis, two former major magazine editors, aren?t the mainstream media, then I don?t know what that term means. The truth is most bloggers are editors, picking the best bits of the web to show their readers; they are not reporters or architects of elegant policy arguments. The ones that are reporters and architects, usually have a pretty good non-digital resume to back it up.

That said, Digby, if you?re reading this, send me an e-mail.

Eric Nelson is a Senior Editor at John Wiley and Sons, specializing in current affairs and history.


After Matter: Notes, reactions and links?
Ken Smith, at Weblogs in Higher Education, responds to this post.

G as in Good H as in Happy (?reflecting an Austin, TX lawyer?s interest in ethics, personal coaching, the flow experience, NLP, communication, and particularly and generally, happiness?) responds to Nelson:

We are part of the private, recent, non-geek, non-old-boy bloggers, with insignificant stats, who think aloud in public, becoming a part of varied conversations, adding a nano-gram to consensus or controversy on certain subjects, and occasionally achieving a mini-scoop by virtue of observation or privileged access in our own circle.
When in retrospect blogs are evaluated, we believe it will be this kind of ordinary educated citizens? distributed intelligence with its impact on the market and the polity, including the expressive content of millions who also read the expression of others, that will have rumbled the tectonic foundation of our common life.

Mark Glaser, columnist for Online Journalism Review, About.com CEO explains why NYT spent $410 million to buy site. How About.com trains and uses its ?guides,? why the guides invest in building their page views, competition from Wikipedia, and many other subjects. Extremely informative, if you are interested in the Times deal for About.

PressThink was interested on Feb. 20: A Little Detail in the Sale of About.com to the New York Times.

Jeff Jarvis gave this report about a conference we were both at with Len Apcar, Editor of the New York Times site:

Len Apcar, editor in chief of NYTimes.com, said he is ?ecstatic we bought About.com because it says the New York Times is not a newspaper company.? That?s provocative and it?s right. The New York Times is a news company, an advertising company, an audience company, a company in need of diversifying its ad base and in need of new sources of growth; it is and must be more than paper?
More than one person in this room saw the About.com and the Dow Jones/Marketplace deals as very important for the future of old media (though Len also said that Marketplace was necessary to Dow Jones because its pay model is a ?failed model?).

What Apcar also said?I thought it was a juicy piece of news?is that the Times Company had the chance to purchase a major metropolitan newspaper (which he did not name) that suddenly came on the market. The Company declined in favor of the About deal.","TRUE","",""
"PRESSTH-0454","PressThink: ""None of us knows what this is going to turn into. By everyone?s hope, it won?t be Chicago 1968.""","http://archive.pressthink.org/2004/08/27/rnc_jitter_p.html","Jay Rosen","8/27/2004","PressThink","","","DIGITAL","Article","text","620","","""None of us knows what this is going to turn into. By everyone?s hope, it won?t be Chicago 1968."" For TV news, the concern is not how to cover all the possible protests around town. It's ""inciting disruptive behavior by showing up with cameras."" And it's losing control of the convention telecast to events outside....","Ahead of the 2004 Republican National Convention in New York City, major news organizations grappled with concerns about potential protests and their role in covering them.  Fear of inciting violence or unintentionally escalating situations led to security measures like unmarked news vehicles and a cautious approach to filming protests.  The article highlights the tension between journalistic responsibility to cover events and the potential for media coverage to influence or even cause unrest, drawing parallels to the 1968 Chicago protests.","Politics & Democracy, Press & Media Criticism, Technology & Digital Media","The Production of Innocence","","Early Career & Public Journalism (1989-1999)","Commentary/Critique","1968 chicago protests, fear, journalism ethics, political conventions, protests, tv news, 2004, CNN, Fox News, New York City, Republican National Convention, journalistic ethics, media coverage, media coverage, protests, security concerns","","TV Newser, The New York Observer, The East Bay Express, The Washington Post, AP","","Jay Rosen","","","2025-06-30 21:20:25","https://drive.google.com/drive/u/0/folders/1rzZQXt-oVXRejKGqej1aGPsKhI2KhnEJ","","","","?The fear is that the presence of that causes it,? said David Bohrman, the executive producer of CNNs convention coverage.","For TV news, the concern is not how to cover all the possible protests around town. It's ""inciting disruptive behavior by showing up with cameras."" And it's losing control of the convention telecast to events outside. There are jittery people in the networks, trying not to be the cause of anything.

A general sense of foreboding has emerged among prominent political TV reporters who are bracing for the hottest political convention since 1968. ?Newsday report, Aug. 26.

A couple of reminders this week of just how politicized the territory has become around the major media. There?s a rise in tensions as we get closer to the convention countdown in New York.

On Tuesday (Aug. 24) TV Newser reported that the area around Fox News Headquarters in New York City had received concrete fortifications.

Security concerns have led Rockefeller Center to position fixtures outside Fox News headquarters ahead of the GOP convention. ?About 12 large round concrete fixtures doubling as oversized flower pots were positioned in front of the Fox News studios on 6th Avenue? recently, an e-mailer says. ?These are obviously positioned to prevent any vehicles from the street to jump the sidewalk and get close to the building.?
Fox News is one of the sites around New York City where a prudent police force might expect trouble? because of what it stands for, and in alignment with. Media sites are political sites, especially in Fox?s case, which means there?s a potential for violence but also for political expression.

That?s what the oversized flower pots in front of Fox News are saying: Harden the perimeter. We may see ?activity? around the building.

Meanwhile the city is expecting there to be protest all over, but no one knows what to expect when it comes to big marches and other street demonstrations. So imagination is free to operate. The New York Observer?s Joe Hagan reports this week that for TV news organizations, the main concern is not how to cover all the possible protests around town. It?s ?inciting disruptive behavior by showing up with cameras.?

The people who run network television don?t want to be ?causing? street politics in New York City. They are willing to take stealth action to avoid it.

?The fear is that the presence of that causes it,? said David Bohrman, the executive producer of CNN?s convention coverage. ?That?s really a fear. We?re reluctant to pull our cameras out if there?s a crowd of people. You don?t want to galvanize a crowd by pointing a camera at them. You want to report on them, but you don?t want to be the cause of them.?
Mr. Bohrman said that was one of the reasons that most national news organizations didn?t mark their equipment with logos.

?I think you?ll find the networks and the cable networks, their cars won?t be marked so they don?t attract attention??

Fortifications in front of Fox. Unmarked cars for network news crews. And a strange kind of dialogue going on between protestors in their rumored descent on the city and TV execs trying to war game it: Could we possibly have ?democracy is in the streets? again, where TV, confronted with news on two fronts, cross cuts from one to the other? from the convention, to the streets?

Does that even happen at conventions any more? Do the rules permit it? Didn?t we outgrow that? Hagen reports on the confusion sown by not wanting to be a cause:

It wasn?t clear what would constitute a news event big enough to cut into a prime-time Republican speech?especially President Bush?s. And nobody was willing to hazard a guess, for fear of inadvertently making a recommendation to the protesters.
Fear of vehicle attacks. Fear of causing street action. Fear of protestors who somehow figure you out better than you have figured on them. Fear of ?68. Fear of having to make a decision. They?re all related.

?We need to think a little bit before we do that,? says David Bohrman, in charge of CNN?s convention coverage. ?None of us knows what this is going to turn into. By everyone?s hope, it won?t be Chicago 1968.?


After Matter: Notes, reactions & links?
Chris Thompson in The East Bay Express:

According to assignment editor Sarah Courtney of the Fox News politics desk, her network plans to have at least three teams of producers, reporters, and cameramen bird-dogging the protests throughout the week. ?We haven?t solidified all the teams yet,? she says, ?but we have every intention of making the protests a big part of the convention coverage.? An assistant to National Review editor Rich Lowry said the magazine will almost assuredly dedicate considerable space to the demo?s crazier antics. Steve Gray, who works at the city desk for the New York Post, promises to do the same: ?If something that?s offbeat comes up, it?ll definitely be covered.? A spokesperson for the right-wing Washington Times claims that the paper sent up a reporter to cover the demonstrations two weeks ago. ?If the protests get out of control, we?ll beef it up,? he added.
In this online chat, the Washington Post?s Robert Kaiser (associate editor) says he expects the protests to be the big story on Monday and Tuesday of convention week.

The AP reports on TV networks and their plans for handling protests: ??Our goal is to keep things in the proper perspective and not fall victim to staying with something just because it?s a good picture and happening now,? Princell Hair, executive vice president of CNN said. (via TV Newser.)

Greg Mitchell, Editor & Publisher, Challenging a Media Myth: ?68 Riots Didn?t Doom Humphrey.","TRUE","",""
"PRESSTH-0455","PressThink: ""When I?m Reporting, I am a Citizen of the World.?","http://archive.pressthink.org/2005/06/10/frkn_nro_p.html","Jay Rosen","6/10/2005","PressThink","","","FOUNDATION","Article","text","2595","","""When I?m Reporting, I am a Citizen of the World.? That's a quote from CNN's Bob Franken. A tour through his press think shows why I ask the Big Journalism Deans: if schools like yours are supposed to spread the gospel, how do they know they have the religion right? National Review Online has a...","This article analyzes a disagreement between Bob Franken, a CNN correspondent, and Alan Feuer, a New York Times reporter, as depicted in Feuer's book.  Rosen uses this exchange to critique the ingrained beliefs and biases within mainstream journalism, particularly the notion of journalists as objective skeptics. He argues that this self-image prevents journalists from honestly confronting their own political viewpoints and attachments, and that alternative belief systems are emerging to challenge this traditional model. The core of the critique centers on the journalists' professed detachment ('citizen of the world') as a problematic defense against accusations of bias.","Journalism Theory & Practice, Politics & Democracy, Press & Media Criticism","The People Formerly Known as the Audience","","The Rise of the Web & Blogging (2000-2009)","Commentary/Critique","alan feuer, bob franken, embedded journalism, media criticism, patriotism, pressthink, Alan Feuer, Bob Franken, Watergate, bias, embedded journalism, journalism ethics, journalism ethics, objectivity","","Over There: From the Bronx to Baghdad, Regret the Error","","Jay Rosen","","","2025-06-30 21:20:38","https://drive.google.com/drive/u/0/folders/1rzZQXt-oVXRejKGqej1aGPsKhI2KhnEJ","","","","The media should be analyzing claims and researching them against the factual data. Plain and simple, but even this simple function is not done by the modern media, preferring instead to throw its hands in the air and make the claim that ?it?s all the same? and simply allow those with the loudest megaphone to set the terms of the debate.","That's a quote from CNN's Bob Franken. A tour through his press think shows why I ask the Big Journalism Deans: if schools like yours are supposed to spread the gospel, how do they know they have the religion right?

National Review Online has a new media blog, and the editors are asking readers to help name it. My suggestion was Right Justified. I doubt they will use it.

They?ve assigned a young reporter to the blog, Stephen Spruiell, 25. He has a Journalism degree, a Masters in Public Affairs from the LBJ School at the University of Texas, and a bit of Washington experience. Plus, he?s written pieces for the National Review. I predict he is going to do well if he stays with the media blog and develops it. This post explains his approach: ?More than just looking out for liberal bias,? he says. Bravo. That would be an intellectual advance.

Most who are sold on one or another bias charge will duck the question (and some of you will duck it too) but here it is, anyway? a hard problem in press criticism.

You?ve told me how the press is biased, and you?ve also told me that a completely unbiased press is not possible in this world. In your view, what sort of bias should the American press have, given where it finds itself today?
This is not answerable in the religion of the mainstream newsroom. If Stephen Spruiell wants to go beyond looking for liberal bias he might take a crack at it. His corner of National Review Online debuted Tuesday. On Wednesday he wrote a clever item about an odd passage in Alan Feuer?s book, Over There: From the Bronx to Baghdad, published May 24.

Feuer is a New York Times reporter who was lifted out of the Bronx bureau and sent to Iraq at the start of the U.S. invasion. The book is ?Two Months in the Life of a Reluctant Reporter,? and portions of it are satirical about being part of the press pack.

The Feuer book, which I have not read yet, has gotten publicity for instances of literary license (see Regret the Error.) The book has a narrator. The narrator?s name is not Alan Feuer, but T.R., which stands for This Reporter. The book is voiced in the third person. ?T.R? did this. ?He? did that.

Feuer is said to have been inspired by Norman Mailer, who was said to have been inspired by The Education of Henry Adams (1918). When Mailer did it his narrator was called ?Norman Mailer,? or just ?Mailer.?

Feuer invents a new character T.R., which adds an additional layer of indefiniteness, and raises the question of what else might be invented. Matters aren?t helped when Feuer says he has written a ?book of recollected memory, not recorded fact.?

Skies darken for the author when New York Times spokeswoman Catherine Mathis, in response to questions from a New York Observer reporter, says that ?T.R.? is an unreliable narrator. She also says he was a reliable narrator back when he was reporting as Alan Feuer for the New York Times.

?In the book itself, Feuer acknowledges that he has taken liberties with his reminiscences,? Mathis wrote in an e-mail response to the Observer. ?We very much believe that is the case.?

If I were Alan Feuer?s agent, I would be asking myself: how did we misplay this? (Book agent with an opinion? E-mail me.) Because if Catherine Mathis is calling you unreliable and you work for the New York Times, you miscalculated somewhere.

One of those ?reminiscences? she talked about interested National Review?s new media blogger, as it interests me. Here?s the way Feuer, reluctant reporter, described a disagreement with CNN?s veteran correspondent, Bob Franken:

His quarrel with Franken had begun the very moment Franken had expressed his horror that Fox News anchors wore American flag lapel pins on the air.
?How can you be a patriot and a journalist?? Franken had asked. ?They?re mutually exclusive occupations.? T.R., who considered himself both, had asked why Franken could not love his country, to which had come the answer, ?America is not my country. I?m a citizen of the world.?

?Like Danny Pearl?? T.R. had asked. ?You are American, Bob? it is a nonnegotiable fact.?

?My goodness,? Franken had said. ?I think your employers at the New York Times would be horrified, horrified! to hear you say a thing like that.?

Which, if it happened that way, is quite the exchange. Thinking the story could be unreliable, Spruiell calls Bob Franken and asks him: did this happen? Franken doesn?t know he?s in Alan Feuer?s book. Franken says the story is not wholly accurate, but mostly. He says he didn?t say that being a patriot excludes being a journalist, or vice versa.

Franken said, ?What I said and what I meant is you can be a patriot and a journalist. My point was and is that we exhibit our patriotism by being journalists ? that is, skeptics? What I said was, ?When I?m reporting, I am a citizen of the world.??
In Franken?s view, ?Wearing an American flag while on the air leaves the impression that we are believing the U.S. government and not believing those who challenge the U.S. government, and that is a lesson we should have learned a long time ago from Vietnam ? that we have to be skeptical about claims no matter who makes them.?

I found this little tour through Franken?s press think mildly fascinating (especially the ?citizen of the world? part) and also timely for things I am trying to discern at PressThink. In my last post on Watergate as ?newsroom religion,? I described part of it:

In the daily religion of the news tribe, ordinary believers do not call themselves believers. (In fact, ?true believer? is a casting out term in journalism, an insult.) The Skeptics. That?s who journalists say they are. Of course, they know they believe things in common with their fellow skeptics on the press bus. It?s important to keep this complication in mind: Not that journalists are so skeptical as a rule, but that they will try to stand in relation to you as The Skeptic does.
Bob Franken is saying, ?I stand in relation to the U.S. military as skeptic does to unproven claim.? Attempts to question him about the exclusivity of this stance, other possible stances, or situations where ?skeptic? doesn?t apply will raise fundamental problems of belief and professional identity that are, in fact, untreatable within newsroom religion or CNN?s professional code.

Thus, a perfectly valid line of inquiry, ?how does a citizen-of-the-world philosophy interpret the case of Danny Pearl?? (along with ?You are American, Bob?) brings out in Franken a mild form of hysteria: ?I think your employers at the New York Times would be horrified, horrified! to hear you say a thing like that.?

By unanswerable within the religion I mean: there is no ?What J-School professors taught me?? reply. No safe, standard or given answer within the professional code. Journalists learn instinctively to steer away from matters the religion cannot handle. Spruiell had read my post:

Franken seems like a good journalist of the old school ? a tradition that lives according to certain dogmatic principles, which PressThink?s Jay Rosen explored over the weekend in a piece about Watergate and journalism education. Rosen explained that such principles (such as constantly placing oneself in opposition to the government, seeing ones role as journalist as ?carrying the mantle of the downtrodden,? etc.) are held to be ?non-political? beliefs.
In fact, these beliefs are laden with political implications. As frequent NRO contributor Tim Graham put it when I asked him about this story, ?Readers expect a certain amount of American-ness in their reporters. They expect that since the source of these reporters? liberties is the U.S. Constitution, then perhaps they owe the U.S. a tiny bit of loyalty.?

Not ?dogmatic? principles so much as ideas unconsciously, uncritically or superficially held. The preferred Watergate story I wrote about this week is an example of such an idea. ?Afflict the comfortable and comfort the afflicted? is another. ?We?re news, blogs are op-ed? another.

?Readers expect a certain amount of American-ness in their reporters.? Well, how much? (Tim Graham of NRO, do you know?) American-ness: sounds logical, but what kind? What is a good way of showing users that the journalism they?re getting has a country of origin, has roots?
?When I?m reporting, I am a citizen of the world.? (Bob Franken) Is it possible that good journalism, done to the proper professional standard, transcends national roots? Is citizen of the world a valid ID for an American journalist reporting from Iraq for CNN, and, if it is, what does its validity get you in journalistic situations? Does it have a payoff?
?We exhibit our patriotism by being journalists ? that is, skeptics.? (Franken.) Makes sense. But wouldn?t a skeptical, probing and independent-minded television journalist, wearing (let?s say defiantly) an American flag on his lapel, be exhibiting that dual identity Franken said he believes in: patriot and journalist? If your ID is American Skeptic, seems to me you?d want the flag to fly for you too.
?Wearing an American flag while on the air leaves the impression that we are believing the U.S. government and not believing those who challenge the U.S. government.? (Bob Franken.) Weird, pre-emptive statement. How does Franken know what image is left on the retina of viewers? I don?t think of the flag as a symbol of the U.S. government, but of the country as a whole. Does Franken think otherwise? If the press, instead of fleeing from symbols of the Republic, stretched the umbrella of their meaning over the skeptic, reporter and investigator roles, wouldn?t journalists be better off, politically?
CNN?s Bob Franken was embedded with the American military during the initial invasion of Iraq. Would he suggest that, dependent on U.S. soldiers for food, safety, transport, his life (not to mention his information) he stood toward them as Resident Skeptic? Is that even plausible?
An embedded reporter is in a severe state of a dependency. You cannot take the language of an independent press into that state and expect it to work. (But if that?s all the religion has, you might commit that error?) My problem is not the cultural right?s problem with Franken and colleagues, also one of Spruiell?s complaints. He says that a ?fundamental distrust of the military? has taken hold within the press.

I doubt this. People in National Review?s orbit should start distinguishing between mistrust of the Bush forces by the press, and when that may be in evidence, vs. mistrust of the (career) military. Here?s a Trudy Rubin piece that will help.

If you really had a ?fundamental distrust? of the American miliary, would you put your life in its hands by becoming embedded? I recall Franken?s reporting during the initial invasion, and he seemed to me in fundamental awe of the United States military. One of Stephen Spruiell?s readers agrees. ?When Franken was embedded with lead cavalry units during the initial Iraq invasion he was American and pro-American in spite of himself,? said E-mailer to NRO, Russ McSwain.

What alarms me is how superficial ?we?re the skeptics? is as self-understanding; and how thinly reasoned the religion can be. I believe it is trivial to call yourself a citizen of the world when you know about Danny Pearl, and what would happen to you if taken captive in Iraq. It can only be a pose, because on assignment that idea doesn?t get you out of Dulles.

Franken?s qualifier, ?When I?m reporting?? doesn?t help. Pearl was taken hostage when he was reporting, and not because anyone thought him citizen of the world. (Jew, American, reporter in that order.) If Franken believed what he said to Spruiell?being a skeptical journalist is a patriotic thing to do?then why would he need any ?citizen of the world? category at all, even temporarily? Just be patriotic.

The answer has to do with what I said earlier: Journalists over years of experience learn to steer away from what their religion cannot handle. Franken?s position is (in my paraphrase):

When I am out there reporting, America is not my country because I have to be as skeptical of the U.S. position as any other. I have to doubt the claims of the U.S. military as I would doubt the claims of the insurgents. Therefore I report as a citizen of the world.
But his religion, which tells him to disclaim all attachments, cannot compute Alan Feuer?s view, which I would call semi-attached. I paraphrase it, as it is close to my own:

When you?re reporting you?re an American and you?re never not an American, which does not give you license to be credulous of state authority or pro-government in your report. It means you are part of the political community. You only distort things or lose touch if you pretend otherwise.
Now here?s how Franken puts Feuer?s position, according to Spruiell?s notes:

?My problem with ?T.R.? is that he comes from the school that you are supposed to accept as a premise what the military and government tell you. I concluded a long time ago that you are as skeptical of what they say as anybody who is advocating a point of view.?
Right there? did you catch it? Franken puts his colleague T.R. in the (profane) true believer?s position (?accept as a premise?? ), thus taking the skeptic?s role (holy) for himself. The religion also says to approach all questions of attachment (you?re never not an American) as issues of de-tachment (?you are as skeptical of what they say as anybody.?) Fluency in the faith returns when you do it that way.

Similarly, if someone presses any particularistic ID upon you (?You are American, Bob?) you immediately deny it, for purposes of your reporting, and revert upward to the more ?general? category (?citizen of the world.?) Anytime you are accused of taking the view from somewhere, your faith requires you to say no, not true. You then re-assert the view from nowhere, the correspondent?s lonely burden.

And while all this is familiar, the unfamiliar thing is that rival belief systems are today out there bidding for journalists. Take 25 year-old Stephen Spruiell: blogger, reporter, critic, and, if he plays his hand well, future asset and traffic generator to the National Review site. Why isn?t he in the J-pipeline and headed for the St. Louis Post Dispatch or Chicago Tribune? Or take this guy, Ron Brynaert, a tenacious (lefty, stand alone) investigator with an instinct for where information and proof and the jugular are. He?s a natural: Why isn?t he on someone?s I-team?

One answer is: they don?t find room for themselves in the religion. Rival belief systems won them away. Maybe they find Big Journalism an unreliable narrator. Maybe they don?t buy what recent J-school grad Daniel Kriess (himself on his way to a PhD program) called, ?the crusading oxymoron of non-political populism.? And that?s why I keep asking the Big Journalism Deans: if schools like yours are supposed to spread the gospel, how do they know they have the religion right?


After Matter: Notes, reactions & links?
Mullahs: This is a Hoder Watch. So watch it. If anyone fits the category ?citizen of the world,? it might be Hossein Derakhshan, also known as Hoder. He?s the free-thinking Iranian writer and blogger (also a resident of Toronto, New York, the BBC and cyberspace) who decided to take a chance and return this week to Iran in the run-up to the elections there. Hoder, a leading voice amid the explosion of political blogs in Iran, will no doubt be watched by the regime and could face arrest or harrassment.

See his post: Going home, finally. He?s asking for support, which means writing about his trip as a way of warning the regime that we?re watching, as well as donations if you are so inclined. You now understand the reason for: Mullahs: This is a Hoder Watch. So watch it

UPDATE, Sunday am: Hoder e-mails: ?Thank you so much Jay. I?m really honoured. I?m now in Tehran in my parents home. Everything is ok. But hoder.com is indeed filtered!?

At NRO, Stephen Spruiell gives an answer to my question: what sort of bias should the American press have, given where it finds itself today? See: A Journalism of Transparency. (June 13)

In comments, dialing in is Harry Shearer, comedian, radio host, and press blogger for the Huffington Post:

You quote a National Review writer thusly: ?Readers expect a certain amount of American-ness in their reporters. They expect that since the source of these reporters? liberties is the U.S. Constitution, then perhaps they owe the U.S. a tiny bit of loyalty.?
Don?t conservatives, and Christians, and the Founders, believe that the source of these reporters? liberties (and those of the rest of us) is (to use one formulation) Nature and Nature?s God, not the Constitution? Isn?t it an article of conservative faith that it is liberal dogma to suggest that rights originate in government or in government documents, even founding documents? Shouldn?t the guy from National Review get his theology of rights straight?

Good questions. See Brian O?Connell?s reply. First to comment on this post was Oliver Willis: ?Why should Spruiell bother going into journalism when he can sit back and draw a nice paycheck from the conservative apparatus for simply echoing the ?liberal bias? charge with his fellow right-wingers??

I asked Willis: In your view, what sort of bias should the American press have, given where it finds itself? His reply:

The media should be analyzing claims and researching them against the factual data. Plain and simple, but even this simple function is not done by the modern media, preferring instead to throw its hands in the air and make the claim that ?it?s all the same? and simply allow those with the loudest megaphone to set the terms of the debate. Right now, the right?s megaphone is loudest which is why I?ve been trying to get my side to get equally loud?.
Frankly, we can do all the hoping and pining for the long lost responsible media but it isn?t ever coming back. The press is useless and has to be played.

Willis at his blog (Beat the Press) says he now agrees with the Bush White House: the press is just a special interest: ??it should now be clear to progressives that the media is most definitely a special interest group that you need to slap around in order to get democracy accomplished.?

Steve Lovelady, managing editor of CJR Daily, in comments:

I don?t think this is real tricky.
Obviously, the job of the reporter is to report what he sees in front of his eyes, whether it redounds to America?s credit or not.

Reporters (in Iraq or anywhere else) have one responsibility, as John Kifner, probably the best reporter at the New York Times, explained it long ago: ?Go. See. Come back. Tell.?

That?s really about it.

Right. This I would call the ?soft? anti-intellectualism of newsroom religion, the same sort of attitude that calls a think piece a ?thumbsucker.? It?s more of a pose struck than a serious position, however.

?Franken is claiming to be a citizen of the world, a citizen of everywhere. Instead, he is a citizen of nowhere.? Ernest Miller responds to this post at Corante. He concludes: ?Wouldn?t it better and more honest to say, ?When I?m reporting, I am fulfilling my duties as a citizen of the United States???

Mark Anderson also has a response at his Poor Richard?s Almanac:

American news media is unquestionably one of the most parochial, narrow-minded news media systems on earth (They certainly fall short of Britain, France, Germany, and Japan in range of widely disseminated opinion). The idea that the most serious problem facing it is detachment from the US boggles the mind.
The most serious problem? I don?t know where Anderson got that.

Jeff Jarvis responds to this post: At the Temple.

The problem with this objectivity doctrine is that reporters and editors didn?t just make themselves adherants of a religion, they made themselves monks, even gods: higher beings who do not suffer from the human foibles of opinions and viewpoints and who think having open conversations with those who do is below them.
But the truth is that they are Americans covering an American war and smokers covering a smoking ban and Catholics covering church sex scandals and Jews covering Israel and citizens covering politics. They are not above or apart from us. They are us.

Read journalism professor Andrew Cline?s confession: I haven?t been teaching the religion.

Dean Esmay responds:

In short, the press used to want us to succeed, saw themselves as part of it, and it showed. Even when you read the great Ernie Pyle?s work, while it was often skeptical, you had no doubt for an instant that Pyle considered himself an American first and foremost.
Esmay points to Arthur Chrenkoff, ?a Polish-born Australian? who is doing ?the job our own press should be doing every day,? by which he means news about progress and signs of life in Afghanistan and Iraq.

On that theme see also my post from May, 2004: The News From Iraq is Not Too Negative. But it is Too Narrow.

Previous PressThink posts on the religion of the newsroom:

Deep Throat, J-School and Newsroom Religion (June 5, 2005)
Journalism Is Itself a Religion (Jan. 7, 2004)","TRUE","",""
"PRESSTH-0456","PressThink: ""I?m Not Going to Talk About the Back Story.""","http://archive.pressthink.org/2005/12/24/spy_nyt_p.html","Jay Rosen","12/24/2005","PressThink","","","TRANSPARENCY","Article","text","3179","","""I?m Not Going to Talk About the Back Story."" Bill Keller is a ""watch our pages"" man. That is how he would prefer to answer your question about the Times, whether you are a reader in Chelsea, a reporter for Salon, or Charlie Rose. With him the stoic conceit continues, but under conditions of greater...","This article critiques the New York Times's lack of transparency regarding its decision to publish a story about the NSA's warrantless surveillance program.  The author highlights the Times's initial reluctance to explain its decision-making process, contrasting this with subsequent reporting from other news outlets that revealed details the Times initially withheld.  The author argues that the Times's lack of transparency damages its credibility and contrasts its actions with its own internal recommendations for improved communication and reader engagement.","Politics & Democracy, Journalism Theory & Practice, Press & Media Criticism","The People Formerly Known as the Audience","","The Rise of the Web & Blogging","Commentary/Critique","bill keller, george w. bush, journalism ethics, nsa, press criticism, transparency, Bill Keller, NSA, New York Times, media credibility, national security, new york times, transparency, warrantless surveillance","","State of War: The Secret History of the CIA and the Bush Administration, Preserving Our Readers? Trust: A Report to the Executive Editor","","Jay Rosen","","","2025-06-30 21:20:43","https://drive.google.com/drive/u/0/folders/1rzZQXt-oVXRejKGqej1aGPsKhI2KhnEJ","","","","It is serving your audience and the American public to uncover something like warrantless wiretaps that evade the law, and to force the President to explain himself.","Bill Keller is a ""watch our pages"" man. That is how he would prefer to answer your question about the Times, whether you are a reader in Chelsea, a reporter for Salon, or Charlie Rose. With him the stoic conceit continues, but under conditions of greater transparency it makes a lot less sense.

(New post alert, Jan. 1. Times Public Editor: Bill Keller Stonewalled Me.)

You can find the latest on the transparency gap at the New York Times by reading Editor & Publisher, and Salon (where I am quoted.) The facts so far: On Dec. 15, the Times published an important story that hit official Washington hard: Bush Secretly Lifted Some Limits on Spying in U.S. It said that the National Security Agency has since 2002 had the authority to eavesdrop on Americans and others inside the United States without a warrant because President Bush decreed it. The story was based on confidential sources.

?Without a warrant? prompted Senator Arlen Specter to promise hearings in the Senate, and outraged others in Congress. ?There is no doubt that this is inappropriate,? Specter said. Questions immediately arose about how the story came to be, and especially why it appeared now. (Days before a vote on the USA Patriot Act, the same day as the elections for parliament in Iraq.) But also: should any newspaper be revealing secret programs intended to stop another terror strike? The Times did not take the lead in addressing those questions. In fact it said very little, so others began to fill in the picture.

On Dec. 17 Paul Farhi of the Washington Post reported that the revelations about the NSA are in a forthcoming book, ?State of War: The Secret History of the CIA and the Bush Administration,? by James Risen, the lead reporter on the wiretapping story. The Times account hadn?t mentioned that.

On Dec. 20, James Rainey of the Los Angeles Times reported that ?editors at the paper were actively considering running the story about the wiretaps before Bush?s November showdown with Democratic Sen. John F. Kerry of Massachusetts.? The Times and Keller had said the key facts became known ?a year ago.? Writers at the Times who talked to Risen?alas, no names?said that was inaccurate. NPR also had the same information.

On Dec. 20, it was reported by Newsweek?s Jonathan Alter that ?the president was so desperate to kill The New York Times? eavesdropping story, he summoned the paper?s editor and publisher to the Oval Office.? A significant fact, adding drama and raising the political stakes. The original had said only, ?The White House asked The New York Times not to publish this article.?

Then Gabriel Sherman of the New York Observer reported on Dec. 21 that ?according to multiple Times sources, the decision to move forward with the story was accelerated by the forthcoming publication of Mr. Risen?s book.? Sherman added the date of Bush?s meeting with Times bosses?Dec. 6?and said Washington bureau chief Phil Taubman was there too.

In each case it appears the New York Times knows the news, but withholds it. Sherman wrote that discussion of the wiretap story ?has been off-limits since it was published.? A source in the Washington bureau was quoted: ?Someone on high told reporters not to talk about it.? Why? We don?t know. Heavyweights in journalism can?t figure it out. I certainly can?t. And the newspaper won?t say much.

The Times did issue a statement from Keller on Dec. 16, the day after the story was published on the Web. It told part of the history. The paper was initally persuaded not to publish on national security grounds. The Administration said: if you run this story, it will harm intelligence collection; also, nobody who knows the facts doubts that we?re legal. Keller said further reporting convinced the Times that it could publish without harm to national security, and that reservations about warrantless espionage by the NSA were felt in many parts of the government.

In this statement Keller began to make a case for the soundness of Times judgment (which includes the slowness of Times judgment) but it was brief, nothing but a down payment on a full defense of the article and the reasoning behind it. And Keller?s statement had none of the facts later uncovered by Farhi, Rainey, Alter, and Sherman.

?The publication was not timed to the Iraqi election, the Patriot Act debate, Jim?s forthcoming book or any other event,? Keller told the L.A. Times in second statement. ?We published the story when we did because after much hard work it was fully reported, checked and ready, and because, after listening respectfully to the administration?s objections, we were convinced there was no good reason not to publish it.? The Observer?s account contains this:

After The Times decided not to publish it at that time, Mr. Risen went away on book leave, and his piece was shelved and regarded as dead, according to a Times source.

?I?m not going to talk about the back story to the story,? Mr. Keller said by phone on Dec. 20. ?Maybe another time and another subject.?
The back story? I know what he means, but it?s hard to call it a ?back story? when the president of the United States confronts the publisher of the New York Times over freedom of the press, national security, and possibly another leak investigation. (Bush later said the disclosures were ?shameful.?)

Obviously there are things the Times learned that it cannot tell us about the NSA, and about its conflicts with the Administration. This may account for some of the silences and gaps. But what Keller, and his crew, and Sulzberger with his ally Catherine Mathis (Times spokeswoman) don?t seem to get is that the Times could signal to readers when it knows it?s not leveling with us.

?When you think of the New York Times, transparency is not the first quality that leaps to mind, but they have to explain themselves,? said Tom Kunkel, dean of the J-school at University of Maryland and a former newspaper editor. ?Even if you can?t tell them something, in my experience news consumers always appreciate it when you make an effort to explain why you can?t.?

I?m sure there?s a story to this chronic lack of transparency at the Times. At least part of it is a matter of public record. In May, 2005, deputy managing editor Al Siegal led a committee of Times people?heavily weighted toward the Washington bureau?who examined ways of ?preserving our readers? trust.? It was an attempt to come to grips with credibility problems the Times itself had identified after going over the crash sites: Wen Ho Lee, Jayson Blair, the Howell Raines regime, the WMD story? but not yet the fall of Judy Miller.

The report (available as a pdf file) was called Preserving Our Readers? Trust: A Report to the Executive Editor. (That would be Keller.) News accounts about it focused on confidential sources, and the rules governing their use, but an equally powerful theme was transparency? and how to create a ?dialogue with our publics.?

Listen to these recommendations from twenty of Keller?s best people? the Credibility Group:

?First, there is much the paper can do to consolidate its readers? trust. We start with being more open and forthcoming.?
That really hasn?t happened. And so the ?consolidation of trust? isn?t happening, either.

?Explaining ourselves actively and earnestly to our various publics can only strengthen the bond between the Times and its loyal readers.?
Actively and earnestly means you don?t treat the demand for explanation as a threat, an option, or something to do only in a generous mood. It means you explain willingly so people know how you operate. If they know how you operate they can more easily decide to trust you.

The Times is hardly clueless about this, as Farhad Manjoo pointed out in Salon. Just last week, Kurt Eichenwald wrote a ?Reporter?s Essay,? a companion to his investigation of Webcam porn and kids. It?s an explainer for his complicated interactions with Justin, the exploited teen he wrote about and helped.

Anyone who pays attention to American politics could predict that a story based on leaks about a classified program the president wanted would get intense scrutiny and probably come under attack. And on Dec. 17, Texas Republican John Cornyn denounced the Times on the floor of the Senate: ?It?s perhaps not a coincidence that just before the vote for the cloture on the reauthorization of the Patriot Act, the New York Times released this story.? Cornyn also said the Times was trying to push Risen?s book. (See David Folkenflik?s report for NPR.)

But with ?Bush Secretly Lifted? there was no Eichenwald-style explainer, just one paragraph:

The White House asked The New York Times not to publish this article, arguing that it could jeopardize continuing investigations and alert would-be terrorists that they might be under scrutiny. After meeting with senior administration officials to hear their concerns, the newspaper delayed publication for a year to conduct additional reporting. Some information that administration officials argued could be useful to terrorists has been omitted.
Alex Jones, a former reporter for the Times, and a biographer of the ruling family, noticed it. ?It?s as though there are two Times minds at work here,? he told Salon. The first is stoic, and hostile to ?meta? communication, which in this view detracts from the primary work. Traditionally (that is to say up until the ground shifted beneath them a few years ago) the editors of the New York Times tried not to talk about the New York Times, or indeed to ?notice? it, and you saw little in the way of self-examination. It just came out with more journalism.

In that era, the ideal answer to any question about faulty reporting or editorial priorities was: watch the paper. Don?t ask us to talk about it; we?ll just give you non-replies. In Ken Auletta?s recent New Yorker profile of Sulzberger, he quotes Keller at a November staff meeting saying he was concerned about ?orgies of self-absorption that distract us from our more important work.? That being open about decision-making counts as newsroom narcissism is also part of the stoic view.

Bill Keller is a ?watch our pages? man. That is how he would prefer to answer your question about the Times, whether you are a reader in Chelsea, a reporter for Salon, or Charlie Rose calling. With him the stoic conceit continues, but under conditions of greater transparency it makes a lot less sense. This is what the leaks from his own newsroom are telling him.

The Times of the 21st century does talk about itself? sometimes. (A famous example.) This is what Jones meant by two minds. It knows how to run an explainer laying out Kurt Eichenwald?s dealings with sources, and opening up for examination?and criticism?the ethical calls he made. But then on other occasions, with higher stakes, it ?forgets? it knows how to be self-scrutinizing and goes back to the era of ?the Times doesn?t talk about itself.?

In fact, the golden age of self-examination at the New York Times began in 2000 and is still going on. But something is wrong in the execution. Which is why PressThink ran Ron Brynaert?s guest post: Does the New York Times Have a Learning Disability? (Oct. 31)

?The executive editor and the two managing editors should share responsibility for writing a column that deals broadly with matters about the newspaper. The column should appear regularly in a fixed spot, ideally every other week and perhaps on Page 2 of the Week in Review or alternating with the Public Editor in his space.?
This column by the top of the masthead never happened. And as a result Keller?s preferred method of addressing Times readers about matters of public controversy is the leaked memo to staff that finds it way to Romenesko within ten minutes of his pushing send, and then becomes news. Why he has chosen this method is not clear to me. Twenty of his best people told him in May 2005 that he and his team should be alternating with the public editor, in a column that spoke directly to the issues of trust, openness and authority that so vex the Times today. Such a forum would have been very useful in the summer and fall of 2005.

?The newsroom should establish a coherent, flexible system for evaluating public attacks on our work and determining whether they require a public response, and in what form.?
This was political realism by the Credibility Group. They wanted to do away with the pretense that ?the work speaks for itself.? (Therefore you shouldn?t talk about it.) The Group said it straight out: ?We strongly believe it is no longer sufficient to argue reflexively that our work speaks for itself. In today?s media environment, such a minimal response damages our credibility. Critics, competitors and partisans can too easily caricature who we are and what we do. And loyal readers gain no solid understanding of what the truth really is.? But this strong belief?backed by a sharp analysis?was not enough to move Keller, Sulzberger and Mathis.

?Nytimes.com should conduct frequent Q & A forums with department heads and other senior editors.?
Didn?t happen. The Washington Post does 30-35 live discussions a week: Q & A with editors who oversee coverage, reporters who cover the news, and columnists like Dan Froomkin and Dana Milbank. This innovation hasn?t come to the Times.

?Explore the possibility of creating a Times blog that promotes a give-and-take with readers while satisfying the standards of our journalism.?
Didn?t happen. The post.blog was able to air the controversy involving Dan Froomkin and John Harris, and it gave readers a place to talk back to the Post with a vengeance. A Times blog would be equally valuable on occasions when there is controversy about the Times? although it has to be done carefully. Instead there?s this.

?The newspaper should improve our interaction with television and radio programs. We should devise a strategy governing when and where it makes sense for us to be on TV and radio.?
That means Keller does ?Newshour? on PBS the day after the wiretapping story is released, and brings the reporters with him on ?Charlie Rose? the same night, while others well briefed?investigations editor David Barstow, Washington bureau chief Phil Taubman?head to ?Nightline? and ?Larry King.? The works speaks, and then you speak for it. It has authority because you respond with authority when asked tough questions about judgment calls.

?We need to be more assertive about explaining ourselves ? our decisions, our methods, our values, how we operate. We need to do this with regularity and in a variety of forums. We particularly need to do this at times when we are not under attack.?
Don?t heal yourself, just hear yourself, New York Times. ?With regularity.? ?Variety of forums.? ?More assertive about explaining.?

?We fully accept that there are those who love to hate The Times. Though there may be no dissuading them, often there is value in engaging with more open-minded critics.?
If you don?t have online Q and A?s, and you don?t go on the air to explain, and you don?t answer reporters questions, and you don?t have a blog where you can discuss it, and you don?t want to go into the back story because that wouldn?t be stoic? then how is engagement with open-minded critics going to ever take place? In soundbites and one-paragraph faxes and Eric Lichtblau telling Salon, ?I?m afraid we?re referring all calls to Catherine Mathis in corporate PR??? Not likely.

It?s tempting for Times people to say: no matter what we say, we are going to get slammed by the left and the right. But that?s an excuse for devaluing all criticsm. The Credibility Group grasped how lame that was.

?Productive communication is certainly possible with a much larger body of people ? readers and nonreaders alike ? whose opinions of The Times are not so fixed. We should focus our efforts on them, with the goal of making it far easier for them to see more than unanswered attacks on our ethics and professionalism.?
Hear, hear.

The modern era of transparency at the Times began with a curiosity, an editor?s note (called an ?assessment?) about the coverage of Wen Ho Lee that took note of certain problems and regrets. (See PressThink, From Wen Ho Lee to Judy Miller.) It was a strained performance for those accustomed to the luxury of ?we don?t talk about ourselves.? Among those who had to talk about the editor?s note?an unprecedented revision in a pattern of coverage?was Bill Keller, then the managing editor. Here?s what he told a New York Observer reporter who had asked about after-effects:

If you mean, are we going to back away from aggressive investigative reporting, the answer is an emphatic, categorical ?No.? If you mean are we going to select a scapegoat to hang for shortcomings in a generally excellent body of reporting, the answer is an equally emphatic ?No.? Beyond that, your answer will be in the paper. Watch our journalism.
Watch our journalism worked in its day. But for capturing what was wrong with ?we don?t talk about the Times,? the better source is reporter Jeff Gerth, who wrote a lot of the Wen Ho Lee stories that were assessed. Gerth said to Howard Kurtz, who wanted to know what he thought about the editor?s note: ?I don?t talk about the Times? business, but as a reporter I?m glad that other people talk about theirs.?

I don?t think there?s any future for an attitude like that. People don?t trust its one-wayness. If the Times can?t learn to converse its troubles are going to get worse.


After Matter: Notes, reactions & links?
New PressThink, Jan 1. Times Public Editor: Bill Keller Stonewalled Me. ?Let?s remember, as we contemplate public editor Barney Calame?s stinging Jan. 1 column, Behind the Eavesdropping Story, a Loud Silence, that Bill Keller hired Calame and he?s the only one who can fire him??

Late breaking link! Editors weblog: The difficulties of increasing newspaper transparency.

How does transparency work?

Let?s take Bush Secretly Lifted? Here?s my quick sketch.

The editors, also called the Masthead, assign a reporter to do the back story?the internal-to-the-Times part?which should run when the main event runs. That reporter?s job is to avoid getting scooped on what happened at the Times. Given the events of this year, it seems obvious that an outsider hired on a contract basis would work best. To expect Times people to report on their bosses is inhuman.
The Mastead itself and, through its directive, everyone else at the Times has to cooperate with the backstory reporter so as to produce a more complete and truthful account. The same person writes follow-up stories as the Times itself enters the news stream.
Several of the editors make themselves available in the first two days for interviews, call-in shows, online chats, and television programs, dividing up the work of explaining and justifying the journalism the Times just did, while making the case for its significance, like Keller began to do here.
The executive editor designates one journalist involved in the story?on rare occasions himself, a subeditor, maybe a writer he trusts?to more actively engage in the debate that follows from publication, and to stay with it for as long as it lasts. The point person responds to Times critics when they have a point, and goes on the offensive when the story is unfairly attacked.
Meanwhile, on the Web side, Nytimes.com prepares a concise and carefully written FAQ that has all the key facts about the story, statements from the editors answering questions smart readers would have, the historical and background material (in this case the history of the Times restraining itself at the request of the White House) and links to the additional journalism the Times has presented around and after the main story? a home page for larger narrative. This page needs separate sections for the criticism and reaction in the press, and blogger reactions.
The Times should have its own Scoble, Microsoft?s in-house blogger with a large readership. The Scoble Figure tracks the politics of the story?s reception online, accumulates links to what?s being said about it, combats false information circulating on the Web, and engages in argument, sometimes criticizing the Times, sometimes defending it, and sometimes having two?or more?minds. In other words: a real person who can react in real time.
The Scoble-Blog, the FAQ page, the online Q and A?s (and the Public Editor?s web journal) would all have comments as well, so that reader discussion of the Times takes place at the Times. To Scoble-ize the New York Times would probably be the best early warning system the newspaper could have.
Tim Rutten of the Los Angeles Times says transparency is a crock and the nation is full of paranoids making like press critics.

The New York Times deserves thanks and admiration for the service it has done the nation. Instead, it?s getting bipartisan abuse and another round of endless demands for explanations and ?transparency.? (In case you haven?t noticed, ?transparency? is this year?s ?closure.?)
For a different view see Editor & Publisher.

CJR Daily weighs in: ?Bush?s intervention to try to stop newspaper stories in the works is not just a ?back story.? To the contrary, a case can be made that it is the real story. In both instances, it is clear, even just from the surface evidence, that the White House had a part in dissuading the editors from, in the Post?s case, running a crucial piece of the story, and in the Times? case, from running the story at all for more than a year.?

Howard Kurtz talks about the back story with Keller (Dec. 26 column):

?The decision to hold the story last year was mine,? Keller says. ?The decision to run the story last week was mine. I?m comfortable with both decisions. Beyond that, there?s just no way to have a full discussion of the internal procedural twists that media writers find so fascinating without talking about what we knew, when, and how ? and that I can?t do.?
Kurtz also reveals a meeting between Bush and Leonard Downie that Downie won?t confirm.

Don?t miss Digby on Deborah Howell. A brilliant rant about a frustrating, play-it-safe ombudsman-ee column on military recruiting stats.

Related PressThink? Guest Writer Steve Smith: Fortress Journalism Failed. The Transparent Newsroom Works. (Nov. 23, 2005)

Tom Maguire, They?re Not Going To Stop:

Look - my inner geek is finding this to be very interesting. But is there any way in the world that the Times can be persuaded that this just might not be in America?s best interest, even if it has some slight potential to embarrass Bush?
I only ask as a concerned citizen; as a vicious partisan, I think the NY Times, in combination with the Moore-Streisand wing of the party, is pushing the Dems off a cliff.

What is the Dem message here? ?Oh my gosh, that evil Bush is spying on Al Qaeda and anyone who talks to them - as Democrats, we will never do that!?

Maguire says the Times is engaged in a ?war on America.? Dean Esmay goes further: ?Exposing such a secret program is not whistle-blowing?it is high treason.?

Here are the questions and answers I sent to Salon for this article by Farhad Manjoo:

When is it OK to bow to the government in such matters? I don?t think we know enough about what the Bush Administration told the Times to know if it ?bowed? to pressure or behaved responsibly.
Should the Times have printed its piece before the election? The information we have does not permit me to say. I don?t know what national security concerns may have caused the Times to delay, do you? There could be a lot more to it than we know. However, it would be pretty bad if the Times had the wiretapping story before the ?04 election but tried to tell us it didn?t when finally it decided to publish in 2005. That would be deceiving your readers. So I?m worried about that.

Is it serving its audience well now? Very well, yes. It is serving your audience and the American public to uncover something like warrantless wiretaps that evade the law, and to force the President to explain himself. When Congressional committees announce investigations, Senators push back, editorialists condemn, rival reporters get busy, and a storm of protest follows from publication of the story, the Times is the one making this explosion of democracy possible. It all has a common source. That is public service at its highest level? if the story holds up.

Where the Times is not serving readers well is explaining what happened in the struggle to get the story out. Here I see the same mistakes that were made during the Miller crisis? getting beat on news you own, giving out as little information as possible, devising explanations that don?t explain, limiting the authorized speakers to a two or three, forcing candor to come from confidential sources, and behaving like we?re lucky to get what little they give us. I find it baffling and counter-productive in the extreme.

James Bowman, writing in the New Criterion: What ?Objectivity??

According to Katharine Q. Seelye, writing the paper?s own account of the [May 2005] report, it had ?recommended taking a variety of steps, including having senior editors write more regularly about the workings of the paper, tracking errors in a systematic way and responding more assertively to the paper?s critics.? Apparently there was no sense of contradiction on the part either of Miss Seelye or the Times between the objective of ?preserving our readers? trust? and ?responding more assertively to the paper?s critics,? though surely on the face of it trust would seem to be more likely to be preserved if the paper adopted a stance of humility rather than assertiveness towards its critics.
Media Bistro asked media observers for predictions on what might happen in ?06. One of mine was: ?The paths of The New York Times and The Washington Post will continue to diverge. (65 percent probability)??

Finally, the Daily Peg has essentially gone dead but Texas Gigs is more alive.","TRUE","",""
"PRESSTH-0457","PressThink: ""Digby, if You?re Reading This, Send Me an E-mail."" A Book Editor On Why He Loves Weblogs","http://archive.pressthink.org/2005/03/08/nlsn_blg_p.html","Eric Nelson","3/8/2005","PressThink","","","APPEARANCES","Article","text","1518","","""Digby, if You?re Reading This, Send Me an E-mail."" A Book Editor On Why He Loves Weblogs Eric Nelson is a Senior Editor at John Wiley and Sons, specializing in current affairs and history. Here he explains why he reads blogs obsessively, and why you don't do a book deal with the big name columnist...","This article discusses the phenomenon of 'handsell books'?books that achieve success without large marketing campaigns?and how blogs have democratized the discovery and dissemination of information, challenging traditional media gatekeepers.  The author highlights how blogs allow insightful content to gain traction organically through reader recommendations and online discussions, creating a new pathway for success that bypasses traditional media channels and their inherent biases.  He also touches on the New York Times' purchase of About.com, illustrating the changing media landscape and the increasing importance of online platforms.","Audience & Public Engagement, Technology & Digital Media, Press & Media Criticism","Audience atomization overcome, The People Formerly Known as the Audience","","The Rise of the Web & Blogging (2000-2009)","Commentary/Critique","audience engagement, digital media, handsell books, information age, insight, traditional media, About.com, New York Times, bestseller lists, blogs, blogs, handsell books, media democratization, online journalism","Jay Rosen","","","Jay Rosen (likely, as it's published on PressThink)","","","2025-06-30 21:21:06","https://drive.google.com/drive/u/0/folders/1rzZQXt-oVXRejKGqej1aGPsKhI2KhnEJ","","","","In real estate, its location, location, location. In publishing, its insight, insight, insight.","Eric Nelson is a Senior Editor at John Wiley and Sons, specializing in current affairs and history. Here he explains why he reads blogs obsessively, and why you don't do a book deal with the big name columnist to whom no one links.

Special to PressThink

?Digby, if you?re reading this, send me an email.?

by Eric Nelson

In the publishing industry, we often talk about the mythic ?handsell? book. These are those very few books that find astonishing success without a six-figure marketing campaign, Daily Show appearance, established author following, or can?t-miss topic. If you look at any best-seller list, it?s typically occupied by people who have already written bestsellers, or celebrities of some other sort. Most bestsellers typically hit their sales peak the first week out. Think Jose Canseco, Jon Stewart, and Malcom Gladwell.

Some books, however, beat the odds and win readers over one at a time. Editors, marketing, sales, the chains, TV bookers, and review editors?the experts?all decide a book won?t find a huge audience, but that audience begs to differ. One enthusiastic reader after another recommends it to a friend until it climbs onto the bestseller list.

These few, benighted books often hit their sales peaks long after they?ve hit bookstore shelves. Reading Lolita in Tehran, for example, currently sells ten times as many copies each week as it did the first week. The odds are against this, but it does happen. And every editor harbors the dream that each new book they publish will suddenly become that handsell book.

The phenomenon can happen with movies, bands, and television shows. But before the internet, that simply couldn?t happen with a Paul Krugman column. If you didn?t get The New York Times that day, you were out of luck. If the buzz builds quickly, he might get to recap it that night in an interview on PBS, but that?s your best shot. If that amazing column ran in the Denver Post, you?re not even likely to hear about it second or third hand from a friend. And if you?re middle-aged college professor, who happens to have an expert insight, but no real access to major media, forget about it.

Blogs have changed that because they rarely miss out on anything good. With blog-tracking tools like Daypop, Blogdex, Technorati, and even The New York Times most-emailed rss feeds, I feel like I never miss what everyone else is talking about.

Every blog I read obsessively is a handsell. I started reading Kevin Drum, Digby, Jay Rosen, Daniel Radosh, Ruy Teixiera and others because so many other bloggers said they were good (and good every day) not because of the big, branded marketing apparatus connected to them.

There?s one story I like to tell people when they ask me why I?m so enthusiastic about blogs. A number of years ago, on a trip to DC, I met with the then Washington Editor of The American Prospect, Josh Marshall. It was a good gig, but not one that gave him much room to breathe. He was limited in what he could write about and how often. He was also writing for a smallish audience, and with ideological expectations placed on him as a staff member at an opinion magazine with semi-official positions on everything.

Over dinner, he told me that what he really wanted was a column. Everyone out there with the gene for wonkiness wants a column, I stupidly told him, but you have to earn it. He wanted a column soon, and he felt sure that if he had one, a lot of people would want to read it. I liked Josh?s writing and reporting, and I did believe some day he?d get there. But I knew no sane editor would take a chance on someone so early in his career to write a column.

Obviously, a few million pageviews later, we know he was right, and all those sane editors were wrong.

On the other hand, there are some major newspaper and magazine columnists, whom I won?t name, but I never see them linked to, ever. These people are all ?famous,? but to me, if absolutely no one is blogging your stuff, no one?s reading it in the paper either.

For my job, it?s very important to know what and who everyone?s reading. That?s why I actually check Daypop before I read any specific blogs. I know what new stories are drawing interest, and for a major story, which article is possibly the best one. It also never fails to provide us with something quirky, but fascinating, like the story of the woman in Texas who killed her husband with a port wine enema.

In real estate, it?s location, location, location. In publishing, it?s insight, insight, insight. When a reader picks up a book, they don?t just want to know about a subject, they want to understand it. Even those hot new biographies you see advertised promising new information from uncovered archives or letters, only sell because of what that new information means. No one would want a whole book about Nixon?s newly uncovered dental records, unless they revealed something important about him. (Like he had microphones in his teeth.)

The book that sells the best on a hot new topic, like terrorism, is usually the one with the clearest insights. And now, the article or blog post with the clearest insights is often the most widely read one as well.

One idea I?m always pitching to Jay, and anyone else who will listen, is that we?ve moved from the ?Information Age? to the ?Age of Insight.? When Bush announced his budget, for instance, you could get that information from any one of thousands of sources. But a handful of people presented the best explanations (left and right) of what his budget really means. Because of blogs, it?s easy to figure out who those people are, and sometimes they?re even bloggers.

Beyond that, I read them for the same reasons everyone else does. Blogs catch the stories that fall through cracks. They don?t fall into press release journalism, or at least not the blogs we all actually read. That great turn of phrase, picture, slogan, or cocktail party argument you couldn?t have found somewhere else, you find in blogs.

I?m sure any bloggers reading this were hoping that I?d end with all the contracts I?ve offered, or plan to offer, to bloggers. I have made offers to writers with blogs, but never someone who?s blog was his only, or even main, qualification. The fact remains that most of the top bloggers, the people I?d want as authors, have or had a day job as a pundit.

If Andrew Sullivan and Jeff Jarvis, two former major magazine editors, aren?t the mainstream media, then I don?t know what that term means. The truth is most bloggers are editors, picking the best bits of the web to show their readers; they are not reporters or architects of elegant policy arguments. The ones that are reporters and architects, usually have a pretty good non-digital resume to back it up.

That said, Digby, if you?re reading this, send me an e-mail.

Eric Nelson is a Senior Editor at John Wiley and Sons, specializing in current affairs and history.


After Matter: Notes, reactions and links?
Ken Smith, at Weblogs in Higher Education, responds to this post.

G as in Good H as in Happy (?reflecting an Austin, TX lawyer?s interest in ethics, personal coaching, the flow experience, NLP, communication, and particularly and generally, happiness?) responds to Nelson:

We are part of the private, recent, non-geek, non-old-boy bloggers, with insignificant stats, who think aloud in public, becoming a part of varied conversations, adding a nano-gram to consensus or controversy on certain subjects, and occasionally achieving a mini-scoop by virtue of observation or privileged access in our own circle.
When in retrospect blogs are evaluated, we believe it will be this kind of ordinary educated citizens? distributed intelligence with its impact on the market and the polity, including the expressive content of millions who also read the expression of others, that will have rumbled the tectonic foundation of our common life.

Mark Glaser, columnist for Online Journalism Review, About.com CEO explains why NYT spent $410 million to buy site. How About.com trains and uses its ?guides,? why the guides invest in building their page views, competition from Wikipedia, and many other subjects. Extremely informative, if you are interested in the Times deal for About.

PressThink was interested on Feb. 20: A Little Detail in the Sale of About.com to the New York Times.

Jeff Jarvis gave this report about a conference we were both at with Len Apcar, Editor of the New York Times site:

Len Apcar, editor in chief of NYTimes.com, said he is ?ecstatic we bought About.com because it says the New York Times is not a newspaper company.? That?s provocative and it?s right. The New York Times is a news company, an advertising company, an audience company, a company in need of diversifying its ad base and in need of new sources of growth; it is and must be more than paper?
More than one person in this room saw the About.com and the Dow Jones/Marketplace deals as very important for the future of old media (though Len also said that Marketplace was necessary to Dow Jones because its pay model is a ?failed model?).

What Apcar also said?I thought it was a juicy piece of news?is that the Times Company had the chance to purchase a major metropolitan newspaper (which he did not name) that suddenly came on the market. The Company declined in favor of the About deal.","TRUE","",""
"PRESSTH-0458","PressThink: ""None of us knows what this is going to turn into. By everyone?s hope, it won?t be Chicago 1968.""","http://archive.pressthink.org/2004/08/27/rnc_jitter_p.html","Jay Rosen","8/27/2004","PressThink","","","DIGITAL","Article","text","620","","""None of us knows what this is going to turn into. By everyone?s hope, it won?t be Chicago 1968."" For TV news, the concern is not how to cover all the possible protests around town. It's ""inciting disruptive behavior by showing up with cameras."" And it's losing control of the convention telecast to events outside....","This article discusses the heightened security and anxieties surrounding the 2004 Republican National Convention in New York City.  Major news organizations were concerned about the potential for protests and violence, leading them to take precautions such as fortifying their headquarters and avoiding prominently displaying logos on their equipment.  There was a debate about the role of media coverage in potentially inciting or escalating protests, with news executives expressing concerns about inadvertently becoming a cause of unrest rather than simply reporting on it.  The article highlights the tension between covering the protests and the convention itself and the apprehension of mirroring the events of the 1968 Democratic Convention.","Politics & Democracy, Press & Media Criticism, Technology & Digital Media","The Production of Innocence","","Early Career & Public Journalism (1989-1999)","Commentary/Critique","1968 chicago protests, fox news, journalism ethics, political conventions, protests, tv news, 1968 Democratic Convention, 2004 RNC, CNN, Fox News, New York City, media coverage, media coverage, protests, security concerns","","TV Newser, The New York Observer, The East Bay Express, AP","","Jay Rosen","","","2025-06-30 21:21:10","https://drive.google.com/drive/u/0/folders/1rzZQXt-oVXRejKGqej1aGPsKhI2KhnEJ","","","","?The fear is that the presence of that causes it,? said David Bohrman, the executive producer of CNNs convention coverage. ?Thats really a fear. Were reluctant to pull our cameras out if theres a crowd of people. You dont want to galvanize a crowd by pointing a camera at them. You want to report on them, but you dont want to be the cause of them.?","For TV news, the concern is not how to cover all the possible protests around town. It's ""inciting disruptive behavior by showing up with cameras."" And it's losing control of the convention telecast to events outside. There are jittery people in the networks, trying not to be the cause of anything.

A general sense of foreboding has emerged among prominent political TV reporters who are bracing for the hottest political convention since 1968. ?Newsday report, Aug. 26.
A couple of reminders this week of just how politicized the territory has become around the major media. There?s a rise in tensions as we get closer to the convention countdown in New York.

On Tuesday (Aug. 24) TV Newser reported that the area around Fox News Headquarters in New York City had received concrete fortifications.

Security concerns have led Rockefeller Center to position fixtures outside Fox News headquarters ahead of the GOP convention. ?About 12 large round concrete fixtures doubling as oversized flower pots were positioned in front of the Fox News studios on 6th Avenue? recently, an e-mailer says. ?These are obviously positioned to prevent any vehicles from the street to jump the sidewalk and get close to the building.?
Fox News is one of the sites around New York City where a prudent police force might expect trouble? because of what it stands for, and in alignment with. Media sites are political sites, especially in Fox?s case, which means there?s a potential for violence but also for political expression.

That?s what the oversized flower pots in front of Fox News are saying: Harden the perimeter. We may see ?activity? around the building.

Meanwhile the city is expecting there to be protest all over, but no one knows what to expect when it comes to big marches and other street demonstrations. So imagination is free to operate. The New York Observer?s Joe Hagan reports this week that for TV news organizations, the main concern is not how to cover all the possible protests around town. It?s ?inciting disruptive behavior by showing up with cameras.?

The people who run network television don?t want to be ?causing? street politics in New York City. They are willing to take stealth action to avoid it.

?The fear is that the presence of that causes it,? said David Bohrman, the executive producer of CNN?s convention coverage. ?That?s really a fear. We?re reluctant to pull our cameras out if there?s a crowd of people. You don?t want to galvanize a crowd by pointing a camera at them. You want to report on them, but you don?t want to be the cause of them.?
Mr. Bohrman said that was one of the reasons that most national news organizations didn?t mark their equipment with logos.

?I think you?ll find the networks and the cable networks, their cars won?t be marked so they don?t attract attention??

Fortifications in front of Fox. Unmarked cars for network news crews. And a strange kind of dialogue going on between protestors in their rumored descent on the city and TV execs trying to war game it: Could we possibly have ?democracy is in the streets? again, where TV, confronted with news on two fronts, cross cuts from one to the other? from the convention, to the streets?

Does that even happen at conventions any more? Do the rules permit it? Didn?t we outgrow that? Hagen reports on the confusion sown by not wanting to be a cause:

It wasn?t clear what would constitute a news event big enough to cut into a prime-time Republican speech?especially President Bush?s. And nobody was willing to hazard a guess, for fear of inadvertently making a recommendation to the protesters.
Fear of vehicle attacks. Fear of causing street action. Fear of protestors who somehow figure you out better than you have figured on them. Fear of ?68. Fear of having to make a decision. They?re all related.

?We need to think a little bit before we do that,? says David Bohrman, in charge of CNN?s convention coverage. ?None of us knows what this is going to turn into. By everyone?s hope, it won?t be Chicago 1968.?


After Matter: Notes, reactions & links?
Chris Thompson in The East Bay Express:

According to assignment editor Sarah Courtney of the Fox News politics desk, her network plans to have at least three teams of producers, reporters, and cameramen bird-dogging the protests throughout the week. ?We haven?t solidified all the teams yet,? she says, ?but we have every intention of making the protests a big part of the convention coverage.? An assistant to National Review editor Rich Lowry said the magazine will almost assuredly dedicate considerable space to the demo?s crazier antics. Steve Gray, who works at the city desk for the New York Post, promises to do the same: ?If something that?s offbeat comes up, it?ll definitely be covered.? A spokesperson for the right-wing Washington Times claims that the paper sent up a reporter to cover the demonstrations two weeks ago. ?If the protests get out of control, we?ll beef it up,? he added.
In this online chat, the Washington Post?s Robert Kaiser (associate editor) says he expects the protests to be the big story on Monday and Tuesday of convention week.

The AP reports on TV networks and their plans for handling protests: ??Our goal is to keep things in the proper perspective and not fall victim to staying with something just because it?s a good picture and happening now,? Princell Hair, executive vice president of CNN said. (via TV Newser.)

Greg Mitchell, Editor & Publisher, Challenging a Media Myth: ?68 Riots Didn?t Doom Humphrey.","TRUE","",""
"PRESSTH-0459","PressThink: ""When I?m Reporting, I am a Citizen of the World.?","http://archive.pressthink.org/2005/06/10/frkn_nro_p.html","Jay Rosen","6/10/2005","PressThink","","","FOUNDATION","Article","text","2595","","""When I?m Reporting, I am a Citizen of the World.? That's a quote from CNN's Bob Franken. A tour through his press think shows why I ask the Big Journalism Deans: if schools like yours are supposed to spread the gospel, how do they know they have the religion right? National Review Online has a...","This article analyzes a disagreement between Bob Franken, a CNN correspondent, and Alan Feuer, a New York Times reporter, as depicted in Feuer's book.  Rosen uses this anecdote to critique the inherent biases and self-deception within the journalistic profession, particularly the concept of 'skepticism' as a supposedly neutral stance. He argues that journalists often unconsciously adhere to a set of unexamined beliefs, preventing honest self-reflection and hindering a truly objective perspective, especially when dealing with issues of patriotism and national loyalty.  The piece further highlights the challenge of maintaining journalistic integrity within embedded reporting situations and the influence of competing belief systems on journalistic practice.","Journalism Theory & Practice, Politics & Democracy, Press & Media Criticism","He said/she said journalism, The Production of Innocence, View from Nowhere","","The Rise of the Web & Blogging (2000-2009)","Commentary/Critique","alan feuer, journalism ethics, national review online, over there, patriotism, pressthink, Alan Feuer, Bob Franken, National Review, Watergate, bob franken, embedded journalism, patriotism, skepticism","","Over There: From the Bronx to Baghdad, Regret the Error","","Jay Rosen","","","2025-06-30 21:21:21","https://drive.google.com/drive/u/0/folders/1rzZQXt-oVXRejKGqej1aGPsKhI2KhnEJ","","","","The problem with this objectivity doctrine is that reporters and editors didn?t just make themselves adherants of a religion, they made themselves monks, even gods: higher beings who do not suffer from the human foibles of opinions and viewpoints and who think having open conversations with those who do is below them.","That's a quote from CNN's Bob Franken. A tour through his press think shows why I ask the Big Journalism Deans: if schools like yours are supposed to spread the gospel, how do they know they have the religion right?

National Review Online has a new media blog, and the editors are asking readers to help name it. My suggestion was Right Justified. I doubt they will use it.

They?ve assigned a young reporter to the blog, Stephen Spruiell, 25. He has a Journalism degree, a Masters in Public Affairs from the LBJ School at the University of Texas, and a bit of Washington experience. Plus, he?s written pieces for the National Review. I predict he is going to do well if he stays with the media blog and develops it. This post explains his approach: ?More than just looking out for liberal bias,? he says. Bravo. That would be an intellectual advance.

Most who are sold on one or another bias charge will duck the question (and some of you will duck it too) but here it is, anyway? a hard problem in press criticism.

You?ve told me how the press is biased, and you?ve also told me that a completely unbiased press is not possible in this world. In your view, what sort of bias should the American press have, given where it finds itself today?
This is not answerable in the religion of the mainstream newsroom. If Stephen Spruiell wants to go beyond looking for liberal bias he might take a crack at it. His corner of National Review Online debuted Tuesday. On Wednesday he wrote a clever item about an odd passage in Alan Feuer?s book, Over There: From the Bronx to Baghdad, published May 24.

Feuer is a New York Times reporter who was lifted out of the Bronx bureau and sent to Iraq at the start of the U.S. invasion. The book is ?Two Months in the Life of a Reluctant Reporter,? and portions of it are satirical about being part of the press pack.

The Feuer book, which I have not read yet, has gotten publicity for instances of literary license (see Regret the Error.) The book has a narrator. The narrator?s name is not Alan Feuer, but T.R., which stands for This Reporter. The book is voiced in the third person. ?T.R? did this. ?He? did that.

Feuer is said to have been inspired by Norman Mailer, who was said to have been inspired by The Education of Henry Adams (1918). When Mailer did it his narrator was called ?Norman Mailer,? or just ?Mailer.?

Feuer invents a new character T.R., which adds an additional layer of indefiniteness, and raises the question of what else might be invented. Matters aren?t helped when Feuer says he has written a ?book of recollected memory, not recorded fact.?

Skies darken for the author when New York Times spokeswoman Catherine Mathis, in response to questions from a New York Observer reporter, says that ?T.R.? is an unreliable narrator. She also says he was a reliable narrator back when he was reporting as Alan Feuer for the New York Times.

?In the book itself, Feuer acknowledges that he has taken liberties with his reminiscences,? Mathis wrote in an e-mail response to the Observer. ?We very much believe that is the case.?

If I were Alan Feuer?s agent, I would be asking myself: how did we misplay this? (Book agent with an opinion? E-mail me.) Because if Catherine Mathis is calling you unreliable and you work for the New York Times, you miscalculated somewhere.

One of those ?reminiscences? she talked about interested National Review?s new media blogger, as it interests me. Here?s the way Feuer, reluctant reporter, described a disagreement with CNN?s veteran correspondent, Bob Franken:

His quarrel with Franken had begun the very moment Franken had expressed his horror that Fox News anchors wore American flag lapel pins on the air.
?How can you be a patriot and a journalist?? Franken had asked. ?They?re mutually exclusive occupations.? T.R., who considered himself both, had asked why Franken could not love his country, to which had come the answer, ?America is not my country. I?m a citizen of the world.?

?Like Danny Pearl?? T.R. had asked. ?You are American, Bob? it is a nonnegotiable fact.?

?My goodness,? Franken had said. ?I think your employers at the New York Times would be horrified, horrified! to hear you say a thing like that.?

Which, if it happened that way, is quite the exchange. Thinking the story could be unreliable, Spruiell calls Bob Franken and asks him: did this happen? Franken doesn?t know he?s in Alan Feuer?s book. Franken says the story is not wholly accurate, but mostly. He says he didn?t say that being a patriot excludes being a journalist, or vice versa.

Franken said, ?What I said and what I meant is you can be a patriot and a journalist. My point was and is that we exhibit our patriotism by being journalists ? that is, skeptics? What I said was, ?When I?m reporting, I am a citizen of the world.??
In Franken?s view, ?Wearing an American flag while on the air leaves the impression that we are believing the U.S. government and not believing those who challenge the U.S. government, and that is a lesson we should have learned a long time ago from Vietnam ? that we have to be skeptical about claims no matter who makes them.?

I found this little tour through Franken?s press think mildly fascinating (especially the ?citizen of the world? part) and also timely for things I am trying to discern at PressThink. In my last post on Watergate as ?newsroom religion,? I described part of it:

In the daily religion of the news tribe, ordinary believers do not call themselves believers. (In fact, ?true believer? is a casting out term in journalism, an insult.) The Skeptics. That?s who journalists say they are. Of course, they know they believe things in common with their fellow skeptics on the press bus. It?s important to keep this complication in mind: Not that journalists are so skeptical as a rule, but that they will try to stand in relation to you as The Skeptic does.
Bob Franken is saying, ?I stand in relation to the U.S. military as skeptic does to unproven claim.? Attempts to question him about the exclusivity of this stance, other possible stances, or situations where ?skeptic? doesn?t apply will raise fundamental problems of belief and professional identity that are, in fact, untreatable within newsroom religion or CNN?s professional code.

Thus, a perfectly valid line of inquiry, ?how does a citizen-of-the-world philosophy interpret the case of Danny Pearl?? (along with ?You are American, Bob?) brings out in Franken a mild form of hysteria: ?I think your employers at the New York Times would be horrified, horrified! to hear you say a thing like that.?

By unanswerable within the religion I mean: there is no ?What J-School professors taught me?? reply. No safe, standard or given answer within the professional code. Journalists learn instinctively to steer away from matters the religion cannot handle. Spruiell had read my post:

Franken seems like a good journalist of the old school ? a tradition that lives according to certain dogmatic principles, which PressThink?s Jay Rosen explored over the weekend in a piece about Watergate and journalism education. Rosen explained that such principles (such as constantly placing oneself in opposition to the government, seeing ones role as journalist as ?carrying the mantle of the downtrodden,? etc.) are held to be ?non-political? beliefs.
In fact, these beliefs are laden with political implications. As frequent NRO contributor Tim Graham put it when I asked him about this story, ?Readers expect a certain amount of American-ness in their reporters. They expect that since the source of these reporters? liberties is the U.S. Constitution, then perhaps they owe the U.S. a tiny bit of loyalty.?

Not ?dogmatic? principles so much as ideas unconsciously, uncritically or superficially held. The preferred Watergate story I wrote about this week is an example of such an idea. ?Afflict the comfortable and comfort the afflicted? is another. ?We?re news, blogs are op-ed? another.

?Readers expect a certain amount of American-ness in their reporters.? Well, how much? (Tim Graham of NRO, do you know?) American-ness: sounds logical, but what kind? What is a good way of showing users that the journalism they?re getting has a country of origin, has roots?
?When I?m reporting, I am a citizen of the world.? (Bob Franken) Is it possible that good journalism, done to the proper professional standard, transcends national roots? Is citizen of the world a valid ID for an American journalist reporting from Iraq for CNN, and, if it is, what does its validity get you in journalistic situations? Does it have a payoff?
?We exhibit our patriotism by being journalists ? that is, skeptics.? (Franken.) Makes sense. But wouldn?t a skeptical, probing and independent-minded television journalist, wearing (let?s say defiantly) an American flag on his lapel, be exhibiting that dual identity Franken said he believes in: patriot and journalist? If your ID is American Skeptic, seems to me you?d want the flag to fly for you too.
?Wearing an American flag while on the air leaves the impression that we are believing the U.S. government and not believing those who challenge the U.S. government.? (Bob Franken.) Weird, pre-emptive statement. How does Franken know what image is left on the retina of viewers? I don?t think of the flag as a symbol of the U.S. government, but of the country as a whole. Does Franken think otherwise? If the press, instead of fleeing from symbols of the Republic, stretched the umbrella of their meaning over the skeptic, reporter and investigator roles, wouldn?t journalists be better off, politically?
CNN?s Bob Franken was embedded with the American military during the initial invasion of Iraq. Would he suggest that, dependent on U.S. soldiers for food, safety, transport, his life (not to mention his information) he stood toward them as Resident Skeptic? Is that even plausible?
An embedded reporter is in a severe state of a dependency. You cannot take the language of an independent press into that state and expect it to work. (But if that?s all the religion has, you might commit that error?) My problem is not the cultural right?s problem with Franken and colleagues, also one of Spruiell?s complaints. He says that a ?fundamental distrust of the military? has taken hold within the press.

I doubt this. People in National Review?s orbit should start distinguishing between mistrust of the Bush forces by the press, and when that may be in evidence, vs. mistrust of the (career) military. Here?s a Trudy Rubin piece that will help.

If you really had a ?fundamental distrust? of the American miliary, would you put your life in its hands by becoming embedded? I recall Franken?s reporting during the initial invasion, and he seemed to me in fundamental awe of the United States military. One of Stephen Spruiell?s readers agrees. ?When Franken was embedded with lead cavalry units during the initial Iraq invasion he was American and pro-American in spite of himself,? said E-mailer to NRO, Russ McSwain.

What alarms me is how superficial ?we?re the skeptics? is as self-understanding; and how thinly reasoned the religion can be. I believe it is trivial to call yourself a citizen of the world when you know about Danny Pearl, and what would happen to you if taken captive in Iraq. It can only be a pose, because on assignment that idea doesn?t get you out of Dulles.

Franken?s qualifier, ?When I?m reporting?? doesn?t help. Pearl was taken hostage when he was reporting, and not because anyone thought him citizen of the world. (Jew, American, reporter in that order.) If Franken believed what he said to Spruiell?being a skeptical journalist is a patriotic thing to do?then why would he need any ?citizen of the world? category at all, even temporarily? Just be patriotic.

The answer has to do with what I said earlier: Journalists over years of experience learn to steer away from what their religion cannot handle. Franken?s position is (in my paraphrase):

When I am out there reporting, America is not my country because I have to be as skeptical of the U.S. position as any other. I have to doubt the claims of the U.S. military as I would doubt the claims of the insurgents. Therefore I report as a citizen of the world.
But his religion, which tells him to disclaim all attachments, cannot compute Alan Feuer?s view, which I would call semi-attached. I paraphrase it, as it is close to my own:

When you?re reporting you?re an American and you?re never not an American, which does not give you license to be credulous of state authority or pro-government in your report. It means you are part of the political community. You only distort things or lose touch if you pretend otherwise.
Now here?s how Franken puts Feuer?s position, according to Spruiell?s notes:

?My problem with ?T.R.? is that he comes from the school that you are supposed to accept as a premise what the military and government tell you. I concluded a long time ago that you are as skeptical of what they say as anybody who is advocating a point of view.?
Right there? did you catch it? Franken puts his colleague T.R. in the (profane) true believer?s position (?accept as a premise?? ), thus taking the skeptic?s role (holy) for himself. The religion also says to approach all questions of attachment (you?re never not an American) as issues of de-tachment (?you are as skeptical of what they say as anybody.?) Fluency in the faith returns when you do it that way.

Similarly, if someone presses any particularistic ID upon you (?You are American, Bob?) you immediately deny it, for purposes of your reporting, and revert upward to the more ?general? category (?citizen of the world.?) Anytime you are accused of taking the view from somewhere, your faith requires you to say no, not true. You then re-assert the view from nowhere, the correspondent?s lonely burden.

And while all this is familiar, the unfamiliar thing is that rival belief systems are today out there bidding for journalists. Take 25 year-old Stephen Spruiell: blogger, reporter, critic, and, if he plays his hand well, future asset and traffic generator to the National Review site. Why isn?t he in the J-pipeline and headed for the St. Louis Post Dispatch or Chicago Tribune? Or take this guy, Ron Brynaert, a tenacious (lefty, stand alone) investigator with an instinct for where information and proof and the jugular are. He?s a natural: Why isn?t he on someone?s I-team?

One answer is: they don?t find room for themselves in the religion. Rival belief systems won them away. Maybe they find Big Journalism an unreliable narrator. Maybe they don?t buy what recent J-school grad Daniel Kriess (himself on his way to a PhD program) called, ?the crusading oxymoron of non-political populism.? And that?s why I keep asking the Big Journalism Deans: if schools like yours are supposed to spread the gospel, how do they know they have the religion right?


After Matter: Notes, reactions & links?
Mullahs: This is a Hoder Watch. So watch it. If anyone fits the category ?citizen of the world,? it might be Hossein Derakhshan, also known as Hoder. He?s the free-thinking Iranian writer and blogger (also a resident of Toronto, New York, the BBC and cyberspace) who decided to take a chance and return this week to Iran in the run-up to the elections there. Hoder, a leading voice amid the explosion of political blogs in Iran, will no doubt be watched by the regime and could face arrest or harrassment.

See his post: Going home, finally. He?s asking for support, which means writing about his trip as a way of warning the regime that we?re watching, as well as donations if you are so inclined. You now understand the reason for: Mullahs: This is a Hoder Watch. So watch it

UPDATE, Sunday am: Hoder e-mails: ?Thank you so much Jay. I?m really honoured. I?m now in Tehran in my parents home. Everything is ok. But hoder.com is indeed filtered!?

At NRO, Stephen Spruiell gives an answer to my question: what sort of bias should the American press have, given where it finds itself today? See: A Journalism of Transparency. (June 13)

In comments, dialing in is Harry Shearer, comedian, radio host, and press blogger for the Huffington Post:

You quote a National Review writer thusly: ?Readers expect a certain amount of American-ness in their reporters. They expect that since the source of these reporters? liberties is the U.S. Constitution, then perhaps they owe the U.S. a tiny bit of loyalty.?
Don?t conservatives, and Christians, and the Founders, believe that the source of these reporters? liberties (and those of the rest of us) is (to use one formulation) Nature and Nature?s God, not the Constitution? Isn?t it an article of conservative faith that it is liberal dogma to suggest that rights originate in government or in government documents, even founding documents? Shouldn?t the guy from National Review get his theology of rights straight?

Good questions. See Brian O?Connell?s reply. First to comment on this post was Oliver Willis: ?Why should Spruiell bother going into journalism when he can sit back and draw a nice paycheck from the conservative apparatus for simply echoing the ?liberal bias? charge with his fellow right-wingers??

I asked Willis: In your view, what sort of bias should the American press have, given where it finds itself? His reply:

The media should be analyzing claims and researching them against the factual data. Plain and simple, but even this simple function is not done by the modern media, preferring instead to throw its hands in the air and make the claim that ?it?s all the same? and simply allow those with the loudest megaphone to set the terms of the debate. Right now, the right?s megaphone is loudest which is why I?ve been trying to get my side to get equally loud?.
Frankly, we can do all the hoping and pining for the long lost responsible media but it isn?t ever coming back. The press is useless and has to be played.

Willis at his blog (Beat the Press) says he now agrees with the Bush White House: the press is just a special interest: ??it should now be clear to progressives that the media is most definitely a special interest group that you need to slap around in order to get democracy accomplished.?

Steve Lovelady, managing editor of CJR Daily, in comments:

I don?t think this is real tricky.
Obviously, the job of the reporter is to report what he sees in front of his eyes, whether it redounds to America?s credit or not.

Reporters (in Iraq or anywhere else) have one responsibility, as John Kifner, probably the best reporter at the New York Times, explained it long ago: ?Go. See. Come back. Tell.?

That?s really about it.

Right. This I would call the ?soft? anti-intellectualism of newsroom religion, the same sort of attitude that calls a think piece a ?thumbsucker.? It?s more of a pose struck than a serious position, however.

?Franken is claiming to be a citizen of the world, a citizen of everywhere. Instead, he is a citizen of nowhere.? Ernest Miller responds to this post at Corante. He concludes: ?Wouldn?t it better and more honest to say, ?When I?m reporting, I am fulfilling my duties as a citizen of the United States???

Mark Anderson also has a response at his Poor Richard?s Almanac:

American news media is unquestionably one of the most parochial, narrow-minded news media systems on earth (They certainly fall short of Britain, France, Germany, and Japan in range of widely disseminated opinion). The idea that the most serious problem facing it is detachment from the US boggles the mind.
The most serious problem? I don?t know where Anderson got that.

Jeff Jarvis responds to this post: At the Temple.

The problem with this objectivity doctrine is that reporters and editors didn?t just make themselves adherants of a religion, they made themselves monks, even gods: higher beings who do not suffer from the human foibles of opinions and viewpoints and who think having open conversations with those who do is below them.
But the truth is that they are Americans covering an American war and smokers covering a smoking ban and Catholics covering church sex scandals and Jews covering Israel and citizens covering politics. They are not above or apart from us. They are us.

Read journalism professor Andrew Cline?s confession: I haven?t been teaching the religion.

Dean Esmay responds:

In short, the press used to want us to succeed, saw themselves as part of it, and it showed. Even when you read the great Ernie Pyle?s work, while it was often skeptical, you had no doubt for an instant that Pyle considered himself an American first and foremost.
Esmay points to Arthur Chrenkoff, ?a Polish-born Australian? who is doing ?the job our own press should be doing every day,? by which he means news about progress and signs of life in Afghanistan and Iraq.

On that theme see also my post from May, 2004: The News From Iraq is Not Too Negative. But it is Too Narrow.

Previous PressThink posts on the religion of the newsroom:

Deep Throat, J-School and Newsroom Religion (June 5, 2005)
Journalism Is Itself a Religion (Jan. 7, 2004)","TRUE","",""
"PRESSTH-0460","Times Public Editor: Bill Keller Stonewalled Me","http://archive.pressthink.org/2005/12/24/spy_nyt_p.html","Jay Rosen","1/1/2005","PressThink","","","TRANSPARENCY","Article","text","3179","","""I?m Not Going to Talk About the Back Story."" Bill Keller is a ""watch our pages"" man. That is how he would prefer to answer your question about the Times, whether you are a reader in Chelsea, a reporter for Salon, or Charlie Rose. With him the stoic conceit continues, but under conditions of greater...","This article critiques the New York Times' lack of transparency regarding its decision to publish a story about the NSA's warrantless wiretapping program.  The author highlights the Times's initial reluctance to explain its decision-making process, contrasting it with subsequent reporting from other news outlets that revealed key details omitted in the Times's own account.  The author points to an internal Times report emphasizing the need for greater transparency and criticizes the paper's failure to heed its own recommendations, arguing that this lack of openness damages the paper's credibility.","Politics & Democracy, Journalism Theory & Practice, Press & Media Criticism","The People Formerly Known as the Audience, The Production of Innocence","","The Rise of the Web & Blogging (2000-2009)","Commentary/Critique","bill keller, george w. bush, journalistic ethics, nsa, press criticism, transparency, Bill Keller, NSA, New York Times, media criticism, national security, new york times, transparency, wiretapping","","State of War: The Secret History of the CIA and the Bush Administration","","Jay Rosen","","","2025-06-30 21:21:26","https://drive.google.com/drive/u/0/folders/1rzZQXt-oVXRejKGqej1aGPsKhI2KhnEJ","","","","It is serving your audience and the American public to uncover something like warrantless wiretaps that evade the law, and to force the President to explain himself. When Congressional committees announce investigations, Senators push back, editorialists condemn, rival reporters get busy, and a storm of protest follows from publication of the story, the Times is the one making this explosion of democracy possible. It all has a common source. That is public service at its highest level? if the story holds up.","Bill Keller is a ""watch our pages"" man. That is how he would prefer to answer your question about the Times, whether you are a reader in Chelsea, a reporter for Salon, or Charlie Rose. With him the stoic conceit continues, but under conditions of greater transparency it makes a lot less sense.

(New post alert, Jan. 1. Times Public Editor: Bill Keller Stonewalled Me.)

You can find the latest on the transparency gap at the New York Times by reading Editor & Publisher, and Salon (where I am quoted.) The facts so far: On Dec. 15, the Times published an important story that hit official Washington hard: Bush Secretly Lifted Some Limits on Spying in U.S. It said that the National Security Agency has since 2002 had the authority to eavesdrop on Americans and others inside the United States without a warrant because President Bush decreed it. The story was based on confidential sources.

?Without a warrant? prompted Senator Arlen Specter to promise hearings in the Senate, and outraged others in Congress. ?There is no doubt that this is inappropriate,? Specter said. Questions immediately arose about how the story came to be, and especially why it appeared now. (Days before a vote on the USA Patriot Act, the same day as the elections for parliament in Iraq.) But also: should any newspaper be revealing secret programs intended to stop another terror strike? The Times did not take the lead in addressing those questions. In fact it said very little, so others began to fill in the picture.

On Dec. 17 Paul Farhi of the Washington Post reported that the revelations about the NSA are in a forthcoming book, ?State of War: The Secret History of the CIA and the Bush Administration,? by James Risen, the lead reporter on the wiretapping story. The Times account hadn?t mentioned that.

On Dec. 20, James Rainey of the Los Angeles Times reported that ?editors at the paper were actively considering running the story about the wiretaps before Bush?s November showdown with Democratic Sen. John F. Kerry of Massachusetts.? The Times and Keller had said the key facts became known ?a year ago.? Writers at the Times who talked to Risen?alas, no names?said that was inaccurate. NPR also had the same information.

On Dec. 20, it was reported by Newsweek?s Jonathan Alter that ?the president was so desperate to kill The New York Times? eavesdropping story, he summoned the paper?s editor and publisher to the Oval Office.? A significant fact, adding drama and raising the political stakes. The original had said only, ?The White House asked The New York Times not to publish this article.?

Then Gabriel Sherman of the New York Observer reported on Dec. 21 that ?according to multiple Times sources, the decision to move forward with the story was accelerated by the forthcoming publication of Mr. Risen?s book.? Sherman added the date of Bush?s meeting with Times bosses?Dec. 6?and said Washington bureau chief Phil Taubman was there too.

In each case it appears the New York Times knows the news, but withholds it. Sherman wrote that discussion of the wiretap story ?has been off-limits since it was published.? A source in the Washington bureau was quoted: ?Someone on high told reporters not to talk about it.? Why? We don?t know. Heavyweights in journalism can?t figure it out. I certainly can?t. And the newspaper won?t say much.

The Times did issue a statement from Keller on Dec. 16, the day after the story was published on the Web. It told part of the history. The paper was initally persuaded not to publish on national security grounds. The Administration said: if you run this story, it will harm intelligence collection; also, nobody who knows the facts doubts that we?re legal. Keller said further reporting convinced the Times that it could publish without harm to national security, and that reservations about warrantless espionage by the NSA were felt in many parts of the government.

In this statement Keller began to make a case for the soundness of Times judgment (which includes the slowness of Times judgment) but it was brief, nothing but a down payment on a full defense of the article and the reasoning behind it. And Keller?s statement had none of the facts later uncovered by Farhi, Rainey, Alter, and Sherman.

?The publication was not timed to the Iraqi election, the Patriot Act debate, Jim?s forthcoming book or any other event,? Keller told the L.A. Times in second statement. ?We published the story when we did because after much hard work it was fully reported, checked and ready, and because, after listening respectfully to the administration?s objections, we were convinced there was no good reason not to publish it.? The Observer?s account contains this:

After The Times decided not to publish it at that time, Mr. Risen went away on book leave, and his piece was shelved and regarded as dead, according to a Times source.

?I?m not going to talk about the back story to the story,? Mr. Keller said by phone on Dec. 20. ?Maybe another time and another subject.?
The back story? I know what he means, but it?s hard to call it a ?back story? when the president of the United States confronts the publisher of the New York Times over freedom of the press, national security, and possibly another leak investigation. (Bush later said the disclosures were ?shameful.?)

Obviously there are things the Times learned that it cannot tell us about the NSA, and about its conflicts with the Administration. This may account for some of the silences and gaps. But what Keller, and his crew, and Sulzberger with his ally Catherine Mathis (Times spokeswoman) don?t seem to get is that the Times could signal to readers when it knows it?s not leveling with us.

?When you think of the New York Times, transparency is not the first quality that leaps to mind, but they have to explain themselves,? said Tom Kunkel, dean of the J-school at University of Maryland and a former newspaper editor. ?Even if you can?t tell them something, in my experience news consumers always appreciate it when you make an effort to explain why you can?t.?

I?m sure there?s a story to this chronic lack of transparency at the Times. At least part of it is a matter of public record. In May, 2005, deputy managing editor Al Siegal led a committee of Times people?heavily weighted toward the Washington bureau?who examined ways of ?preserving our readers? trust.? It was an attempt to come to grips with credibility problems the Times itself had identified after going over the crash sites: Wen Ho Lee, Jayson Blair, the Howell Raines regime, the WMD story? but not yet the fall of Judy Miller.

The report (available as a pdf file) was called Preserving Our Readers? Trust: A Report to the Executive Editor. (That would be Keller.) News accounts about it focused on confidential sources, and the rules governing their use, but an equally powerful theme was transparency? and how to create a ?dialogue with our publics.?

Listen to these recommendations from twenty of Keller?s best people? the Credibility Group:

?First, there is much the paper can do to consolidate its readers? trust. We start with being more open and forthcoming.?
That really hasn?t happened. And so the ?consolidation of trust? isn?t happening, either.

?Explaining ourselves actively and earnestly to our various publics can only strengthen the bond between the Times and its loyal readers.?
Actively and earnestly means you don?t treat the demand for explanation as a threat, an option, or something to do only in a generous mood. It means you explain willingly so people know how you operate. If they know how you operate they can more easily decide to trust you.

The Times is hardly clueless about this, as Farhad Manjoo pointed out in Salon. Just last week, Kurt Eichenwald wrote a ?Reporter?s Essay,? a companion to his investigation of Webcam porn and kids. It?s an explainer for his complicated interactions with Justin, the exploited teen he wrote about and helped.

Anyone who pays attention to American politics could predict that a story based on leaks about a classified program the president wanted would get intense scrutiny and probably come under attack. And on Dec. 17, Texas Republican John Cornyn denounced the Times on the floor of the Senate: ?It?s perhaps not a coincidence that just before the vote for the cloture on the reauthorization of the Patriot Act, the New York Times released this story.? Cornyn also said the Times was trying to push Risen?s book. (See David Folkenflik?s report for NPR.)

But with ?Bush Secretly Lifted? there was no Eichenwald-style explainer, just one paragraph:

The White House asked The New York Times not to publish this article, arguing that it could jeopardize continuing investigations and alert would-be terrorists that they might be under scrutiny. After meeting with senior administration officials to hear their concerns, the newspaper delayed publication for a year to conduct additional reporting. Some information that administration officials argued could be useful to terrorists has been omitted.
Alex Jones, a former reporter for the Times, and a biographer of the ruling family, noticed it. ?It?s as though there are two Times minds at work here,? he told Salon. The first is stoic, and hostile to ?meta? communication, which in this view detracts from the primary work. Traditionally (that is to say up until the ground shifted beneath them a few years ago) the editors of the New York Times tried not to talk about the New York Times, or indeed to ?notice? it, and you saw little in the way of self-examination. It just came out with more journalism.

In that era, the ideal answer to any question about faulty reporting or editorial priorities was: watch the paper. Don?t ask us to talk about it; we?ll just give you non-replies. In Ken Auletta?s recent New Yorker profile of Sulzberger, he quotes Keller at a November staff meeting saying he was concerned about ?orgies of self-absorption that distract us from our more important work.? That being open about decision-making counts as newsroom narcissism is also part of the stoic view.

Bill Keller is a ?watch our pages? man. That is how he would prefer to answer your question about the Times, whether you are a reader in Chelsea, a reporter for Salon, or Charlie Rose calling. With him the stoic conceit continues, but under conditions of greater transparency it makes a lot less sense. This is what the leaks from his own newsroom are telling him.

The Times of the 21st century does talk about itself? sometimes. (A famous example.) This is what Jones meant by two minds. It knows how to run an explainer laying out Kurt Eichenwald?s dealings with sources, and opening up for examination?and criticism?the ethical calls he made. But then on other occasions, with higher stakes, it ?forgets? it knows how to be self-scrutinizing and goes back to the era of ?the Times doesn?t talk about itself.?

In fact, the golden age of self-examination at the New York Times began in 2000 and is still going on. But something is wrong in the execution. Which is why PressThink ran Ron Brynaert?s guest post: Does the New York Times Have a Learning Disability? (Oct. 31)

?The executive editor and the two managing editors should share responsibility for writing a column that deals broadly with matters about the newspaper. The column should appear regularly in a fixed spot, ideally every other week and perhaps on Page 2 of the Week in Review or alternating with the Public Editor in his space.?
This column by the top of the masthead never happened. And as a result Keller?s preferred method of addressing Times readers about matters of public controversy is the leaked memo to staff that finds it way to Romenesko within ten minutes of his pushing send, and then becomes news. Why he has chosen this method is not clear to me. Twenty of his best people told him in May 2005 that he and his team should be alternating with the public editor, in a column that spoke directly to the issues of trust, openness and authority that so vex the Times today. Such a forum would have been very useful in the summer and fall of 2005.

?The newsroom should establish a coherent, flexible system for evaluating public attacks on our work and determining whether they require a public response, and in what form.?
This was political realism by the Credibility Group. They wanted to do away with the pretense that ?the work speaks for itself.? (Therefore you shouldn?t talk about it.) The Group said it straight out: ?We strongly believe it is no longer sufficient to argue reflexively that our work speaks for itself. In today?s media environment, such a minimal response damages our credibility. Critics, competitors and partisans can too easily caricature who we are and what we do. And loyal readers gain no solid understanding of what the truth really is.? But this strong belief?backed by a sharp analysis?was not enough to move Keller, Sulzberger and Mathis.

?Nytimes.com should conduct frequent Q & A forums with department heads and other senior editors.?
Didn?t happen. The Washington Post does 30-35 live discussions a week: Q & A with editors who oversee coverage, reporters who cover the news, and columnists like Dan Froomkin and Dana Milbank. This innovation hasn?t come to the Times.

?Explore the possibility of creating a Times blog that promotes a give-and-take with readers while satisfying the standards of our journalism.?
Didn?t happen. The post.blog was able to air the controversy involving Dan Froomkin and John Harris, and it gave readers a place to talk back to the Post with a vengeance. A Times blog would be equally valuable on occasions when there is controversy about the Times? although it has to be done carefully. Instead there?s this.

?The newspaper should improve our interaction with television and radio programs. We should devise a strategy governing when and where it makes sense for us to be on TV and radio.?
That means Keller does ?Newshour? on PBS the day after the wiretapping story is released, and brings the reporters with him on ?Charlie Rose? the same night, while others well briefed?investigations editor David Barstow, Washington bureau chief Phil Taubman?head to ?Nightline? and ?Larry King.? The works speaks, and then you speak for it. It has authority because you respond with authority when asked tough questions about judgment calls.

?We need to be more assertive about explaining ourselves ? our decisions, our methods, our values, how we operate. We need to do this with regularity and in a variety of forums. We particularly need to do this at times when we are not under attack.?
Don?t heal yourself, just hear yourself, New York Times. ?With regularity.? ?Variety of forums.? ?More assertive about explaining.?

?We fully accept that there are those who love to hate The Times. Though there may be no dissuading them, often there is value in engaging with more open-minded critics.?
If you don?t have online Q and A?s, and you don?t go on the air to explain, and you don?t answer reporters questions, and you don?t have a blog where you can discuss it, and you don?t want to go into the back story because that wouldn?t be stoic? then how is engagement with open-minded critics going to ever take place? In soundbites and one-paragraph faxes and Eric Lichtblau telling Salon, ?I?m afraid we?re referring all calls to Catherine Mathis in corporate PR??? Not likely.

It?s tempting for Times people to say: no matter what we say, we are going to get slammed by the left and the right. But that?s an excuse for devaluing all criticsm. The Credibility Group grasped how lame that was.

?Productive communication is certainly possible with a much larger body of people ? readers and nonreaders alike ? whose opinions of The Times are not so fixed. We should focus our efforts on them, with the goal of making it far easier for them to see more than unanswered attacks on our ethics and professionalism.?
Hear, hear.

The modern era of transparency at the Times began with a curiosity, an editor?s note (called an ?assessment?) about the coverage of Wen Ho Lee that took note of certain problems and regrets. (See PressThink, From Wen Ho Lee to Judy Miller.) It was a strained performance for those accustomed to the luxury of ?we don?t talk about ourselves.? Among those who had to talk about the editor?s note?an unprecedented revision in a pattern of coverage?was Bill Keller, then the managing editor. Here?s what he told a New York Observer reporter who had asked about after-effects:

If you mean, are we going to back away from aggressive investigative reporting, the answer is an emphatic, categorical ?No.? If you mean are we going to select a scapegoat to hang for shortcomings in a generally excellent body of reporting, the answer is an equally emphatic ?No.? Beyond that, your answer will be in the paper. Watch our journalism.
Watch our journalism worked in its day. But for capturing what was wrong with ?we don?t talk about the Times,? the better source is reporter Jeff Gerth, who wrote a lot of the Wen Ho Lee stories that were assessed. Gerth said to Howard Kurtz, who wanted to know what he thought about the editor?s note: ?I don?t talk about the Times? business, but as a reporter I?m glad that other people talk about theirs.?

I don?t think there?s any future for an attitude like that. People don?t trust its one-wayness. If the Times can?t learn to converse its troubles are going to get worse.


After Matter: Notes, reactions & links?
New PressThink, Jan 1. Times Public Editor: Bill Keller Stonewalled Me. ?Let?s remember, as we contemplate public editor Barney Calame?s stinging Jan. 1 column, Behind the Eavesdropping Story, a Loud Silence, that Bill Keller hired Calame and he?s the only one who can fire him??

Late breaking link! Editors weblog: The difficulties of increasing newspaper transparency.

How does transparency work?

Let?s take Bush Secretly Lifted? Here?s my quick sketch.

The editors, also called the Masthead, assign a reporter to do the back story?the internal-to-the-Times part?which should run when the main event runs. That reporter?s job is to avoid getting scooped on what happened at the Times. Given the events of this year, it seems obvious that an outsider hired on a contract basis would work best. To expect Times people to report on their bosses is inhuman.
The Mastead itself and, through its directive, everyone else at the Times has to cooperate with the backstory reporter so as to produce a more complete and truthful account. The same person writes follow-up stories as the Times itself enters the news stream.
Several of the editors make themselves available in the first two days for interviews, call-in shows, online chats, and television programs, dividing up the work of explaining and justifying the journalism the Times just did, while making the case for its significance, like Keller began to do here.
The executive editor designates one journalist involved in the story?on rare occasions himself, a subeditor, maybe a writer he trusts?to more actively engage in the debate that follows from publication, and to stay with it for as long as it lasts. The point person responds to Times critics when they have a point, and goes on the offensive when the story is unfairly attacked.
Meanwhile, on the Web side, Nytimes.com prepares a concise and carefully written FAQ that has all the key facts about the story, statements from the editors answering questions smart readers would have, the historical and background material (in this case the history of the Times restraining itself at the request of the White House) and links to the additional journalism the Times has presented around and after the main story? a home page for larger narrative. This page needs separate sections for the criticism and reaction in the press, and blogger reactions.
The Times should have its own Scoble, Microsoft?s in-house blogger with a large readership. The Scoble Figure tracks the politics of the story?s reception online, accumulates links to what?s being said about it, combats false information circulating on the Web, and engages in argument, sometimes criticizing the Times, sometimes defending it, and sometimes having two?or more?minds. In other words: a real person who can react in real time.
The Scoble-Blog, the FAQ page, the online Q and A?s (and the Public Editor?s web journal) would all have comments as well, so that reader discussion of the Times takes place at the Times. To Scoble-ize the New York Times would probably be the best early warning system the newspaper could have.
Tim Rutten of the Los Angeles Times says transparency is a crock and the nation is full of paranoids making like press critics.

The New York Times deserves thanks and admiration for the service it has done the nation. Instead, it?s getting bipartisan abuse and another round of endless demands for explanations and ?transparency.? (In case you haven?t noticed, ?transparency? is this year?s ?closure.?)
For a different view see Editor & Publisher.

CJR Daily weighs in: ?Bush?s intervention to try to stop newspaper stories in the works is not just a ?back story.? To the contrary, a case can be made that it is the real story. In both instances, it is clear, even just from the surface evidence, that the White House had a part in dissuading the editors from, in the Post?s case, running a crucial piece of the story, and in the Times? case, from running the story at all for more than a year.?

Howard Kurtz talks about the back story with Keller (Dec. 26 column):

?The decision to hold the story last year was mine,? Keller says. ?The decision to run the story last week was mine. I?m comfortable with both decisions. Beyond that, there?s just no way to have a full discussion of the internal procedural twists that media writers find so fascinating without talking about what we knew, when, and how ? and that I can?t do.?
Kurtz also reveals a meeting between Bush and Leonard Downie that Downie won?t confirm.

Don?t miss Digby on Deborah Howell. A brilliant rant about a frustrating, play-it-safe ombudsman-ee column on military recruiting stats.

Related PressThink? Guest Writer Steve Smith: Fortress Journalism Failed. The Transparent Newsroom Works. (Nov. 23, 2005)

Tom Maguire, They?re Not Going To Stop:

Look - my inner geek is finding this to be very interesting. But is there any way in the world that the Times can be persuaded that this just might not be in America?s best interest, even if it has some slight potential to embarrass Bush?
I only ask as a concerned citizen; as a vicious partisan, I think the NY Times, in combination with the Moore-Streisand wing of the party, is pushing the Dems off a cliff.

What is the Dem message here? ?Oh my gosh, that evil Bush is spying on Al Qaeda and anyone who talks to them - as Democrats, we will never do that!?

Maguire says the Times is engaged in a ?war on America.? Dean Esmay goes further: ?Exposing such a secret program is not whistle-blowing?it is high treason.?

Here are the questions and answers I sent to Salon for this article by Farhad Manjoo:

When is it OK to bow to the government in such matters? I don?t think we know enough about what the Bush Administration told the Times to know if it ?bowed? to pressure or behaved responsibly.
Should the Times have printed its piece before the election? The information we have does not permit me to say. I don?t know what national security concerns may have caused the Times to delay, do you? There could be a lot more to it than we know. However, it would be pretty bad if the Times had the wiretapping story before the ?04 election but tried to tell us it didn?t when finally it decided to publish in 2005. That would be deceiving your readers. So I?m worried about that.

Is it serving its audience well now? Very well, yes. It is serving your audience and the American public to uncover something like warrantless wiretaps that evade the law, and to force the President to explain himself. When Congressional committees announce investigations, Senators push back, editorialists condemn, rival reporters get busy, and a storm of protest follows from publication of the story, the Times is the one making this explosion of democracy possible. It all has a common source. That is public service at its highest level? if the story holds up.

Where the Times is not serving readers well is explaining what happened in the struggle to get the story out. Here I see the same mistakes that were made during the Miller crisis? getting beat on news you own, giving out as little information as possible, devising explanations that don?t explain, limiting the authorized speakers to a two or three, forcing candor to come from confidential sources, and behaving like we?re lucky to get what little they give us. I find it baffling and counter-productive in the extreme.

James Bowman, writing in the New Criterion: What ?Objectivity??

According to Katharine Q. Seelye, writing the paper?s own account of the [May 2005] report, it had ?recommended taking a variety of steps, including having senior editors write more regularly about the workings of the paper, tracking errors in a systematic way and responding more assertively to the paper?s critics.? Apparently there was no sense of contradiction on the part either of Miss Seelye or the Times between the objective of ?preserving our readers? trust? and ?responding more assertively to the paper?s critics,? though surely on the face of it trust would seem to be more likely to be preserved if the paper adopted a stance of humility rather than assertiveness towards its critics.
Media Bistro asked media observers for predictions on what might happen in ?06. One of mine was: ?The paths of The New York Times and The Washington Post will continue to diverge. (65 percent probability)??

Finally, the Daily Peg has essentially gone dead but Texas Gigs is more alive.","TRUE","",""
"PRESSTH-0461","PressThink: Editing Horizontally: Thanks to Reuters, NewAssignment.Net Can Hire Someone","http://archive.pressthink.org/2006/09/20/rts_gft_p.html","Jay Rosen","9/20/2006","PressThink"", ""Comment is Free","","","DIGITAL","Article","text","3687","","Editing Horizontally: Thanks to Reuters, NewAssignment.Net Can Hire Someone They're giving us $100,000. That will underwrite the costs of hiring our first editor, which is going to be a fun job. Today I am announcing at Comment is Free and PressThink that Reuters is giving $100,000 to NewAssignment.Net . That?s the experiment I plan to...","This blog post announces a $100,000 grant from Reuters to NewAssignment.Net, an experiment in open-source journalism. The project aims to leverage ""smart crowds"" of volunteer contributors to produce news stories collaboratively, guided by paid editors. This pro-am model seeks to address the challenges faced by traditional journalism in the face of declining revenues and aims to explore alternative models for newsgathering and funding, including online donations and crowd-sourced contributions.","Audience & Public Engagement, Technology & Digital Media, Journalism Theory & Practice, Press & Media Criticism","Audience atomization overcome, The People Formerly Known as the Audience","","The Rise of the Web & Blogging (2000-2009)","Commentary/Critique","citizen journalism, collaborative journalism, funding models, newassignment.net, pro-am, reuters, NewAssignment.Net, Reuters, citizen journalism, collaborative journalism, open source journalism, open source journalism, pro-am, smart crowds","","","","Jay Rosen","","","2025-06-30 21:27:00","https://drive.google.com/drive/u/0/folders/1rzZQXt-oVXRejKGqej1aGPsKhI2KhnEJ","","","","The Internet has brought about a new mainstream in which the boundaries between consumers of content and creators of content have virtually disappeared, along with the old news cycle.","They're giving us $100,000. That will underwrite the costs of hiring our first editor, which is going to be a fun job.

Today I am announcing at Comment is Free and PressThink that Reuters is giving $100,000 to NewAssignment.Net. That?s the experiment I plan to launch next year with others who think there is something to the idea of open source journalism, where people collaborate peer-to-peer in the production of editorial goods.

The money from Reuters will underwrite the costs of hiring our first editor, who will start in early 2007. (Here?s the press release. I introduced the idea of New Assignment here. A summary, with blog and press reactions, is here.)

The pro-am part

It?s going to be a fun job: editing horizontally amid journalism gone pro-am. The idea is to draw ?smart crowds??groups of people configured to share intelligence?into collaboration at NewAssignment.Net and get stories done that way that aren?t getting done now. By pooling their intelligence and dividing up the work, a network of volunteer users can find things out that the larger public needs to know. I think that?s most likely to happen in collaboration with editors and reporters who are paid to meet deadines, and to set a consistent standard. Which is the ?pro-am? part.

NewAssignment.Net is a not a plan for a company; in fact, it?s closer to a charity, an editorial engine anchored in civil society itself, rather than the media industry or journalism profession. As today?s announcement shows, New Assignment can be on friendly terms with Big Media, which it is is not trying to destroy or supplant.

An outstanding fact of the Net era is that the costs for like-minded people to find each other and work together are falling rapidly. Someone has to figure out what the consequences of that fact are for original reportage. This is what NewAssignment plans to experiment with if it can find a few more supporters like Reuters and a lot more participants like Jamie Peppard, an accountant from Long Island, N.Y. who writes under the name ?Mrs. Panstreppon? at TPM Cafe, the kind of blog-inspired place where smart crowds hang out, milling around the news. Her story is told in this account from last week?s USA Today: ?When watchdog groups that monitor federal spending wanted more information on 1,800 ?pork barrel? projects buried in a House appropriations bill, they listed them on the Internet and asked readers to dig deeper.?

A gift economy for reporting projects

Jamie Peppard did some digging and found that $1,175,000 requested for the Friends of the Congressional Glaucoma Caucus Foundation would go to a non-profit created by a Washington healthcare lobbyist, S. J. ?Bud? Grant, in 1999. Grant earns close to $400,000 annually overseeing an operation with less than $5 million in revenue, she discovered. Then she explained to others how she learned all this. Peppard, a Democrat herself, ended up investigating dubious spending that ?involves just about every Democratic member of Congress in metropolitan New York,? she wrote.

Whether the gift economy can support original reporting on the Web is not clearly known. But it?s worth a try at a time when the market economy is forcing newspapers to cut staff and bring expenses in line with falling revenues. By ?gift? I don?t mean only big gifts like Reuters gave, in cash. (Oh, and thank you, people of Reuters.) NewAssignment will try to raise money for its projects on the Internet, including a click-and-contribute-small-amounts button.

Aside from the money pro-am journalism can work only if people are persuaded to give their time, lend their knowledge, pool their intelligence and share their sources, like Peppard did. Those are donations too. Often they are more critical than money. They will happen if the work is fun and the results rewarding; if the finished journalism holds up under criticism; if users can gravitate toward their interests and declare their priorities; if the site we build for them works with a minimum of fuss. And if editors listen well: horizontally, as it were.

Emily McKhann, an adviser to NewAssignment.Net who is starting her own site on motherhood, gave me an example of a story she thought right for its methods: how family-friendly are America?s companies, really? Now a magazine like Forbes might assign a feature like that to a reporter who could work for several months interviewing experts, talking with different companies, and visiting a few as cases-in-point. If NewAssignment.Net works the way I hope it will, we?ll ask many hundreds of people who work in those companies to tell us what?s up. They?ll testify themselves and direct us to other people who know. They will send in documents and help confirm facts. Some of them will write accounts that NewAssignment will end up using.

The collaboration medium

James Surowiecki, who wrote a book on the subject, says that ?in smart crowds, people cooperate and work together even when it?s more rational for them to let others do the work.? What professional journalism says to its audience, at least in the U.S., is you haven?t the time or inclination to hang around the halls of government or go where news is happening. It?s more rational to let us, the press, do that for you. Go out there and live your life, we?ll keep you informed.

Except it doesn?t always work that way, does it?

NewAssignment.Net is counting on a different kind of rationality: let?s build something that?s really cool and if it?s great other people will use it. This possibility?which gave rise to open source software?was encoded into the World Wide Web by Tim Berners-Lee, the Web?s inventor. ?I designed it for a social effect,? he said in his book, Weaving the Web, ?to help people work together.? When something?s ?on the Web? you can share it with anyone else who?s conected to the Internet. But in the way things turned out the Web grew more quickly as a publishing medium and became ???less of a collaboration medium,??? Berners-Lee wrote.

He thought the Web would be just as useful for a two-person collaboration (husband and wife with a Google calendar) as one that involved, say, 200 people (like the research centers Berners-Lee worked at) or even 2,000. Which is what it might take for one of my dream projects: a cross-partisan, 50-state coalition of citizen volunteers who would read and decipher?for purposes of public understanding?every word of every bill the United States Congress votes on and passes in a given year. No one reads our laws now. The someone who can is likely to be a network. Right now we don?t know how to do projects like that. But maybe some day we will.

A middle path

NewAssignment.Net will use the Web as both a ?collaboration medium,? the way Berners-Lee intended, and a publishing tool, which he also intended. The site will begin as a niche producer that tries to do one kind of work only: open source reporting projects in the pro-am style. It will follow a middle path between good old fashioned we-bring-you-the-world journalism and the new forms that have exploded on the World Wide Web: blogging, citizen journalism, and what the Neterati call social media. (Social because they connect people horizontally to one another, not vertically to The Media.)

?We need to support good journalistic ideas, encourage broader public participation in the reporting process, and explore different newsgathering business models,? writes Chris Ahearn, president of Reuters Media, in a piece at Huffington Post today. He explains why Reuters is supporting New Assignment, and connects the gift to its earlier support for Global Voices Online, ?the largest and most successful international bridge for bloggers.? (See the Boston Globe on it. Global Voices just won the Grand Prize in the Knight-Batten Awards for Innovations in Journalism.)

Reuters, with annual revenues of ??2.4 billion ($4.4 billion) in 2005, sells news and financial information around the world. It competes with the AP, Agence France-Presse, Bloomberg, the BBC and other large providers, although it only recently started offering news directly to what it calls consumers. (Compare Reuters.com and www.ap.org. Different strategies.)

And what does Reuters get for helping with NewAssignment.Net? I?m sure people will have their own answers to that as word gets around about this grant. ?Supporting new and varied networks of creators with different perspectives is good for both journalism and business? is Chris Ahearn?s answer.

?Ultimately, journalism is about the story and the pursuit of truth; it is not about the news industry, a j-school or a traditional newsroom structure,? he writes. ?By building bridges and finding new ways to augment and accelerate the creation of quality journalism, we believe that ultimately the public will benefit and perhaps change their minds about the noble profession of journalism.?

?Our audiences have already moved on.?

Part of the background to the gift is a speech given March 2nd 2006 by Reuters CEO Tom Glocer to the Online Publishing Association. It was called ?The Two-Way Pipe.? Glocer said the news industry ?faces a profound challenge from home-created content-??? everything from blogging and citizen journalism to video mash-ups.?

In 2005 he and his colleagues were worried about a shift in power they saw coming, but ?it was about the consumer as editor,? Glocer said. ?You get the news you want when you want it, either pulled by something like an RSS feed or a Tivo box or pushed by the media company.? This was a legitimate demand. And while companies like his are still catching up with that demand ?our audiences have already moved on-??? now they are consuming, creating, sharing and publishing.? Consumers as producers! That?s a power shift more confounding than the explosion of choice.

His puzzle: ?If users want to be both author and editor, and technology is enabling this, what will be the role of the media company in the second decade of this century?? As Scott Karp pointed out (his blog is about the next era in publishing) Glocer?s answers to that question weren?t very revolutionary.

But some of his observations were keen. ?On the day the Tsunami struck, Reuters had 2,300 journalists positioned around the world, mercifully none were on those beaches,? he said. ?On that fateful day we also had 1,000 stringers around the globe ??? but none of them were there either.? The only way to get the story was from amateurs to whom the tools of media production had been re-distributed. His conclusion: ?You have to be open to both amateur and professional to tell the story completely.?

The voice of god is over in news

Maybe that had something to do with Chris Ahearn?s email to me shortly after my first post on NewAssignment.Net ran, July 24. He said he agreed that something like this was needed and we should meet to discuss it. So we did. He and I worked out the terms of the gift with Dean Wright, senior vice president and managing editor for Reuters online, mobile, and interactive TV services. (Wright is formerly editor-in-chief and managing editor for news at MSNBC.com.) I asked him to explain to Comment is Free and PressThink readers what his interest in this project was.

What are you seeing in the evolution of the Internet?and in the development of Reuters consumer services?that persuades you the time is right for initiatives like this?

Dean Wright: I believe it?s clear that the days of the mainstream media being the ?voice of God? are over. The Internet has brought about a new mainstream in which the boundaries between consumers of content and creators of content have virtually disappeared, along with the old news cycle. There is a wide world of newsgathering resources and global conversations that we in the old mainstream media ignore at our peril. Reuters, because of our worldwide presence and our editorial strength, has an important role to play in facilitating these global conversations. Our support for Global Voices Online and our use of Global Voices content in our coverage of major news events is one example of what we?re doing. So an initiative like NewAssignment.Net, which brings together citizen contributors and journalists, is very much in line with our thinking.
NewAssignment.Net proposes a pro-am model for Internet journalism, in which citizen contributors will work closely with journalists on reporting projects. Obviously you believe this ?mixed? approach has some promise, or you wouldn?t be supporting it. What?s the potential?

Dean Wright: In this model it?s clear that quality journalism matters. That?s very important to me. By having citizen contributors, it?s a bit like having an army of stringers and sources at your disposal, generating tips and story ideas and then taking another step: gathering information in a volume and across geographies that a traditional news organization would find very difficult, if not impossible.

You?re an experienced editor and news executive. NewAssignment.Net is a newcomer, with no brand name, no track record. It?s not a part of any news organization. And yet it?s proposing to do reporting projects, not blogging or opinion journalism. What do you think is going to be the hardest part for this initiative, the biggest obstacles it will have to overcome?

Dean Wright: The biggest initial problem will probably be the same one that the more minor players in the mainstream media have: getting your calls returned. Then when you complete a project and publish, you may find that other media outlets are reluctant to pick up your stories. So it?s important to do some compelling projects that cannot be ignored. Ultimately, it?s all about the journalism.

Ultimately it is. But not the journalism that grew up on the old platform. That was one way communication, in a one-to-many pattern. Production was strictly for pros, and the platform itself was ?read only,? as Lawrence Lessig says. The Net is two-way and it favors a many-to-many pattern. It?s read-write and perfect for pro-am production. When reporting adapts itself to those conditions what will it look like? My hope is that we?re about to find out.

To the networks, journalists

I agree with Nicholas Lemann of the New Yorker (also the Dean of the Columbia School of Journalism) who in a much-discussed essay?Jeff Jarvis called it a papal bull?on journalism without journalists said ?the Internet is not unfriendly to reporting; potentially, it is the best reporting medium ever invented.? He was skeptical of the results so far. I say when the art of network formation comes fully into it we?ll see how good Web journalism can be.

Now that I have an editor I want a second person and I won?t launch without it. Editors in my scheme have to figure out what a good smart mob story is and how to configure production when you have hundreds of Mrs. Panstreppons. Big job. Someone else, a second hire, has to configure the networks, draw in volunteers and worry about openness, participation, making it fun and meaningful for people. The first assignment I will give the new hire is to read Weaving the Web. Which is the basic job description: web weaving for the purpose of finding stuff out and telling the public.


After Matter: Notes, reactions & links?
This post also ran at the Guardian?s Comment is free.

Mark Glaser at Media Shift makes The Case for Citizen Ownership of the Los Angeles Times. It includes ?reading public contributes money, intelligence, fact-checking,? which he says is ?complicated but doable.? Glaser is an (unpaid) adviser to NewAssignment.Net.

Angela Gunn, USA Today?s Tech Space blogger, covers the announcement:

It?s heartening to see one of the old-line news organizations put up some funding for this thing. Believe me, all but the most head-in-sand among us journalist types know our industry?s got to change. A lot of us are looking forward to it ? it?s an exciting time to be telling the news and the possibilities are invigorating, if you?re not scared to death (and sometimes even if you are). But journalism, like too many other industries, is in many respects too hidebound to generate revolutionary change from within, particularly when most big companies have a layer of folks of top who still suspect this Interweb stuff is a passing annoyance. If NewAssignment.net can blaze trails, I think many of us hope to follow, whether inside or outside the traditional media-industry structures. In any case, it bids to be one heck of a show.
Jason Boog at The Publishing Spot: ?In the surprise marriage of the year, a big time newswire just hooked up with a band of citizen journalism upstarts?.?

?Without corrective action, we are in danger of the public losing faith in the fourth estate,? writes Chris Ahearn, president of Reuters Media, at Huffington Post. ?Even reporters have a gloomy take on their profession. In a recent survey by the Pew Research Center for the People & the Press, a mere 15 percent of national print reporters cited journalism?s traditional watchdog role as something the profession did well.?

From Editor & Publisher?s coverage:

Reuters says it will have no editorial control over the site?s projects, and it will not hold right of first refusal for any of the stories that the site is covering.
We felt it was best to keep it clean.

Ian Delaney, a journalist based in London who follows Web 2.0 developments, has quite an intelligent reaction. See his Man Bites Mainstream Media:

So the editor needs to be a maven. S/he develops a cult of personality around what they do, strong enough to win the trust and support of large numbers of readers. NewAssignment editors will also have financial backing from sponsors and so won???t need to pass the cup around their readers.
Instead, the readers suggest topics for investigation, and help provide data. Presumably, the editors then use their discretion to choose the non-nutty options. So this is a news site that might cover the plight of illegal torrent sites one day, dental amalgam the next and Panda Baiting the day after. And at the same time, despite flipping from subject to subject, the editor is developing a cult following.

No. That wouldn???t work. You???d have a number of sites. Each of them would only investigate subjects around one quite narrow area, an area the editor is already passionate and knowledgeable about.

Basically that?s right. The news is we have funding for one editor. The plan is that if NewAssignment ever grew into a news organization it would be organized around many editors, each a maven with a mini-site. That?s why I have sometimes called a NewAssignment editor a ?blogger with a war chest.?

My favorite part of Delaney?s response is something simple and rare. He read the damn posts. ?Rosen has already thought through and answered a lot of the immediate objections that might spring to mind (interest groups manipulating stories, sponsors balking at ???inconvenient truths??? & local stories, volunteers will be nutjobs with an agenda).?

It?s remarkable but I am used to it by now: the many people who seem to assume that I wouldn?t think of the same problems it took them ten seconds to think of. A weird, unlikely, and counter-intuitive assumption? yet it happens all the time. But not with Delaney.

Richard Sambrook of the BBC at his blog, Sacred Facts: ?Smart move by Reuters? they seem to have seedcorn capital to keep themselves across the cutting edge of participation and social networks on the web.?

Josh Shear seems to get what I?m doing. ?I think it will be easy to get volunteers to suggest story ideas, because NewAssignment.Net is going to hire freelancers to pick up the story at some point. So, if you?ve got a good idea and a decent head on your shoulders, it may very well be you who gets paid to finish things up.?

Indeed.

Reacting to the news, a Dutch blogger, Hester van de Kaa, says, ?Horizontal journalism will play a large role in the future of professional journalism.? (Translation by Babel Fish.)

Doug McGill (an adviser to NewAssignment.Net): Eight Reasons to Trust ?Amateur? Journalists.

Ross Dawson, a future-of-business consultant who speaks the language of megatrends, says about New Assignment: ?The space in which it is playing, of bringing together the resources and capabilities of amateurs and professionals, is where much of the action will be moving forward in the world of media.?

Bruce Kesler at The Democracy Project says the first assignment should be ?detailing of the backgrounds of the thousands of stringers employed by the major media around the world. There are, at least, three fundamental questions to be answered: Is the world???s media being manipulated, by whom, and how much??

Colin Brayton: ?Reuters Announces $100,000 Grant for NewAssignment.net and I???m offering $50 to the first person to uncover a Gannon ??? or flack under contract to Reuters ??? pursuing an undislcosed agenda through the project under the guise of ?citizen journalism.??

?This is an effort news junkies of all political stripes should be watching. Conservatives especially should look for ways to participate,? says Stephen Spruiell at National Review?s Media Blog. ?If there?s a way to improve the press that?s better than the current tug-of-war over ?objectivity,? we could be seeing its beginnings.?

Dean Wright tells the Washington Square News. ????When NewAssignment.Net launches in the spring, we will be watching closely to see what we can learn about the ???professional-amateur??? model of newsgathering.?

How interesting that on the same day the $100,0000 gift from Reuters was announced, Columbia J-School announced a new Center for Investigative Reporting endowed with a $5 million gift. Traditional investigative reporting, of course. Which is more needed than ever. Still, I could do this entire project for $1 million over two years.

Rebecca MacKinnon, ex-CNN?er and one of the founders of Global Voices, emails PressThink about the Reuters connection:

Reuters top management clearly understands that news organizations need to re-think themselves. On one hand, the principles of good journalism are timeless: good journalism should provide the information - accurate, timely, and with the necessary context and background - that we as individuals require in order to conduct our lives in our own best interest. But while the point of journalism remains the same, the accepted methods of achieving these aim are now broken or badly discredited.
The challenge is: How do you do good journalism while at the same time participating in a give-and-take, a conversation about events, which in turn helps to inform your journalistic work? Reuters realizes the answer is not as simple as getting some of their journalists to blog. In fact that may not be the answer at all. What?s more important is to help journalists figure out how to interact with the blogosphere? that big global, interactive, viral conversation about the things that matter to people. How do you interact with these conversations in a way that makes your journalism more relevant, more useful - and more true to the point of journalism in the first place?

Unfortunately, news organizations today are so stripped-down and budgets are so tight, journalists barely have time to cover their beats properly, let alone learn new things about the internet, figure out ways to innovate, or learn about RSS readers and trackback pings. There is very little R & D happening in news organizations today - and usually it?s being done by the tech people, not the reporters, photographers, writers, and editors. Ironically, information media innovation is not being driven by professional journalists who are actually paid full-time salaries to create media. The innovation is coming from citizen media creators: the people who blog, who podcast, who use YouTube, who edit Wikipedia, and who write open source code in their spare time.

Roy Greenslade at his Guardian blog reports from a European conference of newspaper publishers on the re-launch of the Portuguese newspaper Expresso, ?the weekly broadsheet that has just reinvented itself in a full-colour Berliner format.?

To achieve its transformation, the paper spent 17 months of planning, creating a multi-media open-space office and retraining its journalists (how very Daily Telegraph). It has also listened to its readers. Balsemao attributed its success to his staff having ?come down from Mount Olympus? to learn from the people. They now help to provide content and therefore, he says, ?shine light into corners of society that we often don?t reach.? This giant army of stringers ?bring news in?, he says. But editors ?filter it? because ?they know what is important.?
Sounds familiar.

If you?re interested in NewAssignment.Net, it?s worth following the arguments about Citzendium, ?an experimental new wiki project that combines public participation with gentle expert guidance.? It?s the idea of Larry Sanger, who helped found Wikipedia. See Clay Shirky?s post at Many-to-Many arguing that it won?t work and Sanger?s reply. (Shirky: ?It won?t work, because Sanger overestimates the native level of deference possible in open environments and underestimates the cost of governance.?) More here.

Paul Krugman in his blog at TimesSelect:

So from now on I???m going to post sources for the numbers in each column on TimesSelect, with links where possible (it usually is.) Basically, this is the same thing I do when filing my columns; I always provide sources and links to my copy editors.
A good example of how trust is generated differently in the Net era.

Mark Glaser (we heard from him earlier) reports on a joint project of Global Voices Online and Witness.org, the human rights reporting project founded by Peter Gabriel.

What if you could take videos shot by citizens of human rights violations, such as police brutality or torture, and got them to go viral, bringing more attention to the crimes?
That???s the hope of a pilot Human Rights Video Hub run as a joint venture of Witness and the Global Voices international blog aggregator.","TRUE","",""
"TOMDISP-0001","The Beast Without a Brain: Why Horse Race Journalism Works for Journalists and Fails Us","http://archive.pressthink.org/2008/01/20/the_campaign_pr_p.html","Jay Rosen","1/20/2008","Tomdispatch.com"", ""Salon.com","","","FOUNDATION","Article","text","3587","","The Campaign Press is a Herd of Independent Minds I've got a big new piece up attomdispatch.com(and at Salon.com). My attempt to move beyond lamenting horse race journalism to explain why it persists. ""Campaign reporters tend to be massively other-directed. The reality-check is what the rest of the press is doing."" The piece is called...","This article critiques the 'horse race' style of political journalism, arguing that its focus on polls, strategies, and insider narratives leads to inaccurate and uninformed reporting.  Rosen contends that the media, lacking a collective mind, is prone to 'mindlessness,' driven by conventional routines and a convergence of judgments rather than reasoned analysis.  He points to specific examples from the 2008 presidential primaries to illustrate how this approach fails to inform the public and misrepresents the actual political landscape.","Politics & Democracy, Journalism Theory & Practice, Press & Media Criticism","Horse-race journalism, False balance, Church of the Savvy","","The Rise of the Web & Blogging (2000-2009)","Commentary/Critique","2008 election, campaign coverage, jay rosen, media criticism, political journalism, tomdispatch, 2008 election, Barack Obama, Hillary Clinton, campaign coverage, horse race journalism, horserace journalism, media criticism, political journalism","","","","Jay Rosen","","","2025-06-30 21:27:04","https://drive.google.com/drive/u/0/folders/1rzZQXt-oVXRejKGqej1aGPsKhI2KhnEJ","","","","The job is to make certain that what needs to be discussed will be discussed in time to make a difference and then report on that.","I've got a big new piece up at tomdispatch.com (and at Salon.com). My attempt to move beyond lamenting horse race journalism to explain why it persists. ""Campaign reporters tend to be massively other-directed. The reality-check is what the rest of the press is doing.""

The piece is called The Beast Without a Brain: Why Horse Race Journalism Works for Journalists and Fails Us. It?s about how the campaign media cannot easily make decisions, change course, or learn from its screw-ups because it is a ?herd of independent minds.?

Todd Gitlin (who?s been a critic of horse race journalism for even longer than I have) began his response to ?Beast? this way:

I ranted to a ?60 Minutes? producer that the campaign coverage was shallow, trivial, preoccupied with the evanescent ups and the electrifying downs, the insiders? moods, the rumors and gaffes, and incurious about the candidates? records, and the weight or weightlessness of their arguments, the truth and untruth of their claims, and seemingly indifferent to the stakes of the most consequential election on earth. ?I know, I know,? he said. ?We talk constantly about how to do it better next time.?
That was in 1980.

Seven ?cycles? ago. (A cycle is what a campaign insider calls an election.) Obviously the horse race fulfills a purpose for the press, and that purpose goes on? and on. But what is the point? You?ll have to read The Beast Without a Brain to find out. (Begins after the jump?) Oh, and don?t miss Zack Exley?s detailed report at OffTheBus: Organizing Matters: The Lesson from Hillary?s Nevada Win. A good example of what the horse race press doesn?t know and never will.

The Beast Without a Brain

Why Horse Race Journalism Works for Journalists and Fails Us

By Jay Rosen

Originally published at Tomdispatch.com, Jan. 20, 2008

Just so you know, ?the media? has no mind. It cannot make decisions. Which means it does not ?get behind? candidates. It does not decide to oppose your guy? or gal. Nor does it ?buy? this line or ?swallow? that one. It is a beast without a brain. Most of the time, it doesn?t know what it?s doing.

1. The Herd of Independent Minds

This does not mean you cannot blame the media for things. Go right ahead! Brainless beasts at large in public life can do plenty of damage; and later on ? when people ask, ?What happened here?? ? it sometimes does make sense to say? the beast did this. It?s known as ?the pack? in political journalism, but I prefer ?the herd of independent minds? (from Harold Rosenberg, 1959) because I think it?s more descriptive of the dynamic. Mark Halperin of Time?s The Page (more about him later) calls the beast the Gang of 500. But gangs have leaders, which means a mind. That?s more than you can say about the media.

Now, the pack, lacking a brain, almost had a heart attack when Hillary Clinton won the New Hampshire primary, since they had told us Obama would run away with it because the pollsters told them the same thing. The near-heart attack wasn?t triggered by a bad prediction, which can happen to anyone, but rather by some spectacular wreckage in the reality-making machinery of political journalism. The top players had begun to report on the Obama wave of victories before there was any Obama wave of victories. The campaign narrative had gotten needlessly ? one could say mindlessly ? ahead of itself, as when stories about anticipated outcomes in the New Hampshire vote reverberated into campaigns said to be preparing for those outcomes even before New Hampshire voted.

?PORTSMOUTH, N.H. ? Key campaign officials may be replaced. She may start calling herself the underdog. Donors would receive pleas that it is do-or-die time. And her political strategy could begin mirroring that of Rudolph W. Giuliani, a Republican rival??
That?s Patrick Healy in the New York Times the day of the New Hampshire primary, reporting on what would happen, according to nameless campaign insiders, if events about to unfold that day validated previous reports about what was likely to unfold that day. Healy?s best defense would be: Wait a minute, people with the Clinton campaign actually told me those things. They turned out to be premature and wrong. I didn?t make it up!

Which is true. But when actual facts are used in the construction of news fictions ? and reports about the moves to be made in Hillaryland after Obama won Iowa, New Hampshire, and South Carolina were precisely that, a news fiction ? your story can be accurate, well-edited, within genre conventions, and, at the same time, deeply un-informational, not to mention wrong. In fact, accurate news about the race that subtracts from our understanding of it is one of the quirky features of chronic mindlessness in campaign media.

By mindless I generally mean: No one?s in charge, or ?the process? is. Conventional forms thrive, even if few believe they work. Routines master people. The way it?s been done ?chooses? the way it shall be done.

Independent bloggers, who should have more distance from the pack mind (and often do) were not necessarily better on this score. Greg Sargent of TPM Media ? the blog empire run by political journalist Josh Marshall ? reported as follows on January 7th: ?Camp Hillary insiders who have been with her a very long time, such as Patti Solis Doyle, are worried about the long term damage that could be done to Hillary if she decides to fight on after a New Hampshire loss, though there?s no indication they are yet urging an exit.? Doyle was said to be alarmed about damage to Clinton?s Senate career from staying in the race amid a humiliating string of defeats.

Campaign news in the subjunctive isn?t really news. And primary losses don?t especially need to come at us pre-reacted-to, especially when there is plenty of time to air those reactions once any ?string of defeats? actually happens. But while an individual mind in the press corps is quite capable of realizing this, the herd is not.

A good example would be an MSNBC program I saw just before the New Hampshire voting, where Dan Abrams asked his panel ? including Rachel Maddow, Pat Buchanan, and himself ? what each thought the final vote would be. The guests should have said, ?How do we know? We?re not New Hampshire voters, or professional pollsters.? That would be intelligent ? and accurate. But they did something mindless instead. Each took a few points off the polls everyone else in the pack was reading and gave a ?personal? prediction ? Obama by 4, Obama by 7.

Okay, so it?s not a big offense ? but I didn?t say it was. I said it was an illustration of routine mindlessness. That?s when on-air journalism is dumber than the journalists who are on air.

Greg Sargent ? a smart reporter, quite aware of the absurdities the pack produces ? can, without great difficulty, dial back the use of nameless advisers pre-reacting to things that may not occur. (This post from his boss, Josh Marshall, suggests it may happen.) But the fact remains that his account, defining reactions-before-the-fact as news, was within the existing rules of journalism, relied upon by hundreds of other reporters adding their stories to the larger narrative. There?s nothing to prevent those rules from being changed, of course. Nothing, except for the fact that the media has no mind and so can?t easily change it.

2. Convergence of Judgment

Because we have evolved a way of talking about the news media that fails to recognize this very basic fact ? no mind! can?t decide a thing! ? everyone is free to grant more intentionality to the organism than reasonably exists. Here are just a few samples from recent weeks:

Howard Kurtz of the Washington Post: ?The media have decided, fairly or unfairly, that Iowa was Edwards?s best shot at winning the nomination.?
John Amato, Crooks and Liars: ?The media will treat Democrats much harsher than Republicans from here on in.?
Ken Silverstein, Harpers: ?Another factor in Obama?s favor is (just as the Clinton campaign claims) that the media seems to be strongly in his corner.?
Blogger Tom Watson: ?At the start of the campaign, I didn?t think the national media could possibly be successful in an anti-woman campaign against a Democrat.?
Chris Bowers at Open Left: ?OK, The Media Hates Clinton-But Why??
I think we know why people speak this way. We use collective nouns, even when they mash way too much together, because, despite all the flattening and collapsing, there is some rough justice in saying, ?The media loves Obama right now.? We know we?re speaking imperfectly, or metaphorically, but we also know we?re observing something that?s really happening.

And that?s fine, normal, human even. Nonetheless, it?s important to remember: The media has no mind. It might appear to decide things, but if no one takes responsibility for ?Edwards must win Iowa,? then it?s not really a decision the media made, but a convergence of judgment among people who may instantly converge around a different judgment if it turns out that Edwards isn?t done after failing to win Iowa.

That?s pretty mindless. Strangely, though, the argument that the media has no mind serves almost no one?s agenda, with one exception, ably represented by Jon Stewart, but including all who satirize the news and the news criers, exposing their collective mindlessness and making it almost? enjoyable.

3. ?We have special insight?

John Harris and Jim VandeHei, formerly of the Washington Post, are the top editors of The Politico, a new newspaper-and-web operation that only does politics. After the New Hampshire screw-up, which they called a ?debacle? and a ?humiliation,? Harris and VandeHei asked themselves why their profession, political reporting, ?supposedly devoted to depicting reality, obsesses about so many story lines that turn out to be fiction.?

This is an excellent question and it?s admirable that they don?t mince words in framing it. ?The loser ? not just of Tuesday?s primary but of the 2008 campaign cycle so far ? was us,? they write. That would be the pack, ??the community of reporters, pundits and prognosticators who so confidently ? and so rashly ? stake our reputations on the illusion that we understand politics and have special insight that allows us to predict the behavior of voters.?

A key point: ?we have special insight.? The current generation of political reporters has based its bid for election-year authority on its horse race and handicapping skills. But reporters actually have no such skills. Think: what does a Howard Fineman (Newsweek, MSNBC) know about politics in America? I mean, what would you logically turn to him for? It?s got to be: Who?s ahead, what?s the strategy, and how are the insiders sizing up the contest? That?s supposedly his expertise, if he has any expertise; and if he doesn?t have any expertise, then what is he doing on my television screen, night after night, talking about politics?

Even if Fineman and company had it, the ability to handicap the race is a pretty bogus skill set. Who cares if you are good at anticipating events that will unroll in clear fashion without you? Why do we need people who know how this is going to play out in South Carolina when we can just wait for the voters to play it out themselves?

Among the ?bogus narratives? the campaign press has developed so far, the Politico editors chose three to illustrate their humiliation. John McCain?s ?collapse? in the summer of 2007, which meant we could write him off; Mike Huckabee?s win in Iowa, where the candidate without an organization took a state where electoral success, we were assured, was all about organization; and Obama?s ?change the tone in politics? campaign which, according to the Gang, was not going to be in tune with the voters? rawer, more partisan feelings in ?08. All three were a bust, suggesting political journalists have no special insight into: How is this going to play out? What they have are cheap, portable routines in which you ask that kind of question, and try to get ahead of the race. This, too, is what I mean by mindlessness.

?If journalists were candidates, there would be insurmountable pressure for us to leave the race,? say Harris and VandeHei about their sorry-ass performance in ?08. But they?re at sea in trying to explain why such things happen. They blame addiction to the game of politics, journalists and their sources hanging out too much together, and personal bias among reporters unconsciously rooting for the candidate who is more fun to cover. Those are certainly three factors. Another 23 could be listed without running out of plausible reasons, because what they?re really grappling with is routine mindlessness in their institution. Explaining that is a bit harder.

4. ?Removed from the experience?

A much better attempt was this short and consistently to the point entry by Christopher Hayes of the Nation magazine: ?WHY CAMPAIGN COVERAGE SO OFTEN SUCKS.? He starts with something that is known to everyone in the pack: Campaign reporting is an essay in fear.

?Reporting at events like this is exciting and invigorating, but it?s also terrifying. I?ve done it now a number of times at conventions and such, and in the past I was pretty much alone the entire time. I didn?t know any other reporters, so I kept to myself and tried to navigate the tangle of schedules and parking lots and hotels and event venues. It?s daunting and the whole time you think: ?Am I missing something? What?s going? Oh man, I should go interview that guy in the parka with the fifteen buttons on his hat.? You fear getting lost, or missing some important piece of news, or making an ass out of yourself when you have to muster up that little burst of confidence it takes to walk up to a stranger and start asking them questions.?
Whereas he had once thought of it as a rookie?s experience, this year he learned that the fear never goes away. ?Veteran reporters are just as panicked about getting lost or missing something, just as confused about who to talk to. This why reporters move in packs. It?s like the first week of freshman orientation, when you hopped around to parties in groups of three dozen, because no one wanted to miss something or knew where anything was.?

It is rare to find a campaign correspondent who is inner-directed, with a vision of how to report on the election season that sends her off on her own. Campaign reporters tend to be massively other-directed. The reality-check is what the rest of the press is doing ? and the Web makes it far easier to check. Mindless.

?When you go to one of these events as a reporter, there?s part of you that?s aware that you don?t really belong there,? writes Hayes.

?You?re an outsider, standing on the edges observing the people who are there doing the actual stuff of politics: listening to a candidate, cheering, participating. So reporters run with that distance: they crack wise, they kibbitz in the back, they play up their detachment. That leads to coverage that is often weirdly condescending and removed from the experience of politics.?

Removed from the experience. Well, yeah. That is the number one virtue of horse-race reporting and the inside baseball mentality: speed of removal from the immediate experience. Hayes thinks the ?worst features of campaign reporting? can be traced back to the ?psychological defenses that reporters erect to deal with their insecurities.? First line of defense: pack behavior. A second is what the Politico guys said: ?the illusion that we understand politics? and with our special insight can predict the behavior of voters, anticipate a turn in the narrative, divine a winning strategy.

Maybe this illusion is reproduced for us because it is fear-reducing for them to mount the horse-race production.

5. Under the influence.

In November, Mark Halperin of Time, who is both a student of pack behavior and a creature of the pack, wrote a revealing op-ed piece about this ?illusion that we understand.? He said he had been under the influence of Richard Ben Cramer?s massive and fascinating book, What It Takes, about the 1988 battle for the White House. Halperin wrote:

?I?m not alone. The book?s thesis ? that prospective presidents are best evaluated by their ability to survive the grueling quadrennial coast-to-coast test of endurance required to win the office ? has shaped the universe of political coverage.
?Voters are bombarded with information about which contender has ?what it takes? to be the best candidate. Who can deliver the most stirring rhetoric? Who can build the most attractive facade? Who can mount the wiliest counterattack? Whose life makes for the neatest story? Our political and media culture reflects and drives an obsession with who is going to win, rather than who should win.?

Right there, Halperin identifies the roots of mindlessness in campaign coverage: All right, press team, when that door opens, I want you go out there and find out for us? WHO IS GOING TO WIN?

That?s the baseline question. But how good a question is it?

The only decent definition of ?information? I know of states that it is a measure of uncertainty reduced. But voters are the ones who reduce uncertainty in elections. They can do it pretty well themselves, without the help of horse-race journalists. Halperin once thought it fine to obsess over ?the race,? because he considered the race a good proxy for the leadership test we?re supposed to be conducting during the now-well-more-than-a-year it takes to elect a new president.

?But now I think I was wrong,? he writes. George W. Bush passed his horse-race test and flunked the leadership test once in office. So did Bill Clinton, Halperin says. Both were good campaigners and strategists. Their weaknesses only became glaring to the pack when they were in office, he argues.

Let me say it again: Reporters have no special insight into how elections will turn out. According to Halperin, a thesis that has ?shaped the universe of political coverage? is false; the rigors of the race do not produce good outcomes. So what does the pack do now? ?Well, we pause, take a deep breath and resist. At least sometimes? we can try to keep from getting sucked in by it all.?

This is the same limp remedy Harris and VandeHei offered. They know they?re stuck with horse-race journalism. They know what a mindless beast it can be ? and what a mindless beast they can be. And, above all else, they know they?re not going to change it. After all, they are it. Glenn Greenwald of Salon was right to point to this exchange between NBC?s Tom Brokaw and Chris Matthews as the results from New Hampshire came in?

?BROKAW: You know what I think we?re going to have to do?
?MATTHEWS: Yes sir?

?BROKAW: Wait for the voters to make their judgment.

?MATTHEWS: Well what do we do then in the days before the ballot? We must stay home, I guess.?

Matthews was being the realist: Without who?s-going-to-win, ?we? might as well stay home. Brokaw (now long retired as the face of the NBC brand) gave him an apt warning in response: ?The people out there are going to begin to make judgments about us if we don?t begin to temper that temptation to constantly try to get ahead of what the voters are deciding.? But he was speaking as if the media had a mind and could shift course.

6. Less innocence, more politics.

Let?s see if we can bring these strands together. I?ve been picking at the weaknesses of horse-race coverage, but to really understand it we need to appreciate its practical strengths.

Who?s-gonna-win is portable, reusable from cycle to cycle, and easily learned by newcomers to the press pack. Journalists believe it brings readers to the page and eyeballs to the screen. It ?works? regardless of who the candidates are, or where the nation is in historical time. No expertise is actually needed to operate it. In that sense, it is economical. (And when everyone gets the winner wrong the ?surprise? becomes a good story for a few days.) Who?s going to win ? and what?s their strategy ? plays well on television, because it generates an endless series of puzzles toward which journalists can gesture as they display their savviness, which is the unofficial religion of the mainstream press.

But the biggest advantage of horse-race journalism is that it permits reporters and pundits to ?play up their detachment.? Focusing on the race advertises the political innocence of the press because ?who?s gonna win?? is not an ideological question. By asking it you reaffirm that yours is not an ideological profession. This is experienced as pleasure by a lot of mainstream journalists. Ever noticed how spirits lift when the pundit roundtable turns from the Middle East or the looming recession to the horse race, and there?s an opportunity for sizing up the candidates? To be manifestly agenda-less is journalistic bliss. Of course, since trying to get ahead of the voters can affect how voters view the candidates, the innocence, too, is an illusion. But a potent one.

Imagine if we had them all ? the whole Gang of 500 ? in a room and we asked them (off the record): How many of you feel roughly qualified to be Secretary of State? Ted Koppel having retired, no hands would go up. Secretary of the Treasury? No hands. White House Chief of Staff? Maybe one or two would raise a hand. Qualified to be President? No one would dare say that. Strategist for a presidential campaign? I?d say at least 200 hands would shoot up. Reporters identify with those guys ? the behind-the-scenes message senders ? and they cultivate the same knowledge.

What a waste! Journalists ought to be bringing new knowledge into the system, as Charlie Savage and the Boston Globe did in December. They gave the presidential candidates a detailed questionnaire on the limits of executive branch power and nine candidates responded. This is a major issue that any candidate for president should have to address, given the massive build-up of presidential power engineered by George W. Bush and Dick Cheney. We desperately need to know what the contenders for the presidency intend to do ? continue the build-up or roll it back? ? but we won?t know unless the issue is injected into the campaign.

Now, that?s both a political and a journalistic act. And where does the authority for doing such things come from? There is actually no good answer to that within the press system as it stands, and so the beast would never go there.

The Globe?s questionnaire grew out of Savage?s earlier reporting on the ?unitary executive? and the drive to create an ?unfettered presidency.? (See this PBS interview with Savage; also, contrast the Globe?s treatment with more of a throwaway effort from the New York Times.)

Here, the job of the campaign press is not to preempt the voters? decision by asking endlessly, and predicting constantly, who?s going to win. The job is to make certain that what needs to be discussed will be discussed in time to make a difference ? and then report on that.

Jay Rosen teaches Journalism at New York University, and is the creator of the blog, PressThink. He also writes for the Huffington Post. In July 2006 he started NewAssignment.Net, his experimental site for pro-am, open source reporting projects. He is the co-publisher with Arianna Huffington of OfftheBus, a collaboration between NewAssignment.Net and the Huffington Post in which citizen journalists tackle the ?08 campaign.","TRUE","",""
"ROMENES-0001","PressThink: Three Vetting Stories Went Awry at the New York Times: Find the Pattern.","http://archive.pressthink.org/2008/02/28/three_bizarre_v_p.html","Jay Rosen","2/28/2008","Romenesko"", ""Huffington Post","","","CRITICISM","Article","text","211","","Three Vetting Stories Went Awry at the New York Times: Find the Pattern. Obama'sdrug use. Hillary'smarriage. McCain'slobbyist.The New York Times made weird decisions in all three. So what gives? Here?s my letter to Romenseko , the news trade?s online gathering place. (Also at the Huffington Post .) Romenesko readers, help me out here: The New...","Jay Rosen questions the New York Times's handling of  'vetting' stories on Obama, Clinton, and McCain, noting the bizarre and ineffective nature of each.  He poses the question to Romenesko readers about commonalities in these failures and invites responses.","Politics & Democracy, Journalism Theory & Practice, Press & Media Criticism","The Production of Innocence, He said/she said journalism, Horse-race journalism, False balance","","The Rise of the Web & Blogging (2000-2009)","Commentary/Critique","clinton, mccain, obama, political journalism, press criticism, vetting, Clinton, McCain, New York Times, Obama, campaign coverage, journalism ethics, new york times, vetting","An Attractively Against-the-Grain Enterprise?', 'Public Editor to Bill Keller: ?You Haven?t Got it.?', 'Cliff Notes Version of the Q and A with New York Times Readers About the McCain Investigation","","","Jay Rosen","","","2025-06-30 21:27:08","https://drive.google.com/drive/u/0/folders/1rzZQXt-oVXRejKGqej1aGPsKhI2KhnEJ","","","","Each story went weirdly wrong. Each story left people scratching their heads: what were the editors thinking? Each was part of the ?vetting? ritual in which the press imagines itself asking the hard questions of candidates who would be president.","Obama's drug use. Hillary's marriage. McCain's lobbyist. The New York Times made weird decisions in all three. So what gives?
Here?s my letter to Romenseko, the news trade?s online gathering place. (Also at the Huffington Post.)

FROM: JAY ROSEN
Romenesko readers, help me out here:

The New York Times trying to ?vet? Obama. (On youthful drug use.)

The New York Times trying to ?vet? Hillary Clinton. (On the state of her marriage.)

The New York Times trying to ?vet? John McCain. (On cozy ties with lobbyists.)

Each story went weirdly wrong. Each story left people scratching their heads: what were the editors thinking? Each was part of the ?vetting? ritual in which the press imagines itself asking the hard questions of candidates who would be president. Each has a touch of the bizarre to it.

My question to you: what is going on here? Anything in common among the cases?

It?s just a question. I?ll post any good answers I find.

For that see my follow-up, ?An Attractively Against-the-Grain Enterprise??

And also: Public Editor to Bill Keller: ?You Haven?t Got it.? and Cliff Notes Version of the Q and A with New York Times Readers About the McCain Investigation (both Feb. 25, 2008.)","TRUE","",""
"TOMDISP-0002","PressThink: Off the Charts: Sinclair Broadcast Group's Political Vision","http://archive.pressthink.org/2004/11/16/snclr_vision_p.html","Jay Rosen","11/16/2004","TomDispatch.com"", ""Mother Jones"", ""Alternet"", ""Lew Rockwell","","","APPEARANCES","Article","text","3784","","Off the Charts: Sinclair Broadcast Group's Political Vision ""Sinclair got here by flying under the radar, the preferred method of winning regulatory relief. But that phase is clearly over. Some might say the system worked: Sinclair got the message, and retreated. I say the system jerked, and Sinclair realized how little there is to stop...","This article analyzes Sinclair Broadcasting's actions in the lead-up to the 2004 election, focusing on their decision to air the anti-Kerry documentary ""Stolen Honor"" across their 62 stations.  The author argues that Sinclair's actions defied standard broadcasting practices and revealed a political ambition beyond that of a typical commercial broadcaster.  Sinclair's actions, including their refusal to air Ted Koppel's ""The Fallen"" on Nightline, demonstrated a deliberate strategy to use their media reach for political influence, transforming their business model into a politically driven one aimed at becoming a powerful conservative voice in the media landscape.","Politics & Democracy, Technology & Digital Media, Press & Media Criticism","Church of the Savvy, False balance, Horse-race journalism, The Production of Innocence","","Early Career & Public Journalism (1989-1999)","Commentary/Critique","2004 election, fairness doctrine, media ownership, nightline, political media, ted koppel, John Kerry, Nightline, Sinclair Broadcasting, Stolen Honor, Ted Koppel, media bias, political broadcasting, sinclair broadcast group","PressThink","","","Jay Rosen","","","2025-06-30 21:27:13","https://drive.google.com/drive/u/0/folders/1rzZQXt-oVXRejKGqej1aGPsKhI2KhnEJ","","","","Sinclair is basically a political empire made of television stations, the first of its kind in our country.","""Sinclair got here by flying under the radar, the preferred method of winning regulatory relief. But that phase is clearly over. Some might say the system worked: Sinclair got the message, and retreated. I say the system jerked, and Sinclair realized how little there is to stop it.""

This originally appeared Oct. 28, 2004 at TomDispatch.com, a site I recommend because it is edited by Tom Engelhardt, a former senior editor at Pantheon Books and a shrewd man with a pencil. The essay also ran at Mother Jones, at Alternet, and Lew Rockwell. I revised and added to it, to take account of events since the election. This is the sixth piece I wrote about Sinclair, and it attempts to summarize how I view the company and the controversy it caused just before the 2004 election.

On October 7th I was interviewed by Elizabeth Jensen, a media-beat reporter for the Los Angeles Times, who sometimes calls me for expert commentary. She had some news and wanted to get my reaction, but my first reaction was disbelief. My second reaction was: ?This is going to be huge.? Yet what she described sounded so improbable. (And in fact part of the story is it never came to pass.)

She said that on all 62 stations owned by Sinclair Broadcasting, at different times, on different nights, but close to the election??like within ten days??Sinclair was going to interrupt the prime-time programming offered by different networks in different cities where it owns affiliates, and put on the air Stolen Honor, an anti-Kerry documentary?agitprop, as it used to be called?featuring former POWs in Vietnam who, in essence, charge John Kerry with treason for his anti-war efforts. And they were doing all this because?.?

It didn?t make any sense. You couldn?t complete the because. ?That?s an amazing story you have,? I told her. Then she swore me to secrecy until her account ran, which is standard practice.

What Sinclair was planning to do didn?t make sense within any known model for operating a company that owns local television stations under U.S. law. Customary practice had always precluded a political intervention of any kind near the finish line of an election. Ultimately behind this custom was not some grand sense of the public interest shared among civic-minded station owners, but a cold realism about electoral politics. Start interfering in the horse race by backing the wrong horse and regulators from the hostile party are likely to make you pay if their guy wins.

In addition, contested elections divide markets; advertisers don?t enjoy that. They pay the bills. Hello? Kerry voters buy cars and corn flakes, and they watch television. Advertisers don?t want to choose between customer groups, and they don?t want you, their community broadcaster, choosing, either. They don?t want to be making political statements with their ad buys. Why would they?

Across the aisle, so to speak, shareholders haven?t factored the costs of your political statement-making into the share price yet. Do you want them to do so now? These are known facts in the business. By violating them Sinclair let it be known that it was in a different business.

In Search of Sinclair Logic

For all those reasons?commonsensical, ?good business? reasons?plus a little matter of Federal law called the Fairness Doctrine, in force until recently, station owners have held back from any action that would seem to be aiding or attacking a candidate. And the closer to the election, the more cautious they have been. ?Ordering stations to carry propaganda? It?s absolutely off the charts,? said former Federal Communications Commission chairman Reed Hundt, who served under Clinton.

These would be charts that ships of both parties once sailed. Bob Zelnick, ex-Pentagon correspondent for ABC News, is now chairman of the Department of Journalism at Boston University and ?a self-described conservative who says he intends to vote for President Bush.? Zelnick, who on other occasions might be defending a company like Sinclair, told Salon?s Eric Boehlert, ?Whether you?re liberal or conservative, if you have roots in the journalism profession, there are core values that transcend and need to survive election to election. You avoid airing, very close to election, highly charged, partisan material that takes the guise of a documentary.?

Sinclair was not only breaking with bi-partisan broadcast custom, it was smashing idols (?core values?) by threatening to show a 42-minute film, Stolen Honor, which by any measure was ?highly charged, partisan material.? (Script here, review here.) The interesting part to me was: Why risk it? Acquiring Stolen Honor with the intention of using it must have fit into Sinclair?s vision of itself somehow, but how?

So I went in search of Sinclair logic. (As a journo-blogger, I mean.) This was a company I knew a little about from an earlier episode, equally strange and compelling in its way. Last April, Ted Koppel decided to read the names of U.S. soldiers killed in Iraq on a Nightline. It was called ?The Fallen.? Sinclair sent a clear message: no way, Ted. We won?t permit it on the eight ABC stations we own. (See PressThink on it.)

Koppel said it was the first time anything like that had happened to Nightline. (A true statement, I believe.) In an open letter to Sinclair executives, Senator John McCain denounced the company for refusing to air the program. Sinclair?s CEO David Smith wrote a response giving no ground whatsoever.

Notice how his letter instantly politicizes and historicizes the situation, including the ?everyone knows? tone that only the ideologically committed have with contentious facts. He is totally comfortable on that turf. This is key. It isn?t normal for local station owners who are network affiliates to speak like this. But in culture war it is of course completely normal. It?s simple, Smith said?

Nightline is not reporting news; it is doing nothing more than making a political statement. In simply reading the names of our fallen heroes, this program has adopted a strategy employed by numerous anti-war demonstrators who wish to focus attention solely on the cost of war. In fact, lest there be any doubt about Nightline?s motivation, both Mr. Koppel and Nightline?s executive producer have acknowledged that tonight?s episode was influenced by the Life Magazine article listing the names of dead soldiers in Vietnam, which article was widely credited with furthering the opposition to the Vietnam war and with creating a backlash of public opinion against the members of the U.S. military who had proudly served in that conflict?
And ?The Fallen? went unseen in Sinclair cities. Now, this was not normal practice when it came to a controversial broadcast by a network news division. ABC and Ted Koppel would normally be held responsible for the content of Nightline? not Sinclair Broadcasting. The owner of a local station would not endorse ?The Fallen? simply by distributing the regular ABC schedule. An affiliate could ?stay out of it? simply by referring questions and complaints to ABC News. The producer of the program is the one who takes the editorial risk; that?s good business, good journalism, and common sense.

But Sinclair had other ideas. It had no desire to stay out of the politics of ?The Fallen.? It wanted in, because this was a doorway to a new business model: the political broadcaster. And so its executives went out of their way to create controversy from the Koppel show, especially when they accused ABC News of disloyalty to the American cause. ?The action appears to be motivated by a political agenda designed to undermine the efforts of the United States in Iraq,? Sinclair insisted in a statement posted on its website during that week in April.

It may not have been clear to me then where Sinclair was going, but after Elizabeth Jensen?s phone call, I realized that the anomalies were beginning to mount: Sinclair was taking actions not normal for a commercial broadcaster because it was not a normal broadcaster at all. It had political ambitions new to our mainstream media, including an urge to speak out publicly and involve itself as a company in controversy. The more carefully you examined its moves, the clearer and more self-conscious the political design was.

Take the 62 stations it either owns or controls in 39 markets, reaching at least one quarter of the country, including 8-9 swing states in the current election. Take its amazing record of success in pushing beyond the old limits on ownership that once prevented a company like Sinclair from controlling more than a handful of television stations. Or take its plan to keep growing by accumulating more properties (TV, radio, and ? it hopes ? newspapers) in markets where it already owns one or two TV stations.

Take its vision of a new kind of national news service, NewsCentral, controlled from Sinclair headquarters, embedded in local news hours around America, and more aggressive than Fox News Channel in ?correcting? for liberal bias. Finally, take the editorial voice in which Sinclair broadcasts its views to the nation? that of Mark Hyman, Vice President for Corporate Affairs at Sinclair?a lobbyist?and the sole proprietor of a commentary slot called ?The Point,? a few minutes of air time created just for him to rant from the Right on all Sinclair stations in all 39 markets, an arrangement so unusual that Hyman literally has no peer in America. No one else has a job even remotely like his.

In these ways, and others earlier described during my search, Sinclair revealed its intentions: to become the broadcast network that ur-conservative candidate Barry Goldwater never had. I say that because Sinclair was constructed not on a normal business model, but on a mountain of debt placed on a bet that a company of its size would be allowed to exist in the political environment that was then unfolding. But then the whole gamble was it?s not just unfolding, you can push the regulators on the ?de? part. And while this would normally be done through lobbying, donations and political influence behind the scenes, Sinclair?s more aggressive style had spawned a more aggressive politics. Way more public.

Here, then, is part of a typical Mark Hyman on-air commentary in which the role of the decadent, corrupt liberal elite is played by Hollywood celebrities who involve themselves in politics. It?s a Rush Limbaugh or Sean Hannity message with the usual ?hot? language and stark imagery, but this time the speaker is a media executive. So the head lobbyist and spokesman is of himself an ideological figure in the Sinclair way:

Did the postal carrier argue that you need to pay even more in taxes? Common, everyday workers don?t lobby you on issues of the day. But Hollywood celebrities and other entertainers believe it?s their job to tell you how to vote.
Consider that many famous celebrities live lifestyles exceeding that of royalty. They live in gated homes, sometimes with security guards. Their children attend high-priced expensive schools. They eat in restaurants that don?t admit average diners like you and me. They drive or are driven in luxury cars.

Often they are on their third, fourth or fifth marriage or relationship. Or both at the same time. Illegal drug use and alcohol abuse are common. They use their status to get free travel, hotel rooms, food and entertainment. They throw public fits if they don?t get special privileges?.

A Political Empire Made of Television Stations

Sinclair, I came to see, wasn?t a normal media conglomerate in the making, not even in the Rupert Murdoch mold with forays into right-wing politics. It was a kind of political force accumulating broadcast assets, intending to use them at strategic moments in order to keep growing, yes, but also to swell in influence, reputation, ?voice.? Between the last election and this one, Sinclair had developed the capacity to intervene in politics using its 62 local stations as loudspeakers for a message synthesized at the center.

That?s what ?The Point? starring Hyman is: a demonstration of Sinclair?s power to speak out nationally and from deep within the cultural resentments of the Right. And that?s the same Mark Hyman who then deals with government regulators and agencies, trying to get the best deal for Sinclair, a company that has a history of constantly pushing the regulatory envelope. It owes its whole existence to the politics of deregulation, which must be pushed ever harder to provide Sinclair with the opportunities it wants. As Barry M. Faber, Sinclair?s general counsel, told the Washington Post, ?we are a deregulation company.? That puts it very well.

How much extra power does Hyman have in negotiations with politicians and regulators by virtue of being on the air and ranting every day, or by virtue of his perceived influence at NewsCentral? I don?t know the answer. But I think Sinclair is organized to find that answer out and apply it with force. Thought of another way, Sinclair is basically a political empire made of television stations, the first of its kind in our country. That empire acted once with ?The Fallen,? then again with the threat of airing Stolen Honor. It tried to use the film to pressure Kerry onto the air for a one-hour program where he would have had to confront the POW?s charges of treason ten days before the vote.

As it turned out, the ploy was far-fetched and it didn?t work, but if everything had fallen the right way, Sinclair would have delivered a second Vietnam groin-kick?the first being the ads from the Swift Boat Veterans for Truth?to Kerry, thus knocking down his numbers at just the right time to turn the election?s outcome. Not only would the company have cashed in and gotten the regulatory relief it wanted during a second Bush term, but it could have started to cast a bigger shadow politically and with its news operation. Simple example: the Bush team sends a message down the line: When you?re stiffing the rest of the press, remember to feed NewsCentral and strengthen Sinclair.

?Off the charts,? former FCC?er Reed Hundt said about the Stolen Honor scheme. And he was, of course right; if we stand here in November 2004, looking back at the era of broadcast regulation ? the one we grew up with. But those charts are no longer valid; they don?t actually tell us where we are. This is what Sinclair, a nouveau media company, is saying to us loud and clear: Turn around and look ahead to where that speeding train, deregulation, is going! It?s been happening for 15 years, in Democratic and Republican administrations. Changes in law, public policy, technology, and the media industry have made possible a new kind of media enterprise: the imperial political broadcaster that involves itself in public fights as a way of showing others what it stands for, what it?s willing to do, and what kind of muscle it has.

Unlike a traditional broadcaster, Sinclair didn?t want to stay out of the election. It wanted in, and that?s how the whole Stolen Honor episode began. But it miscalculated wildly on what the consequences would be when its plans became known. Sinclair wanted to intervene in the election by jockeying with Kerry and publicizing the POW charges; it was willing to be bold. But imagination and the will to be outrageous failed the company at the critical moment. It was not quite bold enough to say: we have a First Amendment right to intervene (which may in fact be true), and to air a propaganda film in the final stretch of the campaign ? and if we decide to do that, we damn well can. Sinclair wasn?t willing to be that up front. The path it took instead was to label the Stolen Honor documentary ?news? rather than call it ?politics? or ?commentary.? News a decadent elite would not allow through to America.

As the New York Times reported: ?Mark Hyman, Sinclair?s vice president for corporate relations, who doubles as a conservative commentator on its news stations, said the film would be shown because Sinclair deemed it newsworthy.? Here is Hyman with a sympathetic Brit Hume of Fox News. Hyman is trying to suggest that Sinclair had no choice but to seek a forum for the POWs to air their allegations. After all, he claimed, it can?t determine when news is going to break, can it?

HUME: So what is your response to the allegation that this is basically a political smear, 30 days or less before the election?
HYMAN: Well, we can?t dictate the fact that these folks were Vietnam POWs, that they finally broke 31 years of silence on the topic they feel is important to them. They recently came forward. We understand from the filmmakers that they approached the broadcast networks about a month ago, and asked to have an audience, if you will, and were turned down flatly.

So when it became available to us, we spent a few weeks vetting their stories to make sure these people were exactly who they were, make sure there were no forged documents in this process. And then we said look, the story is legitimate. They?ve made some allegations, and they need to be aired. Because frankly, up until two days ago, most people in America have never heard of these people because the news gatekeepers have not addressed their topics.

Disappointing the Soldiers of the Right

When news got out about Stolen Honor, and Kerry wouldn?t play ball, political opposition to Sinclair crystallized overnight ? including pressure on advertisers to cease doing business with a company that would intervene in politics that way. The company?s stock price went into a free fall. Democrats in Congress reacted furiously. Wall Street professionals sounded worried. Press attention was almost totally negative. Sinclair had created a storm, deliberately it seems, but like a beginning surfer it didn?t know how to ride the wave and get swept somewhere new.

At the climactic moment, when it had to decide what to put on the air, it did not do what its constituency on the cultural Right was hotly expecting. It did not broadcast Stolen Honor during the election?s final days, or get Kerry under its studio lights. The disappointment to the soldiers of the Right was palpable. At last, they had thought, the party of Barry Goldwater has its own television network.

They were shocked by the final program: ?A POW Story,? which aired Oct 22nd. It had only a few minutes from Stolen Honor, offset by a few minutes from Going Upriver, a pro-Kerry agitprop film. The POWs spoke. But other Vietnam Vets spoke about the integrity of Kerry?s anti-war stance. (Ratings were low too.)

In a clumsy and improvised way, Sinclair retreated to a ?balanced? presentation, because it did not know what else to do in a messy political jam. The very charts it went off by hatching its scheme it was back on by episode?s end. The Baltimore Sun?s television critic David Zurawik had a shrewd assessment of what eventually aired ? a mediocre program that in no way justified the risk of market meltdown or the cost in reputation that Sinclair had paid since the news about Stolen Honor broke. ?The show seemed more an attempt by Sinclair to dig its way out of controversy than an examination of the Vietnam War record and anti-war protests of Democrat John Kerry, as promised,? wrote Zurawik.

In an opening statement, anchorman Jeff Barnd tried to cast Sinclair as a victim of those who would deny the broadcast company basic First Amendment rights. ?It boils down to a fight over the First Amendment,? Barnd said. ?Some people are trying to suppress the rights of free speech.?
He attempted to create the sense that Democrats in Congress, Kerry?s campaign attorneys and others in government were trying to keep Sinclair from airing the show ? all part of what Barnd called ?spin alley.?

So Sinclair ultimately backed down. But it did manage to portray itself as a victimized free speaker whose rights were being threatened. (And just before the election, a conservative media group, NewsMax, bought infomercial time on the Pax broadcast network to show the entire movie.) Sinclair, the empire that makes politicized television, locally distributed, centrally controlled ? that creature remains intact. It will be one of the media companies to watch during the second Bush administration, because it needs to get bigger and it lives off the momentum of continued deregulation.

It also thrives in an atmosphere of culture war. Indeed, after the election, David Smith said the controversy about Stolen Honor had been good for the company. ?The thing that has really gone unnoticed by most is the promotional value we?ve received ? which is probably worth tens of millions of dollars,? he boasted.

The company began its expansion in 1991 and has been on a steady rise ever since. Eight years of Clinton and four years of Bush are responsible for the Sinclair we have now? a ?deregulation company,? as its counsel says. Despite its recent defeat, Sinclair is still an off-the-charts firm. To account for its presence we need new charts. Trust me, those of you who follow politics. You are going to hear from Sinclair again.

With Bush as President, the company will continue to grow as the rules continue to fall. Sinclair got here by flying under the radar, the preferred method of winning regulatory ?relief.? But that phase is clearly over. (See this action.) Some might say the system worked: Sinclair got the message, and retreated. I say the system jerked, and Sinclair realized how little there is to stop it.


After Matter: Notes, reactions & links?
PressThink?s earlier Sinclair coverage:

Sinclair Goes to Air Friday Night: Notes and Comment on ?A POW Story?
Sinclair wanted to play Mike Wallace. It imagined grilling Kerry about his actions against the war. The goal was never to air Stolen Honor, though the furor has been about Stolen Honor. The play they were making was: Get Kerry on video so we can edit his words (and splice in the POWs). Friday?s show will be a much diluted version of that idea. (Oct. 21)

?Call it Commentary, Call it Editorial, Call it Programming, but Don?t Call it News.? Sinclair Fires Jonathan Leiberman By interfering from above (?you will interrupt your schedule, you will run this program, you will call it news??), and by coloring the news to match the Right?s view of the world, Sinclair hopes to flush out employees who cannot get with its agenda. ?All liberals leave? is the message. (Oct. 19)

Sinclair Broadcast Group: What Are They Doing in the Middle of Our Election? ?What Mark Hyman has been saying to the point of braying it is? let?s negotiate. John Kerry can keep Stolen Honor off the air by replacing it with himself. Sinclair has no other invitations out. So I say send Mike McCurry and Richard Holbrooke to Baltimore. They negotiate. Five minutes of film, 55 minutes of Kerry answering questions sounds about right to me?? (Oct. 16)

Agnew with TV Stations: Sinclair Broadcasting Takes On John Kerry and The Liberal Media. ?In a commercial empire it makes no sense to invite a storm like Stolen Honor. But imagine a firm built for that sort of storm. Is Sinclair Broadcasting a media company with a political interest, or a political interest that?s gotten hold of a media company and intends to use it? There are plenty of signs that a different animal is emerging.? (Oct. 13)

John Kerry Should Accept Sinclair Broadcasting?s Offer. ?A final confrontation with the Right. Isn?t that what the Right wants too? A chance, indeed, to clear the air about Vietnam, and a lot of other things. Will America watch? America will watch. And if he can?t win that broadcast, he does not deserve to win the prize.? (Oct. 9)","TRUE","",""
"PRESSTH-0462","PressThink: ""An Attractively Against-the-Grain Enterprise...""","http://archive.pressthink.org/2008/03/04/three_stories_f_p.html","Jay Rosen","3/5/2008","PressThink"", ""Huffington Post"", ""Romenesko"", ""Brad DeLong's blog","","","CRITICISM","Article","text","1896","","""An Attractively Against-the-Grain Enterprise..."" When editors try to provoke and newspapers dance in front of the mirror: the perils of misguided contrarianism. ""If the Post is willing to smash idols like that--women's equality--it must be a pretty broad-minded place, right?"" Thursday I posted a little exercise in pattern recognition. Today I am back with the...","This article analyzes three flawed vetting stories from the New York Times and one from the Washington Post, arguing that the errors stem from the publications' self-image concerns and the pressure to appear fair and balanced, rather than a genuine pursuit of truth.  The author suggests that these publications are prioritizing their own image as 'attractively against-the-grain' enterprises over factual accuracy and responsible journalism, ultimately becoming candidates for public approval rather than objective news sources.  The pressure to 'find something' on every candidate, coupled with economic pressures in the newsroom, further contributes to the flawed stories.","Journalism Theory & Practice, Politics & Democracy, Press & Media Criticism","View from Nowhere, The Production of Innocence","","The Rise of the Web & Blogging (2000-2009)","Commentary/Critique","fact-checking, journalism ethics, new york times, political journalism, vetting, washington post, New York Times, Washington Post, media bias, newsroom culture, political journalism, press criticism, self-image, vetting","","We Scream, We Swoon. How Dumb Can We Get?, various news articles mentioned in the text","","Jay Rosen","","","2025-06-30 21:27:18","https://drive.google.com/drive/u/0/folders/1rzZQXt-oVXRejKGqej1aGPsKhI2KhnEJ","","","","The paper is not so much a paper anymore; it is itself a candidate.","When editors try to provoke and newspapers dance in front of the mirror: the perils of misguided contrarianism. ""If the Post is willing to smash idols like that--women's equality--it must be a pretty broad-minded place, right?""

Thursday I posted a little exercise in pattern recognition. Today I am back with the answers I received.

I spoke of three ?vetting? stories that went awry at the New York Times: Obama?s youthful drug use (Feb. 9). Hillary?s marriage as Topic A among prominent Democrats (from May, 2006.) And of course McCain?s friendship with a lobbyist. (Feb. 21. I wrote about it here, and here.)

Each story left people scratching their heads: what were the editors thinking? Each was part of the ?vetting? ritual in which the press imagines itself asking the hard questions of politicians who actually could be president. As Time?s Michael Scherer wrote, each is ?a story that doesn?t exactly say what it is saying, or only says part of what the reporters seem to believe, or seems to be saying something it is not, or something like that.?

What is going on here? Where?s the pattern, if there is one? My plea ran at PressThink, the Huffington Post, and the Letters column at Romenesko, the news trade?s online gathering place. Brad ?Why Can?t We Have a Better Press Corps? DeLong also ran it.

Advertisements for the paper

The best answer I got was at Romenesko?s Letters. It?s from a former newspaper journalist, Larry Kart.

The common thread here, and the main reason for the bizarreness, is that the real subject of all these stories is the Times itself, [the] image the Times thinks it?s creating or would like to create for itself when it runs an ostensibly major story about a subject that is or will become of common interest.
I agree with this. The quirks in editing have to do with self-image at the Times.

The same is true of many other broken-backed stories in the Times and a host of other papers since, probably, the mid 1970s or early 1980s. At least that?s the time when I began to see that sort of stuff in action at the paper where I used to work. A particularly revealing early warning sign was when that paper, with a long tradition of rock-ribbed Republicanism, began to seach for some attractive, young, fairly liberal candidates for local offices that it could endorse, while it never dreamed of endorsing (and hasn?t done so to this date, I believe) a non-Republican for president, governor, or senator. It slowly occurred to me that these seemingly against-the-grain local endorsements were in effect advertisements for the paper, a way of signaling to a body of potential readers that the paper very much wanted and needed to attract that the paper was an attractively against-the-grain enterprise, a place of supple independent thought rather than a stern grandfatherly GOP bastion.
?an ?attractively against-the-grain enterprise.? That is so right.

?The Times is dancing in front of a mirror here, trying to move in ways that telegraph to a somewhat imaginary audience that it is a truly supple paper ? iconoclastic toward its own perceived liberal image (if the ?facts? of a story require that it be so) and certainly capable of seeing all sides of all issues. Thus these Times stories were mis-conceived and mis-edited so as to incorporate and express the paper?s own image-shaping needs; and the ?facts,? such as they were, were pushed about one way and another toward the end. The paper is not so much a paper anymore; it is itself a candidate.
And here?s a poll showing how that candidate is doing. (High negatives.)

?To provoke, but not to offend.?

?Iconoclastic toward its own perceived liberal image? was, I think, the variety of mischief afoot at the Outlook Section of Washington Post Sunday when it published We Scream, We Swoon. How Dumb Can We Get?, a dubious essay by a dim woman about how dumb most women really are. This was a deeply foolish act of publishing. The editor responsible, John Pomfret, told Laura Rozen that he ?ran Charlotte Allen?s piece to provoke, but not to offend.? But if that were the case, he would not have chosen as provocateur a political opponent of the people who needed to be poked.

Let?s provoke people by suggesting that women really are dumb is supposed to scan iconoclastic. I mean, what other logic could it have? If the Post is willing to smash idols like that?women?s equality?it must be a pretty broad-minded place, right? This is not only a crude and formulaic way of demonstrating independence of mind; it misreads the cultural politics of the thing.

Thus, Glenn Reynolds demurred, Ed Morrissey fled in disbelief, Jessica Valenti and Jezebel seethed on behalf of millions who might, Jay Newton-Small of Time found the editors judgment ?unbelievable,? Jane Hamsher gave a shout out to Posties: ?clue me in to what happened here,? and the Post ombudsman started scribbling notes with an angry look on her face. (Rachel Sklar has more. And Lisa Schiffren at National Review is not impressed. The Post?s ombudswoman did weigh in: thumbs down.)

John Pomfret, you misread. But what did you misread? Good provocations do not begin with an intention to provoke, but with an author who has something real to say, and an editor willing to provoke in order to see that it gets said.

Find something on everyone

?Candidates create narratives of themselves, which are almost necessarily not wholly accurate portrayals of themselves, ? writes Christopher Colaninno at Brad Delong?s blog. ?I think the media gets tripped up when they can establish that candidates narratives are not accurate in someway.?

Because what could be bad about that, right? ?They?re committed to the process of anti-veneration and creating an alternative narrative for these political figures, but they don?t actually have the goods. So they write these half-baked stories, not realizing that they?re narrative is a lot easier balloon to pop then what any of the candidates have put out there.?

Anti-veneration is not a guarantor of truth but an invitation to truthiness.

At the Huffington Post, tdbach: ?I think the Times has undertaken this project, if you will, to demonstrate their fair-and-balanced bonafides? rather than really dig deep and unearth God knows what, where one candidate may end up with a much bigger scandal to deal with than other candidates will (and thus appear to be out to get him or her) they float a vaguely suspicious story on each, and each story is comparably weightless but apparently critical?. You?re the journalism professional, not me. Does that make sense??

The pressure to ?find something? on everyone? Yeah, makes sense. Could be a factor. Times people would say no, I?m sure. But let me show you something?

The candidates with the biggest noses

The Washington Post has this nifty ?truth watch? feature called The Fact Checker. It?s Michael Dobbs putting questionable campaign claims to the test. The Post is bold: it has a scale for falsehood-peddling: one to four Pinocchios. (Two for ?significant omissions and/or exaggerations.?) If you want a press that calls bullsh*t on claims that are bullsh*t, then you have to like the Pinocchios, and the fact that a Post journalist stands behind them: reporter Michael Dobbs. Way to go Post!

Now try to find at The Fact Checker a chart, tab, feature or widget listing who?s ahead in total Pinnocchios. This would tell us which campaigns the Post has thought to penalize for being loosest with the facts. I couldn?t find such a running total anywhere. Can you?

If you?ve got the information, but you?re not displaying it that way?the candidate with the biggest nose?some of your more attentive readers might think you don?t want to advertise any imbalanced results, even when they emerge from a fair-minded procedure. There?s a politics to that decision that remains undisclosed. (See Andrew Cline on it.)

Howard Kurtz is concerned about hostillity to Hillary in the press. Let me ask him: Has the Post?s Pinnochio test shown her with a bigger nose than Obama in the aggregate this year? Or is he ahead in bad truth claims? Do you know why I can?t find out from the Fact Checker home page, but I can read about the top ten fibs of the year, which is more entertaining but lesss important? Please advise.

Newsroom cuts are responsible

In Long Winter for the Media, Jim Hoagland, columnist for the same Post, tries to explain what happened with the McCain story, which he called a ?seriously undersourced account.?

What effect did a string of well-publicized, morale-damaging crises in the newsroom, as well as the industry?s darkening economic skies, have on the decision to print before the story was ready?
Good editors protect their staffs as fiercely as they prod and push them. Awarding prime front-page display to stories with heavy investments of sweat and resources is an important tool in lifting morale. The decision might have looked less urgent in a more confident, more settled newsroom.

Here?s what he?s saying: Used to be that lots of good reporting never made it into the (expensive!) newspaper, and editors kept everyone in line that way. Now in a new economy there is pressure on the editors to run the story if a lot of (expensive!) staff time has already been invested. It?s morale-sapping, as well as a sign of an investment gone bad, to have to conclude: sorry, people, we just haven?t got it. Maybe that explains how an under-sourced story got through.

I did like Matt Welch?s exasperated reply to Hoagland: ?How ?bout just doing a better job next time??

Absence of a finding

Hilzoy of Obsidian Wings over at Delong?s joint: ?I actually liked the Obama drug use piece, except for the ?did he exaggerate?? bits, which were silly. But the actual information the reporter came up with was quite interesting. I think they should have had the guts to just report it straight ? it?s interesting the way scientific studies that fail to find an effect can be, and I suspect people have the same kind of reluctance to just report the absence of a finding straight.?

Could be. ?We checked into his drug use and didn?t find much?? does not reflect back to Times-people their ideological suppleness or intent to vet. ?Maybe he exaggerated? does. Or what Hoagland said: There?s a kind of silent economic pressure to run the story whether you found anything or not.

A few other reactions:

Marilyn Ferdinand ?This ?vetting? may seem to reveal skeletons in the closet, but what what it really seems to reveal to me is that the NYT editors are Freudians looking for keys to character.?
Weldon Berger: ?I don?t think there?s an institutional link between the three stories other than that the people who run the paper live in an alternate reality from most people.?
Benjamin Melan?on: ?All three ?tough-on-the-candidates? pieces, driven by the New York Times? own choices and research rather than breaking events, have in common a great lack. Each goes out of its way to turn something arguably tangential to being president into a character issue.?
?It?s not hard to recover from a mistake,? writes Laura Rozen today, reacting to this post. ?It takes just a small dose of humility and sense of accountability and frankly good business sense.? Well, yes. But when the mistake involves the peculiar style of misguided contrarianism I?ve talked about here, fixing it becomes a complicated dance with the newsroom?s self-image as a fighter for truth beyond faction.

UPDATE, March 5. Laura Rozen today is angry about something new: The Post is sending Charlotte Allen out to face the music, rather than one of the editors responsible for publishing the piece. Check out the intro to her online chat at washingtonpost.com?

On Sunday, The Washington Post?s Outlook section published a piece by Charlotte Allen under the headline ?We Scream, We Swoon. How Dumb Can We Get?? Responses, most of them angry, flooded in ? hundreds of letters to the editor, more than 1,000 comments on the article on washingtonpost.com and more than 10,000 related blog posts.
Wednesday, March 5 at 2 p.m. ET, Allen will come online for a special chat to answer readers? questions about her article and the public?s reactions and rebuttals to it.

The thing drew ten thousand blog posts? Wowzer. (And someone check that math.)

This Allen chat is a deeply confused act. What are the chances that Allen is not going to start defending her arguments as real arguments, her evidence as real evidence? Very slim. And that will undermine the editor?s explanation: this was tongue in cheek, we were just having a little fun with you guys, sorry if we offended?. Besides, where has all the criticism focused? On the Post?s decision to publish the piece. The writer cannot be faulted for that.

Not a good sign if you are a fan of the Post. More bad news: the Daily Howler?s critique of Sunday?s Outlook section, which is dead on.

UPDATED AGAIN:

Well, the first question kinda proves my point. Allen isn?t high on the official story.

Washington: When I read this, I immediately thought it was written ironically. Were you surprised that so many people took it literally?
Charlotte Allen: I wouldn?t quite use the word ?ironic,? but yes, I meant to be funny but with a serious point?that women want to be taken seriously but quite often don?t act serious. Also, that women and men really are different.

In other words, it wasn?t a parody in the Stephen Colbert style. Elsewhere she says, ?I?m not sure whether I?d characterize the piece as satire?.?

I?m sure of it: this wasn?t satire! Let?s review:

What John Pomfret told us: Allen?s piece might look like its saying, ?take me seriously as social commentary,? but really it?s supposed to be funny. Tongue in cheek. (Therefore the reactions are rather? misplaced or at very least pitched the wrong way.) What Allen herself told us: it?s supposed to be funny, sure, but I?m making a serious point! You know, social commentary! (Which means the reactions are on point. Well bowled, as it were.)

What a ?well placed, top tier, MSM journalist? who wrote to Laura Rozen says: ?her denial that the piece was satirical makes Pomfret a liar.?

What Slate?s XX Factor says: ?She started off the chat by poking a huge hole in Outlook editor John Pomfret?s rushed insistence that the piece was satire.?","TRUE","",""
"PRESSTH-0463","PressThink: Editing Horizontally: Thanks to Reuters, NewAssignment.Net Can Hire Someone","http://archive.pressthink.org/2006/09/20/rts_gft_p.html","Jay Rosen","9/20/2006","PressThink"", ""Comment is Free","","","DIGITAL","Article","text","3687","","Editing Horizontally: Thanks to Reuters, NewAssignment.Net Can Hire Someone They're giving us $100,000. That will underwrite the costs of hiring our first editor, which is going to be a fun job. Today I am announcing at Comment is Free and PressThink that Reuters is giving $100,000 to NewAssignment.Net . That?s the experiment I plan to...","Jay Rosen announces that Reuters is providing $100,000 to NewAssignment.Net, an experiment in open-source journalism aimed at leveraging ""smart crowds"" to produce news stories.  The project aims to combine professional editors with volunteer contributors, creating a pro-am model that addresses the challenges of declining traditional news revenues and the evolving media landscape where consumers are both producers and consumers of content.  The initiative explores a ""gift economy"" where time, knowledge, and resources are contributed alongside financial support to create news.","Audience & Public Engagement, Technology & Digital Media, Journalism Theory & Practice, Press & Media Criticism","Audience atomization overcome, The People Formerly Known as the Audience","","The Rise of the Web & Blogging (2000-2009)","Commentary/Critique","citizen journalism, collaborative journalism, newassignment.net, pro-am, reuters, smart crowds, NewAssignment.Net, Reuters, citizen journalism, gift economy, open source journalism, open source journalism, pro-am, smart crowds","","","","Jay Rosen","","","2025-06-30 21:27:22","https://drive.google.com/drive/u/0/folders/1rzZQXt-oVXRejKGqej1aGPsKhI2KhnEJ","","","","Ultimately, journalism is about the story and the pursuit of truth; it is not about the news industry, a j-school or a traditional newsroom structure.","They're giving us $100,000. That will underwrite the costs of hiring our first editor, which is going to be a fun job.

Today I am announcing at Comment is Free and PressThink that Reuters is giving $100,000 to NewAssignment.Net. That?s the experiment I plan to launch next year with others who think there is something to the idea of open source journalism, where people collaborate peer-to-peer in the production of editorial goods.

The money from Reuters will underwrite the costs of hiring our first editor, who will start in early 2007. (Here?s the press release. I introduced the idea of New Assignment here. A summary, with blog and press reactions, is here.)

The pro-am part

It?s going to be a fun job: editing horizontally amid journalism gone pro-am. The idea is to draw ?smart crowds??groups of people configured to share intelligence?into collaboration at NewAssignment.Net and get stories done that way that aren?t getting done now. By pooling their intelligence and dividing up the work, a network of volunteer users can find things out that the larger public needs to know. I think that?s most likely to happen in collaboration with editors and reporters who are paid to meet deadines, and to set a consistent standard. Which is the ?pro-am? part.

NewAssignment.Net is a not a plan for a company; in fact, it?s closer to a charity, an editorial engine anchored in civil society itself, rather than the media industry or journalism profession. As today?s announcement shows, New Assignment can be on friendly terms with Big Media, which it is is not trying to destroy or supplant.

An outstanding fact of the Net era is that the costs for like-minded people to find each other and work together are falling rapidly. Someone has to figure out what the consequences of that fact are for original reportage. This is what NewAssignment plans to experiment with if it can find a few more supporters like Reuters and a lot more participants like Jamie Peppard, an accountant from Long Island, N.Y. who writes under the name ?Mrs. Panstreppon? at TPM Cafe, the kind of blog-inspired place where smart crowds hang out, milling around the news. Her story is told in this account from last week?s USA Today: ?When watchdog groups that monitor federal spending wanted more information on 1,800 ?pork barrel? projects buried in a House appropriations bill, they listed them on the Internet and asked readers to dig deeper.?

A gift economy for reporting projects

Jamie Peppard did some digging and found that $1,175,000 requested for the Friends of the Congressional Glaucoma Caucus Foundation would go to a non-profit created by a Washington healthcare lobbyist, S. J. ?Bud? Grant, in 1999. Grant earns close to $400,000 annually overseeing an operation with less than $5 million in revenue, she discovered. Then she explained to others how she learned all this. Peppard, a Democrat herself, ended up investigating dubious spending that ?involves just about every Democratic member of Congress in metropolitan New York,? she wrote.

Whether the gift economy can support original reporting on the Web is not clearly known. But it?s worth a try at a time when the market economy is forcing newspapers to cut staff and bring expenses in line with falling revenues. By ?gift? I don?t mean only big gifts like Reuters gave, in cash. (Oh, and thank you, people of Reuters.) NewAssignment will try to raise money for its projects on the Internet, including a click-and-contribute-small-amounts button.

Aside from the money pro-am journalism can work only if people are persuaded to give their time, lend their knowledge, pool their intelligence and share their sources, like Peppard did. Those are donations too. Often they are more critical than money. They will happen if the work is fun and the results rewarding; if the finished journalism holds up under criticism; if users can gravitate toward their interests and declare their priorities; if the site we build for them works with a minimum of fuss. And if editors listen well: horizontally, as it were.

Emily McKhann, an adviser to NewAssignment.Net who is starting her own site on motherhood, gave me an example of a story she thought right for its methods: how family-friendly are America?s companies, really? Now a magazine like Forbes might assign a feature like that to a reporter who could work for several months interviewing experts, talking with different companies, and visiting a few as cases-in-point. If NewAssignment.Net works the way I hope it will, we?ll ask many hundreds of people who work in those companies to tell us what?s up. They?ll testify themselves and direct us to other people who know. They will send in documents and help confirm facts. Some of them will write accounts that NewAssignment will end up using.

The collaboration medium

James Surowiecki, who wrote a book on the subject, says that ?in smart crowds, people cooperate and work together even when it?s more rational for them to let others do the work.? What professional journalism says to its audience, at least in the U.S., is you haven?t the time or inclination to hang around the halls of government or go where news is happening. It?s more rational to let us, the press, do that for you. Go out there and live your life, we?ll keep you informed.

Except it doesn?t always work that way, does it?

NewAssignment.Net is counting on a different kind of rationality: let?s build something that?s really cool and if it?s great other people will use it. This possibility?which gave rise to open source software?was encoded into the World Wide Web by Tim Berners-Lee, the Web?s inventor. ?I designed it for a social effect,? he said in his book, Weaving the Web, ?to help people work together.? When something?s ?on the Web? you can share it with anyone else who?s conected to the Internet. But in the way things turned out the Web grew more quickly as a publishing medium and became ???less of a collaboration medium,??? Berners-Lee wrote.

He thought the Web would be just as useful for a two-person collaboration (husband and wife with a Google calendar) as one that involved, say, 200 people (like the research centers Berners-Lee worked at) or even 2,000. Which is what it might take for one of my dream projects: a cross-partisan, 50-state coalition of citizen volunteers who would read and decipher?for purposes of public understanding?every word of every bill the United States Congress votes on and passes in a given year. No one reads our laws now. The someone who can is likely to be a network. Right now we don?t know how to do projects like that. But maybe some day we will.

A middle path

NewAssignment.Net will use the Web as both a ?collaboration medium,? the way Berners-Lee intended, and a publishing tool, which he also intended. The site will begin as a niche producer that tries to do one kind of work only: open source reporting projects in the pro-am style. It will follow a middle path between good old fashioned we-bring-you-the-world journalism and the new forms that have exploded on the World Wide Web: blogging, citizen journalism, and what the Neterati call social media. (Social because they connect people horizontally to one another, not vertically to The Media.)

?We need to support good journalistic ideas, encourage broader public participation in the reporting process, and explore different newsgathering business models,? writes Chris Ahearn, president of Reuters Media, in a piece at Huffington Post today. He explains why Reuters is supporting New Assignment, and connects the gift to its earlier support for Global Voices Online, ?the largest and most successful international bridge for bloggers.? (See the Boston Globe on it. Global Voices just won the Grand Prize in the Knight-Batten Awards for Innovations in Journalism.)

Reuters, with annual revenues of ??2.4 billion ($4.4 billion) in 2005, sells news and financial information around the world. It competes with the AP, Agence France-Presse, Bloomberg, the BBC and other large providers, although it only recently started offering news directly to what it calls consumers. (Compare Reuters.com and www.ap.org. Different strategies.)

And what does Reuters get for helping with NewAssignment.Net? I?m sure people will have their own answers to that as word gets around about this grant. ?Supporting new and varied networks of creators with different perspectives is good for both journalism and business? is Chris Ahearn?s answer.

?Ultimately, journalism is about the story and the pursuit of truth; it is not about the news industry, a j-school or a traditional newsroom structure,? he writes. ?By building bridges and finding new ways to augment and accelerate the creation of quality journalism, we believe that ultimately the public will benefit and perhaps change their minds about the noble profession of journalism.?

?Our audiences have already moved on.?

Part of the background to the gift is a speech given March 2nd 2006 by Reuters CEO Tom Glocer to the Online Publishing Association. It was called ?The Two-Way Pipe.? Glocer said the news industry ?faces a profound challenge from home-created content-??? everything from blogging and citizen journalism to video mash-ups.?

In 2005 he and his colleagues were worried about a shift in power they saw coming, but ?it was about the consumer as editor,? Glocer said. ?You get the news you want when you want it, either pulled by something like an RSS feed or a Tivo box or pushed by the media company.? This was a legitimate demand. And while companies like his are still catching up with that demand ?our audiences have already moved on-??? now they are consuming, creating, sharing and publishing.? Consumers as producers! That?s a power shift more confounding than the explosion of choice.

His puzzle: ?If users want to be both author and editor, and technology is enabling this, what will be the role of the media company in the second decade of this century?? As Scott Karp pointed out (his blog is about the next era in publishing) Glocer?s answers to that question weren?t very revolutionary.

But some of his observations were keen. ?On the day the Tsunami struck, Reuters had 2,300 journalists positioned around the world, mercifully none were on those beaches,? he said. ?On that fateful day we also had 1,000 stringers around the globe ??? but none of them were there either.? The only way to get the story was from amateurs to whom the tools of media production had been re-distributed. His conclusion: ?You have to be open to both amateur and professional to tell the story completely.?

The voice of god is over in news

Maybe that had something to do with Chris Ahearn?s email to me shortly after my first post on NewAssignment.Net ran, July 24. He said he agreed that something like this was needed and we should meet to discuss it. So we did. He and I worked out the terms of the gift with Dean Wright, senior vice president and managing editor for Reuters online, mobile, and interactive TV services. (Wright is formerly editor-in-chief and managing editor for news at MSNBC.com.) I asked him to explain to Comment is Free and PressThink readers what his interest in this project was.

What are you seeing in the evolution of the Internet?and in the development of Reuters consumer services?that persuades you the time is right for initiatives like this?

Dean Wright: I believe it?s clear that the days of the mainstream media being the ?voice of God? are over. The Internet has brought about a new mainstream in which the boundaries between consumers of content and creators of content have virtually disappeared, along with the old news cycle. There is a wide world of newsgathering resources and global conversations that we in the old mainstream media ignore at our peril. Reuters, because of our worldwide presence and our editorial strength, has an important role to play in facilitating these global conversations. Our support for Global Voices Online and our use of Global Voices content in our coverage of major news events is one example of what we?re doing. So an initiative like NewAssignment.Net, which brings together citizen contributors and journalists, is very much in line with our thinking.
NewAssignment.Net proposes a pro-am model for Internet journalism, in which citizen contributors will work closely with journalists on reporting projects. Obviously you believe this ?mixed? approach has some promise, or you wouldn?t be supporting it. What?s the potential?

Dean Wright: In this model it?s clear that quality journalism matters. That?s very important to me. By having citizen contributors, it?s a bit like having an army of stringers and sources at your disposal, generating tips and story ideas and then taking another step: gathering information in a volume and across geographies that a traditional news organization would find very difficult, if not impossible.

You?re an experienced editor and news executive. NewAssignment.Net is a newcomer, with no brand name, no track record. It?s not a part of any news organization. And yet it?s proposing to do reporting projects, not blogging or opinion journalism. What do you think is going to be the hardest part for this initiative, the biggest obstacles it will have to overcome?

Dean Wright: The biggest initial problem will probably be the same one that the more minor players in the mainstream media have: getting your calls returned. Then when you complete a project and publish, you may find that other media outlets are reluctant to pick up your stories. So it?s important to do some compelling projects that cannot be ignored. Ultimately, it?s all about the journalism.

Ultimately it is. But not the journalism that grew up on the old platform. That was one way communication, in a one-to-many pattern. Production was strictly for pros, and the platform itself was ?read only,? as Lawrence Lessig says. The Net is two-way and it favors a many-to-many pattern. It?s read-write and perfect for pro-am production. When reporting adapts itself to those conditions what will it look like? My hope is that we?re about to find out.

To the networks, journalists

I agree with Nicholas Lemann of the New Yorker (also the Dean of the Columbia School of Journalism) who in a much-discussed essay?Jeff Jarvis called it a papal bull?on journalism without journalists said ?the Internet is not unfriendly to reporting; potentially, it is the best reporting medium ever invented.? He was skeptical of the results so far. I say when the art of network formation comes fully into it we?ll see how good Web journalism can be.

Now that I have an editor I want a second person and I won?t launch without it. Editors in my scheme have to figure out what a good smart mob story is and how to configure production when you have hundreds of Mrs. Panstreppons. Big job. Someone else, a second hire, has to configure the networks, draw in volunteers and worry about openness, participation, making it fun and meaningful for people. The first assignment I will give the new hire is to read Weaving the Web. Which is the basic job description: web weaving for the purpose of finding stuff out and telling the public.


After Matter: Notes, reactions & links?
This post also ran at the Guardian?s Comment is free.

Mark Glaser at Media Shift makes The Case for Citizen Ownership of the Los Angeles Times. It includes ?reading public contributes money, intelligence, fact-checking,? which he says is ?complicated but doable.? Glaser is an (unpaid) adviser to NewAssignment.Net.

Angela Gunn, USA Today?s Tech Space blogger, covers the announcement:

It?s heartening to see one of the old-line news organizations put up some funding for this thing. Believe me, all but the most head-in-sand among us journalist types know our industry?s got to change. A lot of us are looking forward to it ? it?s an exciting time to be telling the news and the possibilities are invigorating, if you?re not scared to death (and sometimes even if you are). But journalism, like too many other industries, is in many respects too hidebound to generate revolutionary change from within, particularly when most big companies have a layer of folks of top who still suspect this Interweb stuff is a passing annoyance. If NewAssignment.net can blaze trails, I think many of us hope to follow, whether inside or outside the traditional media-industry structures. In any case, it bids to be one heck of a show.
Jason Boog at The Publishing Spot: ?In the surprise marriage of the year, a big time newswire just hooked up with a band of citizen journalism upstarts?.?

?Without corrective action, we are in danger of the public losing faith in the fourth estate,? writes Chris Ahearn, president of Reuters Media, at Huffington Post. ?Even reporters have a gloomy take on their profession. In a recent survey by the Pew Research Center for the People & the Press, a mere 15 percent of national print reporters cited journalism?s traditional watchdog role as something the profession did well.?

From Editor & Publisher?s coverage:

Reuters says it will have no editorial control over the site?s projects, and it will not hold right of first refusal for any of the stories that the site is covering.
We felt it was best to keep it clean.

Ian Delaney, a journalist based in London who follows Web 2.0 developments, has quite an intelligent reaction. See his Man Bites Mainstream Media:

So the editor needs to be a maven. S/he develops a cult of personality around what they do, strong enough to win the trust and support of large numbers of readers. NewAssignment editors will also have financial backing from sponsors and so won???t need to pass the cup around their readers.
Instead, the readers suggest topics for investigation, and help provide data. Presumably, the editors then use their discretion to choose the non-nutty options. So this is a news site that might cover the plight of illegal torrent sites one day, dental amalgam the next and Panda Baiting the day after. And at the same time, despite flipping from subject to subject, the editor is developing a cult following.

No. That wouldn???t work. You???d have a number of sites. Each of them would only investigate subjects around one quite narrow area, an area the editor is already passionate and knowledgeable about.

Basically that?s right. The news is we have funding for one editor. The plan is that if NewAssignment ever grew into a news organization it would be organized around many editors, each a maven with a mini-site. That?s why I have sometimes called a NewAssignment editor a ?blogger with a war chest.?

My favorite part of Delaney?s response is something simple and rare. He read the damn posts. ?Rosen has already thought through and answered a lot of the immediate objections that might spring to mind (interest groups manipulating stories, sponsors balking at ???inconvenient truths??? & local stories, volunteers will be nutjobs with an agenda).?

It?s remarkable but I am used to it by now: the many people who seem to assume that I wouldn?t think of the same problems it took them ten seconds to think of. A weird, unlikely, and counter-intuitive assumption? yet it happens all the time. But not with Delaney.

Richard Sambrook of the BBC at his blog, Sacred Facts: ?Smart move by Reuters? they seem to have seedcorn capital to keep themselves across the cutting edge of participation and social networks on the web.?

Josh Shear seems to get what I?m doing. ?I think it will be easy to get volunteers to suggest story ideas, because NewAssignment.Net is going to hire freelancers to pick up the story at some point. So, if you?ve got a good idea and a decent head on your shoulders, it may very well be you who gets paid to finish things up.?

Indeed.

Reacting to the news, a Dutch blogger, Hester van de Kaa, says, ?Horizontal journalism will play a large role in the future of professional journalism.? (Translation by Babel Fish.)

Doug McGill (an adviser to NewAssignment.Net): Eight Reasons to Trust ?Amateur? Journalists.

Ross Dawson, a future-of-business consultant who speaks the language of megatrends, says about New Assignment: ?The space in which it is playing, of bringing together the resources and capabilities of amateurs and professionals, is where much of the action will be moving forward in the world of media.?

Bruce Kesler at The Democracy Project says the first assignment should be ?detailing of the backgrounds of the thousands of stringers employed by the major media around the world. There are, at least, three fundamental questions to be answered: Is the world???s media being manipulated, by whom, and how much??

Colin Brayton: ?Reuters Announces $100,000 Grant for NewAssignment.net and I???m offering $50 to the first person to uncover a Gannon ??? or flack under contract to Reuters ??? pursuing an undislcosed agenda through the project under the guise of ?citizen journalism.??

?This is an effort news junkies of all political stripes should be watching. Conservatives especially should look for ways to participate,? says Stephen Spruiell at National Review?s Media Blog. ?If there?s a way to improve the press that?s better than the current tug-of-war over ?objectivity,? we could be seeing its beginnings.?

Dean Wright tells the Washington Square News. ????When NewAssignment.Net launches in the spring, we will be watching closely to see what we can learn about the ???professional-amateur??? model of newsgathering.?

How interesting that on the same day the $100,0000 gift from Reuters was announced, Columbia J-School announced a new Center for Investigative Reporting endowed with a $5 million gift. Traditional investigative reporting, of course. Which is more needed than ever. Still, I could do this entire project for $1 million over two years.

Rebecca MacKinnon, ex-CNN?er and one of the founders of Global Voices, emails PressThink about the Reuters connection:

Reuters top management clearly understands that news organizations need to re-think themselves. On one hand, the principles of good journalism are timeless: good journalism should provide the information - accurate, timely, and with the necessary context and background - that we as individuals require in order to conduct our lives in our own best interest. But while the point of journalism remains the same, the accepted methods of achieving these aim are now broken or badly discredited.
The challenge is: How do you do good journalism while at the same time participating in a give-and-take, a conversation about events, which in turn helps to inform your journalistic work? Reuters realizes the answer is not as simple as getting some of their journalists to blog. In fact that may not be the answer at all. What?s more important is to help journalists figure out how to interact with the blogosphere? that big global, interactive, viral conversation about the things that matter to people. How do you interact with these conversations in a way that makes your journalism more relevant, more useful - and more true to the point of journalism in the first place?

Unfortunately, news organizations today are so stripped-down and budgets are so tight, journalists barely have time to cover their beats properly, let alone learn new things about the internet, figure out ways to innovate, or learn about RSS readers and trackback pings. There is very little R & D happening in news organizations today - and usually it?s being done by the tech people, not the reporters, photographers, writers, and editors. Ironically, information media innovation is not being driven by professional journalists who are actually paid full-time salaries to create media. The innovation is coming from citizen media creators: the people who blog, who podcast, who use YouTube, who edit Wikipedia, and who write open source code in their spare time.

Roy Greenslade at his Guardian blog reports from a European conference of newspaper publishers on the re-launch of the Portuguese newspaper Expresso, ?the weekly broadsheet that has just reinvented itself in a full-colour Berliner format.?

To achieve its transformation, the paper spent 17 months of planning, creating a multi-media open-space office and retraining its journalists (how very Daily Telegraph). It has also listened to its readers. Balsemao attributed its success to his staff having ?come down from Mount Olympus? to learn from the people. They now help to provide content and therefore, he says, ?shine light into corners of society that we often don?t reach.? This giant army of stringers ?bring news in?, he says. But editors ?filter it? because ?they know what is important.?
Sounds familiar.

If you?re interested in NewAssignment.Net, it?s worth following the arguments about Citzendium, ?an experimental new wiki project that combines public participation with gentle expert guidance.? It?s the idea of Larry Sanger, who helped found Wikipedia. See Clay Shirky?s post at Many-to-Many arguing that it won?t work and Sanger?s reply. (Shirky: ?It won?t work, because Sanger overestimates the native level of deference possible in open environments and underestimates the cost of governance.?) More here.

Paul Krugman in his blog at TimesSelect:

So from now on I???m going to post sources for the numbers in each column on TimesSelect, with links where possible (it usually is.) Basically, this is the same thing I do when filing my columns; I always provide sources and links to my copy editors.
A good example of how trust is generated differently in the Net era.

Mark Glaser (we heard from him earlier) reports on a joint project of Global Voices Online and Witness.org, the human rights reporting project founded by Peter Gabriel.

What if you could take videos shot by citizens of human rights violations, such as police brutality or torture, and got them to go viral, bringing more attention to the crimes?
That???s the hope of a pilot Human Rights Video Hub run as a joint venture of Witness and the Global Voices international blog aggregator.","TRUE","",""
"TOMDISP-0003","The Beast Without a Brain: Why Horse Race Journalism Works for Journalists and Fails Us","http://archive.pressthink.org/2008/01/20/the_campaign_pr_p.html","Jay Rosen","1/20/2008","Tomdispatch.com"", ""Salon.com","","","ELECTIONS","Article","text","3587","","The Campaign Press is a Herd of Independent Minds I've got a big new piece up attomdispatch.com(and at Salon.com). My attempt to move beyond lamenting horse race journalism to explain why it persists. ""Campaign reporters tend to be massively other-directed. The reality-check is what the rest of the press is doing."" The piece is called...","Jay Rosen critiques the 'horse race' style of campaign journalism, arguing that it's driven by a 'herd of independent minds' lacking a central decision-making process. This leads to inaccurate predictions, reliance on pre-conceived narratives, and a failure to understand the actual political dynamics. Rosen contends that the media's collective mindlessness stems from ingrained routines, conventional forms, and a lack of accountability, ultimately hindering informed public discourse.","Politics & Democracy, Journalism Theory & Practice, Press & Media Criticism","Horse-race journalism, View from Nowhere, Church of the Savvy, False balance","","The Rise of the Web & Blogging (2000-2009)","Commentary/Critique","campaign coverage, herd mentality, jay rosen, media criticism, news narratives, political journalism, Hillary Clinton, Obama, campaign coverage, horse race journalism, horse-race journalism, media bias, news narratives, political journalism","","","","Jay Rosen","","","2025-06-30 21:27:27","https://drive.google.com/drive/u/0/folders/1rzZQXt-oVXRejKGqej1aGPsKhI2KhnEJ","","","","The job is to make certain that what needs to be discussed will be discussed in time to make a difference and then report on that.","I've got a big new piece up at tomdispatch.com (and at Salon.com). My attempt to move beyond lamenting horse race journalism to explain why it persists. ""Campaign reporters tend to be massively other-directed. The reality-check is what the rest of the press is doing.""

The piece is called The Beast Without a Brain: Why Horse Race Journalism Works for Journalists and Fails Us. It?s about how the campaign media cannot easily make decisions, change course, or learn from its screw-ups because it is a ?herd of independent minds.?

Todd Gitlin (who?s been a critic of horse race journalism for even longer than I have) began his response to ?Beast? this way:

I ranted to a ?60 Minutes? producer that the campaign coverage was shallow, trivial, preoccupied with the evanescent ups and the electrifying downs, the insiders? moods, the rumors and gaffes, and incurious about the candidates? records, and the weight or weightlessness of their arguments, the truth and untruth of their claims, and seemingly indifferent to the stakes of the most consequential election on earth. ?I know, I know,? he said. ?We talk constantly about how to do it better next time.?
That was in 1980.

Seven ?cycles? ago. (A cycle is what a campaign insider calls an election.) Obviously the horse race fulfills a purpose for the press, and that purpose goes on? and on. But what is the point? You?ll have to read The Beast Without a Brain to find out. (Begins after the jump?) Oh, and don?t miss Zack Exley?s detailed report at OffTheBus: Organizing Matters: The Lesson from Hillary?s Nevada Win. A good example of what the horse race press doesn?t know and never will.

The Beast Without a Brain

Why Horse Race Journalism Works for Journalists and Fails Us

By Jay Rosen

Originally published at Tomdispatch.com, Jan. 20, 2008

Just so you know, ?the media? has no mind. It cannot make decisions. Which means it does not ?get behind? candidates. It does not decide to oppose your guy? or gal. Nor does it ?buy? this line or ?swallow? that one. It is a beast without a brain. Most of the time, it doesn?t know what it?s doing.

1. The Herd of Independent Minds

This does not mean you cannot blame the media for things. Go right ahead! Brainless beasts at large in public life can do plenty of damage; and later on ? when people ask, ?What happened here?? ? it sometimes does make sense to say? the beast did this. It?s known as ?the pack? in political journalism, but I prefer ?the herd of independent minds? (from Harold Rosenberg, 1959) because I think it?s more descriptive of the dynamic. Mark Halperin of Time?s The Page (more about him later) calls the beast the Gang of 500. But gangs have leaders, which means a mind. That?s more than you can say about the media.

Now, the pack, lacking a brain, almost had a heart attack when Hillary Clinton won the New Hampshire primary, since they had told us Obama would run away with it because the pollsters told them the same thing. The near-heart attack wasn?t triggered by a bad prediction, which can happen to anyone, but rather by some spectacular wreckage in the reality-making machinery of political journalism. The top players had begun to report on the Obama wave of victories before there was any Obama wave of victories. The campaign narrative had gotten needlessly ? one could say mindlessly ? ahead of itself, as when stories about anticipated outcomes in the New Hampshire vote reverberated into campaigns said to be preparing for those outcomes even before New Hampshire voted.

?PORTSMOUTH, N.H. ? Key campaign officials may be replaced. She may start calling herself the underdog. Donors would receive pleas that it is do-or-die time. And her political strategy could begin mirroring that of Rudolph W. Giuliani, a Republican rival??
That?s Patrick Healy in the New York Times the day of the New Hampshire primary, reporting on what would happen, according to nameless campaign insiders, if events about to unfold that day validated previous reports about what was likely to unfold that day. Healy?s best defense would be: Wait a minute, people with the Clinton campaign actually told me those things. They turned out to be premature and wrong. I didn?t make it up!

Which is true. But when actual facts are used in the construction of news fictions ? and reports about the moves to be made in Hillaryland after Obama won Iowa, New Hampshire, and South Carolina were precisely that, a news fiction ? your story can be accurate, well-edited, within genre conventions, and, at the same time, deeply un-informational, not to mention wrong. In fact, accurate news about the race that subtracts from our understanding of it is one of the quirky features of chronic mindlessness in campaign media.

By mindless I generally mean: No one?s in charge, or ?the process? is. Conventional forms thrive, even if few believe they work. Routines master people. The way it?s been done ?chooses? the way it shall be done.

Independent bloggers, who should have more distance from the pack mind (and often do) were not necessarily better on this score. Greg Sargent of TPM Media ? the blog empire run by political journalist Josh Marshall ? reported as follows on January 7th: ?Camp Hillary insiders who have been with her a very long time, such as Patti Solis Doyle, are worried about the long term damage that could be done to Hillary if she decides to fight on after a New Hampshire loss, though there?s no indication they are yet urging an exit.? Doyle was said to be alarmed about damage to Clinton?s Senate career from staying in the race amid a humiliating string of defeats.

Campaign news in the subjunctive isn?t really news. And primary losses don?t especially need to come at us pre-reacted-to, especially when there is plenty of time to air those reactions once any ?string of defeats? actually happens. But while an individual mind in the press corps is quite capable of realizing this, the herd is not.

A good example would be an MSNBC program I saw just before the New Hampshire voting, where Dan Abrams asked his panel ? including Rachel Maddow, Pat Buchanan, and himself ? what each thought the final vote would be. The guests should have said, ?How do we know? We?re not New Hampshire voters, or professional pollsters.? That would be intelligent ? and accurate. But they did something mindless instead. Each took a few points off the polls everyone else in the pack was reading and gave a ?personal? prediction ? Obama by 4, Obama by 7.

Okay, so it?s not a big offense ? but I didn?t say it was. I said it was an illustration of routine mindlessness. That?s when on-air journalism is dumber than the journalists who are on air.

Greg Sargent ? a smart reporter, quite aware of the absurdities the pack produces ? can, without great difficulty, dial back the use of nameless advisers pre-reacting to things that may not occur. (This post from his boss, Josh Marshall, suggests it may happen.) But the fact remains that his account, defining reactions-before-the-fact as news, was within the existing rules of journalism, relied upon by hundreds of other reporters adding their stories to the larger narrative. There?s nothing to prevent those rules from being changed, of course. Nothing, except for the fact that the media has no mind and so can?t easily change it.

2. Convergence of Judgment

Because we have evolved a way of talking about the news media that fails to recognize this very basic fact ? no mind! can?t decide a thing! ? everyone is free to grant more intentionality to the organism than reasonably exists. Here are just a few samples from recent weeks:

Howard Kurtz of the Washington Post: ?The media have decided, fairly or unfairly, that Iowa was Edwards?s best shot at winning the nomination.?
John Amato, Crooks and Liars: ?The media will treat Democrats much harsher than Republicans from here on in.?
Ken Silverstein, Harpers: ?Another factor in Obama?s favor is (just as the Clinton campaign claims) that the media seems to be strongly in his corner.?
Blogger Tom Watson: ?At the start of the campaign, I didn?t think the national media could possibly be successful in an anti-woman campaign against a Democrat.?
Chris Bowers at Open Left: ?OK, The Media Hates Clinton-But Why??
I think we know why people speak this way. We use collective nouns, even when they mash way too much together, because, despite all the flattening and collapsing, there is some rough justice in saying, ?The media loves Obama right now.? We know we?re speaking imperfectly, or metaphorically, but we also know we?re observing something that?s really happening.

And that?s fine, normal, human even. Nonetheless, it?s important to remember: The media has no mind. It might appear to decide things, but if no one takes responsibility for ?Edwards must win Iowa,? then it?s not really a decision the media made, but a convergence of judgment among people who may instantly converge around a different judgment if it turns out that Edwards isn?t done after failing to win Iowa.

That?s pretty mindless. Strangely, though, the argument that the media has no mind serves almost no one?s agenda, with one exception, ably represented by Jon Stewart, but including all who satirize the news and the news criers, exposing their collective mindlessness and making it almost? enjoyable.

3. ?We have special insight?

John Harris and Jim VandeHei, formerly of the Washington Post, are the top editors of The Politico, a new newspaper-and-web operation that only does politics. After the New Hampshire screw-up, which they called a ?debacle? and a ?humiliation,? Harris and VandeHei asked themselves why their profession, political reporting, ?supposedly devoted to depicting reality, obsesses about so many story lines that turn out to be fiction.?

This is an excellent question and it?s admirable that they don?t mince words in framing it. ?The loser ? not just of Tuesday?s primary but of the 2008 campaign cycle so far ? was us,? they write. That would be the pack, ??the community of reporters, pundits and prognosticators who so confidently ? and so rashly ? stake our reputations on the illusion that we understand politics and have special insight that allows us to predict the behavior of voters.?

A key point: ?we have special insight.? The current generation of political reporters has based its bid for election-year authority on its horse race and handicapping skills. But reporters actually have no such skills. Think: what does a Howard Fineman (Newsweek, MSNBC) know about politics in America? I mean, what would you logically turn to him for? It?s got to be: Who?s ahead, what?s the strategy, and how are the insiders sizing up the contest? That?s supposedly his expertise, if he has any expertise; and if he doesn?t have any expertise, then what is he doing on my television screen, night after night, talking about politics?

Even if Fineman and company had it, the ability to handicap the race is a pretty bogus skill set. Who cares if you are good at anticipating events that will unroll in clear fashion without you? Why do we need people who know how this is going to play out in South Carolina when we can just wait for the voters to play it out themselves?

Among the ?bogus narratives? the campaign press has developed so far, the Politico editors chose three to illustrate their humiliation. John McCain?s ?collapse? in the summer of 2007, which meant we could write him off; Mike Huckabee?s win in Iowa, where the candidate without an organization took a state where electoral success, we were assured, was all about organization; and Obama?s ?change the tone in politics? campaign which, according to the Gang, was not going to be in tune with the voters? rawer, more partisan feelings in ?08. All three were a bust, suggesting political journalists have no special insight into: How is this going to play out? What they have are cheap, portable routines in which you ask that kind of question, and try to get ahead of the race. This, too, is what I mean by mindlessness.

?If journalists were candidates, there would be insurmountable pressure for us to leave the race,? say Harris and VandeHei about their sorry-ass performance in ?08. But they?re at sea in trying to explain why such things happen. They blame addiction to the game of politics, journalists and their sources hanging out too much together, and personal bias among reporters unconsciously rooting for the candidate who is more fun to cover. Those are certainly three factors. Another 23 could be listed without running out of plausible reasons, because what they?re really grappling with is routine mindlessness in their institution. Explaining that is a bit harder.

4. ?Removed from the experience?

A much better attempt was this short and consistently to the point entry by Christopher Hayes of the Nation magazine: ?WHY CAMPAIGN COVERAGE SO OFTEN SUCKS.? He starts with something that is known to everyone in the pack: Campaign reporting is an essay in fear.

?Reporting at events like this is exciting and invigorating, but it?s also terrifying. I?ve done it now a number of times at conventions and such, and in the past I was pretty much alone the entire time. I didn?t know any other reporters, so I kept to myself and tried to navigate the tangle of schedules and parking lots and hotels and event venues. It?s daunting and the whole time you think: ?Am I missing something? What?s going? Oh man, I should go interview that guy in the parka with the fifteen buttons on his hat.? You fear getting lost, or missing some important piece of news, or making an ass out of yourself when you have to muster up that little burst of confidence it takes to walk up to a stranger and start asking them questions.?
Whereas he had once thought of it as a rookie?s experience, this year he learned that the fear never goes away. ?Veteran reporters are just as panicked about getting lost or missing something, just as confused about who to talk to. This why reporters move in packs. It?s like the first week of freshman orientation, when you hopped around to parties in groups of three dozen, because no one wanted to miss something or knew where anything was.?

It is rare to find a campaign correspondent who is inner-directed, with a vision of how to report on the election season that sends her off on her own. Campaign reporters tend to be massively other-directed. The reality-check is what the rest of the press is doing ? and the Web makes it far easier to check. Mindless.

?When you go to one of these events as a reporter, there?s part of you that?s aware that you don?t really belong there,? writes Hayes.

?You?re an outsider, standing on the edges observing the people who are there doing the actual stuff of politics: listening to a candidate, cheering, participating. So reporters run with that distance: they crack wise, they kibbitz in the back, they play up their detachment. That leads to coverage that is often weirdly condescending and removed from the experience of politics.?

Removed from the experience. Well, yeah. That is the number one virtue of horse-race reporting and the inside baseball mentality: speed of removal from the immediate experience. Hayes thinks the ?worst features of campaign reporting? can be traced back to the ?psychological defenses that reporters erect to deal with their insecurities.? First line of defense: pack behavior. A second is what the Politico guys said: ?the illusion that we understand politics? and with our special insight can predict the behavior of voters, anticipate a turn in the narrative, divine a winning strategy.

Maybe this illusion is reproduced for us because it is fear-reducing for them to mount the horse-race production.

5. Under the influence.

In November, Mark Halperin of Time, who is both a student of pack behavior and a creature of the pack, wrote a revealing op-ed piece about this ?illusion that we understand.? He said he had been under the influence of Richard Ben Cramer?s massive and fascinating book, What It Takes, about the 1988 battle for the White House. Halperin wrote:

?I?m not alone. The book?s thesis ? that prospective presidents are best evaluated by their ability to survive the grueling quadrennial coast-to-coast test of endurance required to win the office ? has shaped the universe of political coverage.
?Voters are bombarded with information about which contender has ?what it takes? to be the best candidate. Who can deliver the most stirring rhetoric? Who can build the most attractive facade? Who can mount the wiliest counterattack? Whose life makes for the neatest story? Our political and media culture reflects and drives an obsession with who is going to win, rather than who should win.?

Right there, Halperin identifies the roots of mindlessness in campaign coverage: All right, press team, when that door opens, I want you go out there and find out for us? WHO IS GOING TO WIN?

That?s the baseline question. But how good a question is it?

The only decent definition of ?information? I know of states that it is a measure of uncertainty reduced. But voters are the ones who reduce uncertainty in elections. They can do it pretty well themselves, without the help of horse-race journalists. Halperin once thought it fine to obsess over ?the race,? because he considered the race a good proxy for the leadership test we?re supposed to be conducting during the now-well-more-than-a-year it takes to elect a new president.

?But now I think I was wrong,? he writes. George W. Bush passed his horse-race test and flunked the leadership test once in office. So did Bill Clinton, Halperin says. Both were good campaigners and strategists. Their weaknesses only became glaring to the pack when they were in office, he argues.

Let me say it again: Reporters have no special insight into how elections will turn out. According to Halperin, a thesis that has ?shaped the universe of political coverage? is false; the rigors of the race do not produce good outcomes. So what does the pack do now? ?Well, we pause, take a deep breath and resist. At least sometimes? we can try to keep from getting sucked in by it all.?

This is the same limp remedy Harris and VandeHei offered. They know they?re stuck with horse-race journalism. They know what a mindless beast it can be ? and what a mindless beast they can be. And, above all else, they know they?re not going to change it. After all, they are it. Glenn Greenwald of Salon was right to point to this exchange between NBC?s Tom Brokaw and Chris Matthews as the results from New Hampshire came in?

?BROKAW: You know what I think we?re going to have to do?
?MATTHEWS: Yes sir?

?BROKAW: Wait for the voters to make their judgment.

?MATTHEWS: Well what do we do then in the days before the ballot? We must stay home, I guess.?

Matthews was being the realist: Without who?s-going-to-win, ?we? might as well stay home. Brokaw (now long retired as the face of the NBC brand) gave him an apt warning in response: ?The people out there are going to begin to make judgments about us if we don?t begin to temper that temptation to constantly try to get ahead of what the voters are deciding.? But he was speaking as if the media had a mind and could shift course.

6. Less innocence, more politics.

Let?s see if we can bring these strands together. I?ve been picking at the weaknesses of horse-race coverage, but to really understand it we need to appreciate its practical strengths.

Who?s-gonna-win is portable, reusable from cycle to cycle, and easily learned by newcomers to the press pack. Journalists believe it brings readers to the page and eyeballs to the screen. It ?works? regardless of who the candidates are, or where the nation is in historical time. No expertise is actually needed to operate it. In that sense, it is economical. (And when everyone gets the winner wrong the ?surprise? becomes a good story for a few days.) Who?s going to win ? and what?s their strategy ? plays well on television, because it generates an endless series of puzzles toward which journalists can gesture as they display their savviness, which is the unofficial religion of the mainstream press.

But the biggest advantage of horse-race journalism is that it permits reporters and pundits to ?play up their detachment.? Focusing on the race advertises the political innocence of the press because ?who?s gonna win?? is not an ideological question. By asking it you reaffirm that yours is not an ideological profession. This is experienced as pleasure by a lot of mainstream journalists. Ever noticed how spirits lift when the pundit roundtable turns from the Middle East or the looming recession to the horse race, and there?s an opportunity for sizing up the candidates? To be manifestly agenda-less is journalistic bliss. Of course, since trying to get ahead of the voters can affect how voters view the candidates, the innocence, too, is an illusion. But a potent one.

Imagine if we had them all ? the whole Gang of 500 ? in a room and we asked them (off the record): How many of you feel roughly qualified to be Secretary of State? Ted Koppel having retired, no hands would go up. Secretary of the Treasury? No hands. White House Chief of Staff? Maybe one or two would raise a hand. Qualified to be President? No one would dare say that. Strategist for a presidential campaign? I?d say at least 200 hands would shoot up. Reporters identify with those guys ? the behind-the-scenes message senders ? and they cultivate the same knowledge.

What a waste! Journalists ought to be bringing new knowledge into the system, as Charlie Savage and the Boston Globe did in December. They gave the presidential candidates a detailed questionnaire on the limits of executive branch power and nine candidates responded. This is a major issue that any candidate for president should have to address, given the massive build-up of presidential power engineered by George W. Bush and Dick Cheney. We desperately need to know what the contenders for the presidency intend to do ? continue the build-up or roll it back? ? but we won?t know unless the issue is injected into the campaign.

Now, that?s both a political and a journalistic act. And where does the authority for doing such things come from? There is actually no good answer to that within the press system as it stands, and so the beast would never go there.

The Globe?s questionnaire grew out of Savage?s earlier reporting on the ?unitary executive? and the drive to create an ?unfettered presidency.? (See this PBS interview with Savage; also, contrast the Globe?s treatment with more of a throwaway effort from the New York Times.)

Here, the job of the campaign press is not to preempt the voters? decision by asking endlessly, and predicting constantly, who?s going to win. The job is to make certain that what needs to be discussed will be discussed in time to make a difference ? and then report on that.

Jay Rosen teaches Journalism at New York University, and is the creator of the blog, PressThink. He also writes for the Huffington Post. In July 2006 he started NewAssignment.Net, his experimental site for pro-am, open source reporting projects. He is the co-publisher with Arianna Huffington of OfftheBus, a collaboration between NewAssignment.Net and the Huffington Post in which citizen journalists tackle the ?08 campaign.","TRUE","",""
"ROMENES-0002","PressThink: Three Vetting Stories Went Awry at the New York Times: Find the Pattern.","http://archive.pressthink.org/2008/02/28/three_bizarre_v_p.html","Jay Rosen","2/28/2008","Romenesko"", ""Huffington Post","","","CRITICISM","Article","text","211","","Three Vetting Stories Went Awry at the New York Times: Find the Pattern. Obama'sdrug use. Hillary'smarriage. McCain'slobbyist.The New York Times made weird decisions in all three. So what gives? Here?s my letter to Romenseko , the news trade?s online gathering place. (Also at the Huffington Post .) Romenesko readers, help me out here: The New...","Jay Rosen questions the New York Times's approach to 'vetting' presidential candidates, citing three instances (Obama, Clinton, McCain) where their investigations went awry and left readers perplexed.  He poses the question to Romenesko readers about common threads in these failures, prompting further discussion.","Politics & Democracy, Journalism Theory & Practice, Press & Media Criticism","The Production of Innocence, False balance","","The Rise of the Web & Blogging (2000-2009)","Commentary/Critique","clinton, mccain, media bias, obama, press criticism, vetting, Clinton, McCain, New York Times, Obama, journalism ethics, new york times, presidential candidates, vetting","An Attractively Against-the-Grain Enterprise?', 'Public Editor to Bill Keller: ?You Haven?t Got it.?', 'Cliff Notes Version of the Q and A with New York Times Readers About the McCain Investigation","","","Jay Rosen","","","2025-06-30 21:27:31","https://drive.google.com/drive/u/0/folders/1rzZQXt-oVXRejKGqej1aGPsKhI2KhnEJ","","","","Each story went weirdly wrong. Each story left people scratching their heads: what were the editors thinking? Each was part of the ?vetting? ritual in which the press imagines itself asking the hard questions of candidates who would be president. Each has a touch of the bizarre to it.","Obama's drug use. Hillary's marriage. McCain's lobbyist. The New York Times made weird decisions in all three. So what gives?

Here?s my letter to Romenseko, the news trade?s online gathering place. (Also at the Huffington Post.)

FROM: JAY ROSEN
Romenesko readers, help me out here:

The New York Times trying to ?vet? Obama. (On youthful drug use.)

The New York Times trying to ?vet? Hillary Clinton. (On the state of her marriage.)

The New York Times trying to ?vet? John McCain. (On cozy ties with lobbyists.)

Each story went weirdly wrong. Each story left people scratching their heads: what were the editors thinking? Each was part of the ?vetting? ritual in which the press imagines itself asking the hard questions of candidates who would be president. Each has a touch of the bizarre to it.

My question to you: what is going on here? Anything in common among the cases?

It?s just a question. I?ll post any good answers I find.

For that see my follow-up, ?An Attractively Against-the-Grain Enterprise??

And also: Public Editor to Bill Keller: ?You Haven?t Got it.? and Cliff Notes Version of the Q and A with New York Times Readers About the McCain Investigation (both Feb. 25, 2008.)

","TRUE","",""
"TOMDISP-0004","PressThink: Off the Charts: Sinclair Broadcast Group's Political Vision","http://archive.pressthink.org/2004/11/16/snclr_vision_p.html","Jay Rosen","11/16/2004","TomDispatch.com', 'Mother Jones', 'Alternet', 'Lew Rockwell","","","APPEARANCES","Article","text","3784","","Off the Charts: Sinclair Broadcast Group's Political Vision ""Sinclair got here by flying under the radar, the preferred method of winning regulatory relief. But that phase is clearly over. Some might say the system worked: Sinclair got the message, and retreated. I say the system jerked, and Sinclair realized how little there is to stop...","This article analyzes Sinclair Broadcasting Group's actions leading up to the 2004 election, specifically their plan to air an anti-Kerry documentary across their 62 stations.  The author argues that Sinclair's actions were unprecedented for a commercial broadcaster, driven by a political agenda rather than typical business concerns.  He examines Sinclair's previous refusal to air Ted Koppel's 'The Fallen' on Nightline as further evidence of their departure from traditional broadcasting norms and their ambition to become a powerful political broadcasting force aligned with the conservative movement.","Politics & Democracy, Technology & Digital Media, Press & Media Criticism","Church of the Savvy, The Production of Innocence, False balance","","Early Career & Public Journalism (1989-1999)","Commentary/Critique","2004 election, fairness doctrine, media ownership, nightline, political media, ted koppel, Fairness Doctrine, John Kerry, Nightline, Sinclair Broadcasting, Stolen Honor, Ted Koppel, media bias, political broadcasting, sinclair broadcast group","PressThink","","","Jay Rosen","","","2025-06-30 21:27:35","https://drive.google.com/drive/u/0/folders/1rzZQXt-oVXRejKGqej1aGPsKhI2KhnEJ","","","","Sinclair, I came to see, wasn?t a normal media conglomerate in the making, not even in the Rupert Murdoch mold with forays into right-wing politics. It was a kind of political force accumulating broadcast assets, intending to use them at strategic moments in order to keep growing, yes, but also to swell in influence, reputation, ?voice.?","""Sinclair got here by flying under the radar, the preferred method of winning regulatory relief. But that phase is clearly over. Some might say the system worked: Sinclair got the message, and retreated. I say the system jerked, and Sinclair realized how little there is to stop it.""

This originally appeared Oct. 28, 2004 at TomDispatch.com, a site I recommend because it is edited by Tom Engelhardt, a former senior editor at Pantheon Books and a shrewd man with a pencil. The essay also ran at Mother Jones, at Alternet, and Lew Rockwell. I revised and added to it, to take account of events since the election. This is the sixth piece I wrote about Sinclair, and it attempts to summarize how I view the company and the controversy it caused just before the 2004 election.

On October 7th I was interviewed by Elizabeth Jensen, a media-beat reporter for the Los Angeles Times, who sometimes calls me for expert commentary. She had some news and wanted to get my reaction, but my first reaction was disbelief. My second reaction was: ?This is going to be huge.? Yet what she described sounded so improbable. (And in fact part of the story is it never came to pass.)

She said that on all 62 stations owned by Sinclair Broadcasting, at different times, on different nights, but close to the election??like within ten days??Sinclair was going to interrupt the prime-time programming offered by different networks in different cities where it owns affiliates, and put on the air Stolen Honor, an anti-Kerry documentary?agitprop, as it used to be called?featuring former POWs in Vietnam who, in essence, charge John Kerry with treason for his anti-war efforts. And they were doing all this because?.?

It didn?t make any sense. You couldn?t complete the because. ?That?s an amazing story you have,? I told her. Then she swore me to secrecy until her account ran, which is standard practice.

What Sinclair was planning to do didn?t make sense within any known model for operating a company that owns local television stations under U.S. law. Customary practice had always precluded a political intervention of any kind near the finish line of an election. Ultimately behind this custom was not some grand sense of the public interest shared among civic-minded station owners, but a cold realism about electoral politics. Start interfering in the horse race by backing the wrong horse and regulators from the hostile party are likely to make you pay if their guy wins.

In addition, contested elections divide markets; advertisers don?t enjoy that. They pay the bills. Hello? Kerry voters buy cars and corn flakes, and they watch television. Advertisers don?t want to choose between customer groups, and they don?t want you, their community broadcaster, choosing, either. They don?t want to be making political statements with their ad buys. Why would they?

Across the aisle, so to speak, shareholders haven?t factored the costs of your political statement-making into the share price yet. Do you want them to do so now? These are known facts in the business. By violating them Sinclair let it be known that it was in a different business.

In Search of Sinclair Logic

For all those reasons?commonsensical, ?good business? reasons?plus a little matter of Federal law called the Fairness Doctrine, in force until recently, station owners have held back from any action that would seem to be aiding or attacking a candidate. And the closer to the election, the more cautious they have been. ?Ordering stations to carry propaganda? It?s absolutely off the charts,? said former Federal Communications Commission chairman Reed Hundt, who served under Clinton.

These would be charts that ships of both parties once sailed. Bob Zelnick, ex-Pentagon correspondent for ABC News, is now chairman of the Department of Journalism at Boston University and ?a self-described conservative who says he intends to vote for President Bush.? Zelnick, who on other occasions might be defending a company like Sinclair, told Salon?s Eric Boehlert, ?Whether you?re liberal or conservative, if you have roots in the journalism profession, there are core values that transcend and need to survive election to election. You avoid airing, very close to election, highly charged, partisan material that takes the guise of a documentary.?

Sinclair was not only breaking with bi-partisan broadcast custom, it was smashing idols (?core values?) by threatening to show a 42-minute film, Stolen Honor, which by any measure was ?highly charged, partisan material.? (Script here, review here.) The interesting part to me was: Why risk it? Acquiring Stolen Honor with the intention of using it must have fit into Sinclair?s vision of itself somehow, but how?

So I went in search of Sinclair logic. (As a journo-blogger, I mean.) This was a company I knew a little about from an earlier episode, equally strange and compelling in its way. Last April, Ted Koppel decided to read the names of U.S. soldiers killed in Iraq on a Nightline. It was called ?The Fallen.? Sinclair sent a clear message: no way, Ted. We won?t permit it on the eight ABC stations we own. (See PressThink on it.)

Koppel said it was the first time anything like that had happened to Nightline. (A true statement, I believe.) In an open letter to Sinclair executives, Senator John McCain denounced the company for refusing to air the program. Sinclair?s CEO David Smith wrote a response giving no ground whatsoever.

Notice how his letter instantly politicizes and historicizes the situation, including the ?everyone knows? tone that only the ideologically committed have with contentious facts. He is totally comfortable on that turf. This is key. It isn?t normal for local station owners who are network affiliates to speak like this. But in culture war it is of course completely normal. It?s simple, Smith said?

Nightline is not reporting news; it is doing nothing more than making a political statement. In simply reading the names of our fallen heroes, this program has adopted a strategy employed by numerous anti-war demonstrators who wish to focus attention solely on the cost of war. In fact, lest there be any doubt about Nightline?s motivation, both Mr. Koppel and Nightline?s executive producer have acknowledged that tonight?s episode was influenced by the Life Magazine article listing the names of dead soldiers in Vietnam, which article was widely credited with furthering the opposition to the Vietnam war and with creating a backlash of public opinion against the members of the U.S. military who had proudly served in that conflict?
And ?The Fallen? went unseen in Sinclair cities. Now, this was not normal practice when it came to a controversial broadcast by a network news division. ABC and Ted Koppel would normally be held responsible for the content of Nightline? not Sinclair Broadcasting. The owner of a local station would not endorse ?The Fallen? simply by distributing the regular ABC schedule. An affiliate could ?stay out of it? simply by referring questions and complaints to ABC News. The producer of the program is the one who takes the editorial risk; that?s good business, good journalism, and common sense.

But Sinclair had other ideas. It had no desire to stay out of the politics of ?The Fallen.? It wanted in, because this was a doorway to a new business model: the political broadcaster. And so its executives went out of their way to create controversy from the Koppel show, especially when they accused ABC News of disloyalty to the American cause. ?The action appears to be motivated by a political agenda designed to undermine the efforts of the United States in Iraq,? Sinclair insisted in a statement posted on its website during that week in April.

It may not have been clear to me then where Sinclair was going, but after Elizabeth Jensen?s phone call, I realized that the anomalies were beginning to mount: Sinclair was taking actions not normal for a commercial broadcaster because it was not a normal broadcaster at all. It had political ambitions new to our mainstream media, including an urge to speak out publicly and involve itself as a company in controversy. The more carefully you examined its moves, the clearer and more self-conscious the political design was.

Take the 62 stations it either owns or controls in 39 markets, reaching at least one quarter of the country, including 8-9 swing states in the current election. Take its amazing record of success in pushing beyond the old limits on ownership that once prevented a company like Sinclair from controlling more than a handful of television stations. Or take its plan to keep growing by accumulating more properties (TV, radio, and ? it hopes ? newspapers) in markets where it already owns one or two TV stations.

Take its vision of a new kind of national news service, NewsCentral, controlled from Sinclair headquarters, embedded in local news hours around America, and more aggressive than Fox News Channel in ?correcting? for liberal bias. Finally, take the editorial voice in which Sinclair broadcasts its views to the nation? that of Mark Hyman, Vice President for Corporate Affairs at Sinclair?a lobbyist?and the sole proprietor of a commentary slot called ?The Point,? a few minutes of air time created just for him to rant from the Right on all Sinclair stations in all 39 markets, an arrangement so unusual that Hyman literally has no peer in America. No one else has a job even remotely like his.

In these ways, and others earlier described during my search, Sinclair revealed its intentions: to become the broadcast network that ur-conservative candidate Barry Goldwater never had. I say that because Sinclair was constructed not on a normal business model, but on a mountain of debt placed on a bet that a company of its size would be allowed to exist in the political environment that was then unfolding. But then the whole gamble was it?s not just unfolding, you can push the regulators on the ?de? part. And while this would normally be done through lobbying, donations and political influence behind the scenes, Sinclair?s more aggressive style had spawned a more aggressive politics. Way more public.

Here, then, is part of a typical Mark Hyman on-air commentary in which the role of the decadent, corrupt liberal elite is played by Hollywood celebrities who involve themselves in politics. It?s a Rush Limbaugh or Sean Hannity message with the usual ?hot? language and stark imagery, but this time the speaker is a media executive. So the head lobbyist and spokesman is of himself an ideological figure in the Sinclair way:

Did the postal carrier argue that you need to pay even more in taxes? Common, everyday workers don?t lobby you on issues of the day. But Hollywood celebrities and other entertainers believe it?s their job to tell you how to vote.
Consider that many famous celebrities live lifestyles exceeding that of royalty. They live in gated homes, sometimes with security guards. Their children attend high-priced expensive schools. They eat in restaurants that don?t admit average diners like you and me. They drive or are driven in luxury cars.

Often they are on their third, fourth or fifth marriage or relationship. Or both at the same time. Illegal drug use and alcohol abuse are common. They use their status to get free travel, hotel rooms, food and entertainment. They throw public fits if they don?t get special privileges?.

A Political Empire Made of Television Stations

Sinclair, I came to see, wasn?t a normal media conglomerate in the making, not even in the Rupert Murdoch mold with forays into right-wing politics. It was a kind of political force accumulating broadcast assets, intending to use them at strategic moments in order to keep growing, yes, but also to swell in influence, reputation, ?voice.? Between the last election and this one, Sinclair had developed the capacity to intervene in politics using its 62 local stations as loudspeakers for a message synthesized at the center.

That?s what ?The Point? starring Hyman is: a demonstration of Sinclair?s power to speak out nationally and from deep within the cultural resentments of the Right. And that?s the same Mark Hyman who then deals with government regulators and agencies, trying to get the best deal for Sinclair, a company that has a history of constantly pushing the regulatory envelope. It owes its whole existence to the politics of deregulation, which must be pushed ever harder to provide Sinclair with the opportunities it wants. As Barry M. Faber, Sinclair?s general counsel, told the Washington Post, ?we are a deregulation company.? That puts it very well.

How much extra power does Hyman have in negotiations with politicians and regulators by virtue of being on the air and ranting every day, or by virtue of his perceived influence at NewsCentral? I don?t know the answer. But I think Sinclair is organized to find that answer out and apply it with force. Thought of another way, Sinclair is basically a political empire made of television stations, the first of its kind in our country. That empire acted once with ?The Fallen,? then again with the threat of airing Stolen Honor. It tried to use the film to pressure Kerry onto the air for a one-hour program where he would have had to confront the POW?s charges of treason ten days before the vote.

As it turned out, the ploy was far-fetched and it didn?t work, but if everything had fallen the right way, Sinclair would have delivered a second Vietnam groin-kick?the first being the ads from the Swift Boat Veterans for Truth?to Kerry, thus knocking down his numbers at just the right time to turn the election?s outcome. Not only would the company have cashed in and gotten the regulatory relief it wanted during a second Bush term, but it could have started to cast a bigger shadow politically and with its news operation. Simple example: the Bush team sends a message down the line: When you?re stiffing the rest of the press, remember to feed NewsCentral and strengthen Sinclair.

?Off the charts,? former FCC?er Reed Hundt said about the Stolen Honor scheme. And he was, of course right; if we stand here in November 2004, looking back at the era of broadcast regulation ? the one we grew up with. But those charts are no longer valid; they don?t actually tell us where we are. This is what Sinclair, a nouveau media company, is saying to us loud and clear: Turn around and look ahead to where that speeding train, deregulation, is going! It?s been happening for 15 years, in Democratic and Republican administrations. Changes in law, public policy, technology, and the media industry have made possible a new kind of media enterprise: the imperial political broadcaster that involves itself in public fights as a way of showing others what it stands for, what it?s willing to do, and what kind of muscle it has.

Unlike a traditional broadcaster, Sinclair didn?t want to stay out of the election. It wanted in, and that?s how the whole Stolen Honor episode began. But it miscalculated wildly on what the consequences would be when its plans became known. Sinclair wanted to intervene in the election by jockeying with Kerry and publicizing the POW charges; it was willing to be bold. But imagination and the will to be outrageous failed the company at the critical moment. It was not quite bold enough to say: we have a First Amendment right to intervene (which may in fact be true), and to air a propaganda film in the final stretch of the campaign ? and if we decide to do that, we damn well can. Sinclair wasn?t willing to be that up front. The path it took instead was to label the Stolen Honor documentary ?news? rather than call it ?politics? or ?commentary.? News a decadent elite would not allow through to America.

As the New York Times reported: ?Mark Hyman, Sinclair?s vice president for corporate relations, who doubles as a conservative commentator on its news stations, said the film would be shown because Sinclair deemed it newsworthy.? Here is Hyman with a sympathetic Brit Hume of Fox News. Hyman is trying to suggest that Sinclair had no choice but to seek a forum for the POWs to air their allegations. After all, he claimed, it can?t determine when news is going to break, can it?

HUME: So what is your response to the allegation that this is basically a political smear, 30 days or less before the election?
HYMAN: Well, we can?t dictate the fact that these folks were Vietnam POWs, that they finally broke 31 years of silence on the topic they feel is important to them. They recently came forward. We understand from the filmmakers that they approached the broadcast networks about a month ago, and asked to have an audience, if you will, and were turned down flatly.

So when it became available to us, we spent a few weeks vetting their stories to make sure these people were exactly who they were, make sure there were no forged documents in this process. And then we said look, the story is legitimate. They?ve made some allegations, and they need to be aired. Because frankly, up until two days ago, most people in America have never heard of these people because the news gatekeepers have not addressed their topics.

Disappointing the Soldiers of the Right

When news got out about Stolen Honor, and Kerry wouldn?t play ball, political opposition to Sinclair crystallized overnight ? including pressure on advertisers to cease doing business with a company that would intervene in politics that way. The company?s stock price went into a free fall. Democrats in Congress reacted furiously. Wall Street professionals sounded worried. Press attention was almost totally negative. Sinclair had created a storm, deliberately it seems, but like a beginning surfer it didn?t know how to ride the wave and get swept somewhere new.

At the climactic moment, when it had to decide what to put on the air, it did not do what its constituency on the cultural Right was hotly expecting. It did not broadcast Stolen Honor during the election?s final days, or get Kerry under its studio lights. The disappointment to the soldiers of the Right was palpable. At last, they had thought, the party of Barry Goldwater has its own television network.

They were shocked by the final program: ?A POW Story,? which aired Oct 22nd. It had only a few minutes from Stolen Honor, offset by a few minutes from Going Upriver, a pro-Kerry agitprop film. The POWs spoke. But other Vietnam Vets spoke about the integrity of Kerry?s anti-war stance. (Ratings were low too.)

In a clumsy and improvised way, Sinclair retreated to a ?balanced? presentation, because it did not know what else to do in a messy political jam. The very charts it went off by hatching its scheme it was back on by episode?s end. The Baltimore Sun?s television critic David Zurawik had a shrewd assessment of what eventually aired ? a mediocre program that in no way justified the risk of market meltdown or the cost in reputation that Sinclair had paid since the news about Stolen Honor broke. ?The show seemed more an attempt by Sinclair to dig its way out of controversy than an examination of the Vietnam War record and anti-war protests of Democrat John Kerry, as promised,? wrote Zurawik.

In an opening statement, anchorman Jeff Barnd tried to cast Sinclair as a victim of those who would deny the broadcast company basic First Amendment rights. ?It boils down to a fight over the First Amendment,? Barnd said. ?Some people are trying to suppress the rights of free speech.?
He attempted to create the sense that Democrats in Congress, Kerry?s campaign attorneys and others in government were trying to keep Sinclair from airing the show ? all part of what Barnd called ?spin alley.?

So Sinclair ultimately backed down. But it did manage to portray itself as a victimized free speaker whose rights were being threatened. (And just before the election, a conservative media group, NewsMax, bought infomercial time on the Pax broadcast network to show the entire movie.) Sinclair, the empire that makes politicized television, locally distributed, centrally controlled ? that creature remains intact. It will be one of the media companies to watch during the second Bush administration, because it needs to get bigger and it lives off the momentum of continued deregulation.

It also thrives in an atmosphere of culture war. Indeed, after the election, David Smith said the controversy about Stolen Honor had been good for the company. ?The thing that has really gone unnoticed by most is the promotional value we?ve received ? which is probably worth tens of millions of dollars,? he boasted.

The company began its expansion in 1991 and has been on a steady rise ever since. Eight years of Clinton and four years of Bush are responsible for the Sinclair we have now? a ?deregulation company,? as its counsel says. Despite its recent defeat, Sinclair is still an off-the-charts firm. To account for its presence we need new charts. Trust me, those of you who follow politics. You are going to hear from Sinclair again.

With Bush as President, the company will continue to grow as the rules continue to fall. Sinclair got here by flying under the radar, the preferred method of winning regulatory ?relief.? But that phase is clearly over. (See this action.) Some might say the system worked: Sinclair got the message, and retreated. I say the system jerked, and Sinclair realized how little there is to stop it.


After Matter: Notes, reactions & links?
PressThink?s earlier Sinclair coverage:

Sinclair Goes to Air Friday Night: Notes and Comment on ?A POW Story?
Sinclair wanted to play Mike Wallace. It imagined grilling Kerry about his actions against the war. The goal was never to air Stolen Honor, though the furor has been about Stolen Honor. The play they were making was: Get Kerry on video so we can edit his words (and splice in the POWs). Friday?s show will be a much diluted version of that idea. (Oct. 21)

?Call it Commentary, Call it Editorial, Call it Programming, but Don?t Call it News.? Sinclair Fires Jonathan Leiberman By interfering from above (?you will interrupt your schedule, you will run this program, you will call it news??), and by coloring the news to match the Right?s view of the world, Sinclair hopes to flush out employees who cannot get with its agenda. ?All liberals leave? is the message. (Oct. 19)

Sinclair Broadcast Group: What Are They Doing in the Middle of Our Election? ?What Mark Hyman has been saying to the point of braying it is? let?s negotiate. John Kerry can keep Stolen Honor off the air by replacing it with himself. Sinclair has no other invitations out. So I say send Mike McCurry and Richard Holbrooke to Baltimore. They negotiate. Five minutes of film, 55 minutes of Kerry answering questions sounds about right to me?? (Oct. 16)

Agnew with TV Stations: Sinclair Broadcasting Takes On John Kerry and The Liberal Media. ?In a commercial empire it makes no sense to invite a storm like Stolen Honor. But imagine a firm built for that sort of storm. Is Sinclair Broadcasting a media company with a political interest, or a political interest that?s gotten hold of a media company and intends to use it? There are plenty of signs that a different animal is emerging.? (Oct. 13)

John Kerry Should Accept Sinclair Broadcasting?s Offer. ?A final confrontation with the Right. Isn?t that what the Right wants too? A chance, indeed, to clear the air about Vietnam, and a lot of other things. Will America watch? America will watch. And if he can?t win that broadcast, he does not deserve to win the prize.? (Oct. 9)","TRUE","",""
"PRESSTH-00494","Three Stories That Went Awry","http://archive.pressthink.org/2008/03/04/three_stories_f_p.html","Jay Rosen","3/5/2008","PressThink"", ""Huffington Post"", ""Romenesko"", ""Brad DeLong's blog","","","CRITICISM","Article","text","1896","","""An Attractively Against-the-Grain Enterprise..."" When editors try to provoke and newspapers dance in front of the mirror: the perils of misguided contrarianism. ""If the Post is willing to smash idols like that--women's equality--it must be a pretty broad-minded place, right?"" Thursday I posted a little exercise in pattern recognition. Today I am back with the...","This article analyzes three flawed stories from the New York Times and one from the Washington Post, arguing that the issues stem from the publications' self-image and attempts to project a particular image to their audience.  The author suggests that the flawed editing reflects a focus on image-crafting rather than journalistic integrity, driven by factors like economic pressures in the news industry and a desire to appear balanced even if it sacrifices accuracy or thoroughness. The pressure to ?find something? on every candidate, regardless of the evidence, is also identified as a significant problem.","Journalism Theory & Practice, Politics & Democracy, Press & Media Criticism","View from Nowhere, False balance, The Production of Innocence","","The Rise of the Web & Blogging (2000-2009)","Commentary/Critique","fact-checking, media bias, new york times, political journalism, vetting, washington post, New York Times, Washington Post, fact-checking, journalism ethics, media self-image, newsroom culture, political journalism, vetting","","We Scream, We Swoon. How Dumb Can We Get?, various articles and blog posts mentioned in the text","","Jay Rosen","","","2025-06-30 21:27:40","https://drive.google.com/drive/u/0/folders/1rzZQXt-oVXRejKGqej1aGPsKhI2KhnEJ","","","","The common thread here, and the main reason for the bizarreness, is that the real subject of all these stories is the Times itself, the image the Times thinks it?s creating or would like to create for itself when it runs an ostensibly major story about a subject that is or will become of common interest.","When editors try to provoke and newspapers dance in front of the mirror: the perils of misguided contrarianism. ""If the Post is willing to smash idols like that--women's equality--it must be a pretty broad-minded place, right?""

Thursday I posted a little exercise in pattern recognition. Today I am back with the answers I received.

I spoke of three ?vetting? stories that went awry at the New York Times: Obama?s youthful drug use (Feb. 9). Hillary?s marriage as Topic A among prominent Democrats (from May, 2006.) And of course McCain?s friendship with a lobbyist. (Feb. 21. I wrote about it here, and here.)

Each story left people scratching their heads: what were the editors thinking? Each was part of the ?vetting? ritual in which the press imagines itself asking the hard questions of politicians who actually could be president. As Time?s Michael Scherer wrote, each is ?a story that doesn?t exactly say what it is saying, or only says part of what the reporters seem to believe, or seems to be saying something it is not, or something like that.?

What is going on here? Where?s the pattern, if there is one? My plea ran at PressThink, the Huffington Post, and the Letters column at Romenesko, the news trade?s online gathering place. Brad ?Why Can?t We Have a Better Press Corps? DeLong also ran it.

Advertisements for the paper

The best answer I got was at Romenesko?s Letters. It?s from a former newspaper journalist, Larry Kart.

The common thread here, and the main reason for the bizarreness, is that the real subject of all these stories is the Times itself, [the] image the Times thinks it?s creating or would like to create for itself when it runs an ostensibly major story about a subject that is or will become of common interest.
I agree with this. The quirks in editing have to do with self-image at the Times.

The same is true of many other broken-backed stories in the Times and a host of other papers since, probably, the mid 1970s or early 1980s. At least that?s the time when I began to see that sort of stuff in action at the paper where I used to work. A particularly revealing early warning sign was when that paper, with a long tradition of rock-ribbed Republicanism, began to seach for some attractive, young, fairly liberal candidates for local offices that it could endorse, while it never dreamed of endorsing (and hasn?t done so to this date, I believe) a non-Republican for president, governor, or senator. It slowly occurred to me that these seemingly against-the-grain local endorsements were in effect advertisements for the paper, a way of signaling to a body of potential readers that the paper very much wanted and needed to attract that the paper was an attractively against-the-grain enterprise, a place of supple independent thought rather than a stern grandfatherly GOP bastion.
?an ?attractively against-the-grain enterprise.? That is so right.

?The Times is dancing in front of a mirror here, trying to move in ways that telegraph to a somewhat imaginary audience that it is a truly supple paper ? iconoclastic toward its own perceived liberal image (if the ?facts? of a story require that it be so) and certainly capable of seeing all sides of all issues. Thus these Times stories were mis-conceived and mis-edited so as to incorporate and express the paper?s own image-shaping needs; and the ?facts,? such as they were, were pushed about one way and another toward the end. The paper is not so much a paper anymore; it is itself a candidate.
And here?s a poll showing how that candidate is doing. (High negatives.)

?To provoke, but not to offend.?

?Iconoclastic toward its own perceived liberal image? was, I think, the variety of mischief afoot at the Outlook Section of Washington Post Sunday when it published We Scream, We Swoon. How Dumb Can We Get?, a dubious essay by a dim woman about how dumb most women really are. This was a deeply foolish act of publishing. The editor responsible, John Pomfret, told Laura Rozen that he ?ran Charlotte Allen?s piece to provoke, but not to offend.? But if that were the case, he would not have chosen as provocateur a political opponent of the people who needed to be poked.

Let?s provoke people by suggesting that women really are dumb is supposed to scan iconoclastic. I mean, what other logic could it have? If the Post is willing to smash idols like that?women?s equality?it must be a pretty broad-minded place, right? This is not only a crude and formulaic way of demonstrating independence of mind; it misreads the cultural politics of the thing.

Thus, Glenn Reynolds demurred, Ed Morrissey fled in disbelief, Jessica Valenti and Jezebel seethed on behalf of millions who might, Jay Newton-Small of Time found the editors judgment ?unbelievable,? Jane Hamsher gave a shout out to Posties: ?clue me in to what happened here,? and the Post ombudsman started scribbling notes with an angry look on her face. (Rachel Sklar has more. And Lisa Schiffren at National Review is not impressed. The Post?s ombudswoman did weigh in: thumbs down.)

John Pomfret, you misread. But what did you misread? Good provocations do not begin with an intention to provoke, but with an author who has something real to say, and an editor willing to provoke in order to see that it gets said.

Find something on everyone

?Candidates create narratives of themselves, which are almost necessarily not wholly accurate portrayals of themselves, ? writes Christopher Colaninno at Brad Delong?s blog. ?I think the media gets tripped up when they can establish that candidates narratives are not accurate in someway.?

Because what could be bad about that, right? ?They?re committed to the process of anti-veneration and creating an alternative narrative for these political figures, but they don?t actually have the goods. So they write these half-baked stories, not realizing that they?re narrative is a lot easier balloon to pop then what any of the candidates have put out there.?

Anti-veneration is not a guarantor of truth but an invitation to truthiness.

At the Huffington Post, tdbach: ?I think the Times has undertaken this project, if you will, to demonstrate their fair-and-balanced bonafides? rather than really dig deep and unearth God knows what, where one candidate may end up with a much bigger scandal to deal with than other candidates will (and thus appear to be out to get him or her) they float a vaguely suspicious story on each, and each story is comparably weightless but apparently critical?. You?re the journalism professional, not me. Does that make sense??

The pressure to ?find something? on everyone? Yeah, makes sense. Could be a factor. Times people would say no, I?m sure. But let me show you something?

The candidates with the biggest noses

The Washington Post has this nifty ?truth watch? feature called The Fact Checker. It?s Michael Dobbs putting questionable campaign claims to the test. The Post is bold: it has a scale for falsehood-peddling: one to four Pinocchios. (Two for ?significant omissions and/or exaggerations.?) If you want a press that calls bullsh*t on claims that are bullsh*t, then you have to like the Pinocchios, and the fact that a Post journalist stands behind them: reporter Michael Dobbs. Way to go Post!

Now try to find at The Fact Checker a chart, tab, feature or widget listing who?s ahead in total Pinnocchios. This would tell us which campaigns the Post has thought to penalize for being loosest with the facts. I couldn?t find such a running total anywhere. Can you?

If you?ve got the information, but you?re not displaying it that way?the candidate with the biggest nose?some of your more attentive readers might think you don?t want to advertise any imbalanced results, even when they emerge from a fair-minded procedure. There?s a politics to that decision that remains undisclosed. (See Andrew Cline on it.)

Howard Kurtz is concerned about hostillity to Hillary in the press. Let me ask him: Has the Post?s Pinnochio test shown her with a bigger nose than Obama in the aggregate this year? Or is he ahead in bad truth claims? Do you know why I can?t find out from the Fact Checker home page, but I can read about the top ten fibs of the year, which is more entertaining but lesss important? Please advise.

Newsroom cuts are responsible

In Long Winter for the Media, Jim Hoagland, columnist for the same Post, tries to explain what happened with the McCain story, which he called a ?seriously undersourced account.?

What effect did a string of well-publicized, morale-damaging crises in the newsroom, as well as the industry?s darkening economic skies, have on the decision to print before the story was ready?
Good editors protect their staffs as fiercely as they prod and push them. Awarding prime front-page display to stories with heavy investments of sweat and resources is an important tool in lifting morale. The decision might have looked less urgent in a more confident, more settled newsroom.

Here?s what he?s saying: Used to be that lots of good reporting never made it into the (expensive!) newspaper, and editors kept everyone in line that way. Now in a new economy there is pressure on the editors to run the story if a lot of (expensive!) staff time has already been invested. It?s morale-sapping, as well as a sign of an investment gone bad, to have to conclude: sorry, people, we just haven?t got it. Maybe that explains how an under-sourced story got through.

I did like Matt Welch?s exasperated reply to Hoagland: ?How ?bout just doing a better job next time??

Absence of a finding

Hilzoy of Obsidian Wings over at Delong?s joint: ?I actually liked the Obama drug use piece, except for the ?did he exaggerate?? bits, which were silly. But the actual information the reporter came up with was quite interesting. I think they should have had the guts to just report it straight ? it?s interesting the way scientific studies that fail to find an effect can be, and I suspect people have the same kind of reluctance to just report the absence of a finding straight.?

Could be. ?We checked into his drug use and didn?t find much?? does not reflect back to Times-people their ideological suppleness or intent to vet. ?Maybe he exaggerated? does. Or what Hoagland said: There?s a kind of silent economic pressure to run the story whether you found anything or not.

A few other reactions:

Marilyn Ferdinand ?This ?vetting? may seem to reveal skeletons in the closet, but what what it really seems to reveal to me is that the NYT editors are Freudians looking for keys to character.?
Weldon Berger: ?I don?t think there?s an institutional link between the three stories other than that the people who run the paper live in an alternate reality from most people.?
Benjamin Melan?on: ?All three ?tough-on-the-candidates? pieces, driven by the New York Times? own choices and research rather than breaking events, have in common a great lack. Each goes out of its way to turn something arguably tangential to being president into a character issue.?
?It?s not hard to recover from a mistake,? writes Laura Rozen today, reacting to this post. ?It takes just a small dose of humility and sense of accountability and frankly good business sense.? Well, yes. But when the mistake involves the peculiar style of misguided contrarianism I?ve talked about here, fixing it becomes a complicated dance with the newsroom?s self-image as a fighter for truth beyond faction.

UPDATE, March 5. Laura Rozen today is angry about something new: The Post is sending Charlotte Allen out to face the music, rather than one of the editors responsible for publishing the piece. Check out the intro to her online chat at washingtonpost.com?

On Sunday, The Washington Post?s Outlook section published a piece by Charlotte Allen under the headline ?We Scream, We Swoon. How Dumb Can We Get?? Responses, most of them angry, flooded in ? hundreds of letters to the editor, more than 1,000 comments on the article on washingtonpost.com and more than 10,000 related blog posts.
Wednesday, March 5 at 2 p.m. ET, Allen will come online for a special chat to answer readers? questions about her article and the public?s reactions and rebuttals to it.

The thing drew ten thousand blog posts? Wowzer. (And someone check that math.)

This Allen chat is a deeply confused act. What are the chances that Allen is not going to start defending her arguments as real arguments, her evidence as real evidence? Very slim. And that will undermine the editor?s explanation: this was tongue in cheek, we were just having a little fun with you guys, sorry if we offended?. Besides, where has all the criticism focused? On the Post?s decision to publish the piece. The writer cannot be faulted for that.

Not a good sign if you are a fan of the Post. More bad news: the Daily Howler?s critique of Sunday?s Outlook section, which is dead on.

UPDATED AGAIN:

Well, the first question kinda proves my point. Allen isn?t high on the official story.

Washington: When I read this, I immediately thought it was written ironically. Were you surprised that so many people took it literally?
Charlotte Allen: I wouldn?t quite use the word ?ironic,? but yes, I meant to be funny but with a serious point?that women want to be taken seriously but quite often don?t act serious. Also, that women and men really are different.

In other words, it wasn?t a parody in the Stephen Colbert style. Elsewhere she says, ?I?m not sure whether I?d characterize the piece as satire?.?

I?m sure of it: this wasn?t satire! Let?s review:

What John Pomfret told us: Allen?s piece might look like its saying, ?take me seriously as social commentary,? but really it?s supposed to be funny. Tongue in cheek. (Therefore the reactions are rather? misplaced or at very least pitched the wrong way.) What Allen herself told us: it?s supposed to be funny, sure, but I?m making a serious point! You know, social commentary! (Which means the reactions are on point. Well bowled, as it were.)

What a ?well placed, top tier, MSM journalist? who wrote to Laura Rozen says: ?her denial that the piece was satirical makes Pomfret a liar.?

What Slate?s XX Factor says: ?She started off the chat by poking a huge hole in Outlook editor John Pomfret?s rushed insistence that the piece was satire.?

","TRUE","",""
"PLATFOR-0001","Jeff Bezos? view from nowhere","https://www.platformer.news/jeff-bezos-washington-post-endorsement-view-from-nowhere/","Casey Newton","10/29/2024","Platformer","Platformer News","","FOUNDATION","Article","text","2953","","Journalism Jeff Bezos? view from nowhere The Washington Post owner says the media must stay neutral to maintain its credibility ? but misunderstands how trust is built today Casey Newton Oct 29, 2024 ? 12 min read (Roman Kraft / Unsplash) I. Yesterday, I explored how billionaires are thinking about their relationships with Donald Trump...","Rosen contends that expressing informed perspectives?especially when backed by deep expertise?can actually build trust with audiences. He also critiques the newsroom culture that treats criticism from both sides as proof of fairness, even when it may signal poor journalistic practice. The article highlights how Rosen?s ideas gained traction during the rise of blogging, when more personal and emotionally resonant writing began to outperform traditional, detached reporting. Bloggers who shared their values and biases openly were often dismissed by mainstream journalists, yet they succeeded in cultivating loyal audiences precisely because they were transparent.","Politics & Democracy, Technology & Digital Media, Press & Media Criticism","View from Nowhere, The People Formerly Known as the Audience, Audience atomization overcome","","Post-Trump & Future of News (2022-Present)","Commentary/Critique","","","","","","","","2025-07-07 17:08:32","https://drive.google.com/drive/u/0/folders/1rzZQXt-oVXRejKGqej1aGPsKhI2KhnEJ","","","","If in doing the serious work of journalism ? digging, reporting, verification, mastering a beat ? you develop a view, expressing that view does not diminish your authority. It may even add to it.","Jeff Bezos? view from nowhere
The Washington Post owner says the media must stay neutral to maintain its credibility ? but misunderstands how trust is built today
I.
Yesterday, I explored how billionaires are thinking about their relationships with Donald Trump on the eve of the election. Just before I hit send, Amazon founder and Washington Post owner Jeff Bezos responded to criticism that he had prevented his editorial board from publishing its endorsement of Kamala Harris. It?s a piece of writing notable for how dated its thinking is for a famously forward-thinking entrepreneur. And to borrow a phrase from Amazon, it?s a recipe for a media industry that remains stuck squarely in Day 2.
The crux of Bezos?s argument is that trust in journalists is at an all-time low, and therefore, newspapers should not endorse candidates in elections. He writes:
Presidential endorsements do nothing to tip the scales of an election. No undecided voters in Pennsylvania are going to say, ?I?m going with Newspaper A?s endorsement.? None. What presidential endorsements actually do is create a perception of bias. A perception of non-independence. Ending them is a principled decision, and it?s the right one. Eugene Meyer, publisher of The Washington Post from 1933 to 1946, thought the same, and he was right. By itself, declining to endorse presidential candidates is not enough to move us very far up the trust scale, but it?s a meaningful step in the right direction. I wish we had made the change earlier than we did, in a moment further from the election and the emotions around it. That was inadequate planning, and not some intentional strategy.
This is an old idea in media criticism. Jay Rosen, our finest critic of the press in academia, first identified what he called ?the view from nowhere? in 2003. (The name comes from a 1986 book by Thomas Nagel.) The view from nowhere has three characteristics, Rosen wrote in 2010:
In pro journalism, American style, the View from Nowhere is a bid for trust that advertises the viewlessness of the news producer. Frequently it places the journalist between polarized extremes, and calls that neither-nor position ?impartial.? Second, it?s a means of defense against a style of criticism that is fully anticipated: charges of bias originating in partisan politics and the two-party system. Third: it?s an attempt to secure a kind of universal legitimacy that is implicitly denied to those who stake out positions or betray a point of view. American journalists have almost a lust for the View from Nowhere because they think it has more authority than any other possible stance.
The problem with the view from nowhere, Rosen explains is that it requires journalists to share less than they know ? to do all the work of understanding an issue on your behalf, and then stop short of drawing a conclusion. He goes on:
If in doing the serious work of journalism ? digging, reporting, verification, mastering a beat ? you develop a view, expressing that view does not diminish your authority. It may even add to it. The View from Nowhere doesn?t know from this. It also encourages journalists to develop bad habits. Like: criticism from both sides is a sign that you?re doing something right, when you could be doing everything wrong. [...] In fact, American journalism is dumber than most journalists, who often share my sense of absurdity about these practices. A major reason we have a practice less intelligent than its practitioners is the prestige that the View from Nowhere still claims in American newsrooms. You asked me why I am derisive toward it. That?s why.
To be clear, I?m not particularly invested in whether a newspaper endorsed a candidate. But I am invested in how captains of industry view their own business, and what strictures they do or don?t put on the platforms they control. This week we saw the debut of Jeff Bezos, content moderator, and like many novice moderators, he appears to have stumbled out of the gate.
II.
Rosen chronicled the oppressive influence of the View from Nowhere first during the 2000s, which also saw the rise of blogging. Bloggers were often dismissed as hacks and cranks by newspaper reporters in those days, even as their more plainspoken, emotional style drew them increasingly large audiences and influences. But they were onto something important: when writers share their point of view with audiences, including their own values and biases, they build trust more effectively than writers who default to the View from Nowhere.
This is why, as a student of Rosen?s work, I send Platformer?s ethics policy to everyone who subscribes, as well as a longer document that lays out my worldview. Readers often send me critical responses to newsletters, but they rarely accuse me of ?bias? the way so many mainstream press outlets continue to be accused of. A key reason, I believe, is that I try to tell you my biases upfront. It?s impossible to cover a beat for over a decade and not have drawn conclusions about it; to pretend otherwise is not credible. Bezos?s insistence that the Post not publish an endorsement is a way of pretending its editorial writers have not drawn conclusions, even when everyone knows that they have. That?s trust-destroying, not trust-building.
Ultimately, the View from Nowhere reflects a desire to stay above it all. But in the modern media ? in the places where it remains Day 1 ? everyone is getting their hands dirty. I?ll give you three examples.
One, newsmakers now go directly to news consumers, and they usually do what the bloggers started doing 20 years ago: leading with emotion, and expressing strong points of view. They build community and start conversations. They create bespoke realities where news (real or otherwise) is shared only if it reinforces the community?s pre-existing beliefs. It?s often a much more intoxicating brew than anything served up by Associated Press-style, inverted-pyramid journalism. (No disrespect to the AP, whose work remains essential.)
Take Trump, who created his own social network to do all this at scale. In an analysis of Trump?s posts on Truth Social today, the New York Times finds a vast, disturbing web of paranoid conspiracies shared by the former president each day. Here are Neil Bedi, Lazaro Gamio, Ishaan Jhaveri, Devon Lum, Haley Willis and Karen Yourish:
The Times analyzed thousands of Mr. Trump?s posts and reposts over a six-month period in 2024 and found that at least 330 of them met two tightly defined and striking criteria: They each described both a false, secretive plot against Mr. Trump or the American people and a specific entity supposedly responsible for it. The unfounded theories ranged from suggestions that the F.B.I. had ordered his assassination to accusations that government officials had orchestrated the Capitol riot on Jan. 6, 2021.
About 75 percent of the conspiracy-theory posts came directly from Mr. Trump?s account. The rest Mr. Trump reposted from other social media accounts. The Times also analyzed hundreds more of his posts and reposts that didn?t strictly meet both criteria but still invoked the theories with slogans and subtle references.
This sort of thing has completely reshaped the relationship between many Americans and the news. Trump?s version might not be true, but to his followers it often feels true, and in any case it?s far more exciting to read. In no way can its appeal be countered by a publication that holds as a principle not telling you what its most senior writers believe about their own work.
Two, media is now an audience participation game. It?s not only candidates like Trump getting their hands dirty, pushing conspiracies from the top down. It?s also average people spreading them from the bottom up. (The Times notes that many of the conspiracies shared by Trump appear to have come from random, low-follower accounts who tagged the president.)
In this way, social media turns journalism into a game anyone can play ? and reach huge audiences doing so. And what we have learned for this game is that there is a huge demand for misinformation, conspiracy theories, and anything else that reinforces the user?s existing worldview. Social networks respond to that demand much as newspaper front pages and TV newscasts once did ? with an ?if it bleeds, it leads? mentality that privileges content that makes you angry, or makes your political enemies look bad, or tells you what you already wanted to believe.
For many Republicans, there is no narrative more appealing than the idea that they can only lose if Democrats cheat. And so in a preemptive bid to delegitimize the results of the election, key figures like Trump and Elon Musk have invested huge sums of money in building networks of actors who will advance any remotely plausible theory of voter fraud. The audience plays along, contributing theories of their own, and social networks amplify those theories to large audiences ? particularly on X, which is now an active participant in the delegitimization of the election.
Surveying the most recent nonsense at Wired, David Gilbert writes:
Election workers in Bucks County, Pennsylvania, are not destroying mail-in ballots cast for former president Donald Trump. The Department of Defense did not issue a directive last month giving US soldiers unprecedented authority to use lethal force against Trump supporters who riot if the former president loses next week. And no, 180,000 Amish people did not register to vote in Pennsylvania?given there are only 92,600 Amish living in the state, including minors. Ron DeSantis never said that Florida would not use Dominion Voting machines in next week?s election. And municipalities in California are not allowing noncitizens to vote in this year?s presidential elections.
These are just a small sample of the flood of voting-related disinformation narratives that are being seeded and spread on social media platforms like X, Instagram, and Facebook in the build up to November 5.
That the former president is once again sowing doubt in the results of the election, even after the last one led to the death and destruction of January 6, is a hard and disqualifying truth. But it is one that readers of the Post were counting on its editorial writers to deliver. In an era where absolutely everyone is sharing their opinion online, a ?sorry, we can?t share ours? ? from the opinion writers, no less ? looks absurd.
Finally, right-wing partisans and think tanks are getting their hands dirty ? and have been for decades now. Ever since Vice President Spiro Agnew dismissed the press as out-of-touch elites during the Watergate scandal, conservatives have relentlessly promoted the idea that the press is hopelessly biased and untrustworthy. An explicit goal of this campaign was to bully the mainstream media into the View from Nowhere ? working the refs to the point where they were afraid to call fouls.
Modern newsrooms have understood this for a long time. Bezos, it seems, is still getting up to speed.
To be sure, the press does have blind spots and biases worth calling out. They (and I) make mistakes all the time. Many journalistic formats, particularly daily news stories, benefit from presenting the facts straightforwardly and without editorial embellishment.
But at a time when news consumers have a near infinite variety of subscription products to choose from, Bezos cannot insist that the Post retreat to a posture of willful ignorance. The reported 250,000 people who have already canceled their Post subscriptions have made that loud and clear.
None of this, I suspect, is news to the many excellent reporters, editors, columnists, and other journalists at the Post, who are blameless here. The much-derided Trump era slogan ?democracy dies in darkness,? while overly dramatic for some tastes, gave the Post?s brand much-needed definition. It told you what the journalists there stand for. It gave the audience a cause to rally around.
Now, as a cutting headline in Semafor put it: ?The Washington Post sold Democracy. Now it needs a new line of business.? It?s almost certainly too late for the Post to endorse a candidate in the election now. But it?s not too late for Bezos to shed the View from Nowhere that most other media moguls gave up a decade ago. For the Post to thrive again, he must.
","TRUE","",""
"BYLINES-0001","Trump, Truth, and 'Freedom from Fact': Jay Rosen with Adrian Goldberg at the Byline Festival","https://www.bylinesupplement.com/p/trump-truth-and-freedom-from-fact","Byline Supplement","2025-06-27","Byline Supplement","","","NYU","Article","text","407","","Seasoned radio presenter and host of the Byline Podcast Adrian Goldberg interviews panellists at last year's Byline Festival","At the Byline Festival held in Dartington Hall in July 2024, journalism professor Jay Rosen joined radio presenter Adrian Goldberg for a compelling conversation on the erosion of truth in modern media and politics. Rosen explored how Donald Trump?s approach to political communication has fostered a climate where facts are increasingly optional, coining the term ?freedom from fact? to describe this phenomenon. He argued that this shift undermines public trust and challenges the traditional role of journalism, which relies on shared realities to hold power accountable. The discussion highlighted the media?s struggle to adapt to this post-truth environment, often failing to confront misinformation with sufficient rigor. This episode is part of the Byline Supplement?s broader exploration of truth, aligning with the theme of the 2025 Byline Festival at Keele University: ?What is Truth?? The page also features links to other episodes tackling issues like immigration, Brexit, and the tech industry, inviting viewers to engage with ongoing debates about media integrity and democratic accountability","Politics & Democracy, Technology & Digital Media, Press & Media Criticism","View from Nowhere, Verification in reverse, False balance","","Post-Trump & Future of News (2022-Present)","Commentary/Critique","","","","","","","","2025-07-07 17:08:34","https://drive.google.com/drive/u/0/folders/1rzZQXt-oVXRejKGqej1aGPsKhI2KhnEJ","","","","Democracy is fragile and you can lose the institutions of democracy very quickly.","The Republican Party has made peace with being the party of Donald Trump. It is very clearly enabling Trump to get through this campaign. Radical destruction of the way things are done in the country. This is part of a larger thing that I describe as freedom from fact.
Welcome again to the library at Dartington, and this time I'm delighted to welcome Jay Rosen. Jay is a professor of journalism at New York University, and he's here at the Byline Festival giving a talk about what Trump's election, if it happens in November 2024, will mean for the rest of us.
But if you're watching this, you probably weren't at the festival. So we're going to give you the chance to hear now what Jay told the audience. So, Jay, firstly, how likely do you think it is that Trump will be elected in November 2024?
He's the favourite. He has to be considered the favourite. And so it's extremely likely. It's dangerously likely. And he has momentum. And right now, with the spectacular events with Joe Biden of the last couple of weeks... the situation is even worse. So we're at a very serious and very potentially deadly situation for American democracy.
You're putting it in almost apocalyptic terms. Well, that's because there's never been a candidate like him. And some of the things that he is saying he will do and he's quite capable of doing... are going to undo a democratic society or could, and many of the barriers that would prevent that kind of thing have been run over,
the most important of which is Supreme Court would ordinarily be the agent that puts a halt or a limit on how bad it could get. But now we have a Supreme Court because of the Republican Party's nominations to it that doesn't function like that anymore. In fact,
it is very clearly enabling Trump to get through this campaign without facing trial for all the things that he is facing trial from. So it's a unique moment and very dangerous. Another thing you have to remember is a huge portion of American Homes include guns.
So if you think about things getting out of hand in a country with more guns than anybody, there's that in the background. It's probably going to be a close election. So a close election also gets people's blood going. There's just a lot of reasons to have a sense of foreboding.
We spoke on the Byline podcast recently about Leonard Leo, who has funded various right-wing think tanks and institutions and politicians, and he has had a hand in the appointments already. of six Supreme Court judges, or at least campaigned for five of them and helped Clarence Harris as an advisor when he was appointed to the Supreme Court.
And the suggestion made in that podcast was that really they're promoting a very right-wing, very traditional Catholic agenda. Do you recognise that? Do you think that's what lies behind the decision to... grant presidents immunity so long as they are acting within the terms of their office?
That's a serious charge. I don't know enough about Catholic doctrine to really give a good answer to that, so caution says don't. Fair enough.
There is... Project 2025. So this is seen as being Trump's manifesto if he wins election again. How does that differ from what Trump has said previously? And why would progressives like you be wary of it?
Well, the first time he ran, he didn't know what he was doing. He didn't expect to win. He didn't know who should be part of government because he hadn't spent any time thinking about government. He was completely unqualified for the position and lazy about learning.
But now he has a much better sense of what he wants to accomplish. especially what he wants to tear down and destroy. And he is no longer going to resort to a habit he called central casting, where you just take people who look the part and you don't care what they think or
what the relationship is between your agenda and their agenda. That's kind of gone to the background now. And the Republican Party has made peace with being the party of Donald Trump. And so the two operations are working together in a way that they weren't in his first election. And many of the things that the 2025 election,
agenda describe are just radical destruction of the way things are done in the country. But also I think another really important part about that document is the communication system, the media system has changed in ways that almost everybody doesn't really recognize day to day. and this is one of them,
where it used to be when you had controversial plans for what to do if you're elected, you kept them secret until the moment you spring them on unaware people. And now what... Trump and people who are learning from Trump do is they parade their most extreme
ideas and demands in public to create a kind of chaos or an environment of threat. And they hope to frighten their opponents that way, but also turn off some people listening to them. And they're out front with crazy sorts of extreme behavior, not trying to conceal it at all, but making it part of their political style,
which is something that I think... We need to understand better. Trump's political style is not to cover up and keep things secret. It's to parade his worst ideas and shock Trump. So this shock treatment is enabled in some ways by the fact that the media system doesn't really have a coherent public receiving end of it.
The fragmentation of the media world is part of what makes Trump's political style work.
And I've heard you talking on a panel about the way in which the big newspapers in New York and Washington will be created by and read by progressives, read by Democrats. So even if they attempt to hold Trump and other candidates to account, the people who might benefit from reading that hold to account are elsewhere. That's right.
There's no...
where the New York Times and the Washington Post meet the typical MAGA voter. It doesn't happen. And Trump has been successful in his description of the mainstream media as the enemy of the people and his repeat ritual of sort of pointing them out and literally pointing his finger at them to the point where...
It's gone way beyond something that I used to study of charges of media bias from so-called conservatives against what they considered to be the liberal media. That was like 20 years ago. Now things have evolved far beyond that, where Trump's fans assume...
that if a fact or a claim or a charge was reported on in the elite newspapers, that meant it was by definition made up. Yeah, not true. And so this is part of a larger thing that I described as freedom from fact. I'm going to say it again. Freedom from fact.
That is an essential component of Trump's political style and of the bond that he has with his most ardent supporters. Right. And when people are kind of high on freedom from fact, meaning they don't have to show evidence, they don't care about documentation, they don't care if things are true in the old-fashioned sense of truth,
like evidence and evidence, and a certain fidelity to fact that was said to be important for serious, powerful people. I can remember easily from a couple of presidents ago how insistent White House staffs were if their candidate or their president made a factual error That was something that was extremely important.
You had to correct it the next day or it would kind of fester and the media would keep reporting on it. And it was a serious problem if the president was wrong about something. We are so far beyond that now with the proven effectiveness of freedom from fact that this is, I think,
going to be one of the big, quote-unquote, innovations that Trump brings to politics, not just in the U.S., but around the globe for these Trump wannabes that do exist, and those who are kind of ahead of Trump in this political style, like in Hungary.
Viktor Orban. Yeah, I think people will recognise those trends here in the United Kingdom as well, notwithstanding that we have recently elected a new Labour government. But freedom from fact fascinates me. Is this something that Trump has set out to create? Is it something rather that he has sought to exploit,
having witnessed the changes in the media that have emerged, particularly since the rise of social media and media? new forms of technology.
Well, it began in a much more prosaic way. It just was his own personal style. The way that he could make the defects in his personality work for him was just to deny everything, lie constantly, you know, claim whatever he needed to claim to get out of a situation,
create problems for himself by lying and just add more lies to it to try and solve it. This was the way he operated as a business person before he stepped onto the... political stage. And he certainly doesn't have any coherent theory behind it. Freedom from fact is my term.
It's not something that he would ever describe as his modus operandi. But we began to see this very early in his political rise, something else that I call verification in reverse, which is part of freedom from fact, was a part of his landing on the political stage. When he took the lead in questioning Obama's birth certificate,
which was a way of saying that he's not really American, which is a way of turning him into an alien, he was attacking a fact where Barack Obama was born, in hopes of undoing it. And the way that works is by attacking a very basic requirement of journalism, which is verification.
Verification is like the heart of being a journalist. Did that really happen? No. Let's verify it. What does the evidence show? What did the document show? Let's interview the person who was there. Proof, evidence, these kinds of things are the basic building material that you need to verify a claim. And that's key to how journalism works.
Verification in reverse is... is when you take something that's already been proven, verified, and you introduce doubt about it, because when you introduce doubt about something like that, it creates commotion and reaction and argument and energy. And people who are hoping that Obama's birth certificate is fake are energized by that.
And so freedom from fact involves other rituals like taking something that's been nailed down and introducing doubt about it. And the interesting thing about that little trick is that the more nailed down the fact claim is, the better for freedom from fact, right? Because if the really big facts are all lies,
like there's the president and an American citizen, that's a pretty serious claim, right? If the really big things are lies, then you can assume that all the little things are lies too. And so that's what I call, hold on a second, That's what I call verification in reverse.
It's quite astonishing, really, that Trump has managed to survive all of this. I know that the closest politician to Trump in the UK was arguably Boris Johnson, an outright liar who was ultimately brought down by his lies, notwithstanding a lot of cheerleading on his behalf by parts of the mainstream media.
Is Trump not subject to that same challenge in the United States, or is there a... what sounds to me like quite an appalling idea, quite a frightening idea, a kind of willful ignorance on the part of his supporters to say that it's all just lies.
Even if there's something over here which says that something he has said can be proven to be untrue, nah, you just can't trust them. It's kind of messing with people's reality.
Yeah, it's totally messing with people's realities for sure. But we also have to keep, In our minds, the effect that sheer chaos has on these claims and counterclaims. Steve Bannon said something really interesting. It's been quoted many times.
This is his former press advisor, Steve Bannon, now in jail, as we speak.
Now in jail, big supporter of Trump recently. In a way, kind of like the ideological brains of the operation in a way.
The guy who ran Breitbart, the alt-right news website.
Yeah. So in 2018, he said something really important, which is the Democrats don't matter. The real opposition is the media. And the way to deal with them is to flood the zone with shit. And this idea is sort of just a different kind of propaganda, not necessarily new,
but it's a propaganda where you don't care about the argument. You're not trying to get a false claim across. You're not really trying to influence people's beliefs. You overwhelm them with too much information, too many... claims, too much argument, so that they either get confused by the back and forth or they get disgusted by the media environment.
They check out. Oh, they check out. Or they just determine with their intelligence that it'll just be too expensive to find out what's right here, so I'm going to not pay attention at all because it's all probably... false anyway so that idea of flooding the zone allows you to put in the zone things
that are true maybe half true a lot of things that are false things that you don't even care about and you do it openly in order to not change people's minds but drive them from the public square And he has been very successful at doing that.
And it's extremely difficult to know how do you counter that strategy by introducing the facts? Well, let me show you the facts, right? Well, that just goes into the machine, right, and actually allows for this method to work.
How does that, though, translate, in the case of some people anyway, into support for Trump? Because I understand that, that people are driven from the public square There's too much confusion and chaos, and people are inclined at that point to zone out. I don't need all of this in my life.
It justifies their wish to get rid of the mainstream media.
Underlying this I think is something quite dark, isn't it? Because it's almost as though there is a percentage of people within the United States who want to think ill of their fellow citizens, who want to feel superior to other, and I use that word advisedly, people who are othered within their society.
They can't do that within the respectable conventional frameworks of the mainstream media. This gives them a new framework by which their darkest impulses can be justified and not seen as somehow primitive or evil. I may be over-egging it here. I don't know. But what you're describing does sound to me like a very dark phenomenon.
I think that's a good description. It is. Yeah. In a way, it's approaching truth from the demand side, if you see what I mean. There's a lot of people out there who wanted it to be true that Obama was not an American citizen.
Because, let's say it bluntly, they're racist and they feel that white people are superior to black people.
For any number of reasons, including those, they want it to be true. And that is the chord that Trump is striking. You want it to be true? You can have that. You can have that. And if you can have it, even when it isn't true. All the more exciting. So this is what's happening.
It's part of the glue that keeps the Trump coalition or the really extreme MAGA movement going. It's spreading in the sense that the Republican Party as a whole now kind of has to recognize this. I don't know if you... Remember this, but during Trump's last campaign, the one he lost,
the Republican Party didn't even bother making an agenda. Didn't go into the election with an agenda. The agenda was Trump. So no manifesto. No manifesto, no priority list, just Trump.
They have got this... Project 2025, though, on this occasion, haven't they? And one part of that is about addressing what they describe as the deep state, isn't it? People we might describe as... experts, civil servants, people with knowledge and with a track record of delivery. And this is why the next Trump administration, if it comes to pass,
is feared more, perhaps even than the first, that it is that much more radical.
Yes. Another way to think about this is every knowledge profession has to be under attack in this approach. What I mean by knowledge profession is just people who are supposed to figure out what's actually going on, right? And there's different kinds of people in politics and government who have that goal. Journalists, of course, are well-known,
but there's lots of other people, all the people in the intelligence communities. All the experts who are supposed to figure out what the options are for the president to do. Diplomats have this responsibility. Experts of all kinds, excuse me.
Medical staff in a time of COVID, for example. I mean, we had a similar thing about attacks on experts during Brexit.
All of the experts during the pandemic, right? And... Everybody who is supposed to have the knowledge necessary to solve problems is under attack in the Trump political style. And you can see how that creates a lot of room for maneuvering if you can actually live in a world where you've accomplished freedom from fact.
There's something a little bit Pol Pot about it. I'm not suggesting that he plans to kill all these civil servants, but the idea then that you'd get rid of the deep state under Project 2025 by making tens of thousands of state officials redundant. people we would call civil servants in this country, and just say all that expertise,
all that knowledge, put it on the bonfire.
Yeah, it's sort of positivist or, yeah, it's categorical. Everything that the intelligence community does is pointed against me, so we have to destroy every part of it. That kind of thinking is... It's not rhetoric. This is what I was trying to say at the beginning. It's a plan. It's not distant in any way.
This is the kind of thing that three weeks after the inauguration of a Trump presidency could be totally up and running. And so that's why I say it's so serious. We are extremely close to losing entire institutions. Another way to think about this would be people in a Republican Party realize that
they couldn't get things they have long wanted through the normal up and downs of politics. And so they've decided to take a different route, which is to destroy the institutions until they can't provide any resistance.
And those things might involve protection for workers' rights, for example.
Yes.
Environmental protection.
Good example. Yes. Yep. And health, public health, all kinds of restraints on executive power also. And we're very close to those kinds of things happening, but it's hard to communicate that in an environment of chaos.
In terms of Trump's foreign policy here in the UK, we regard him as being... friendly towards Putin somebody who would I mean he said he is admired Putin hasn't he in the past and just trying to think through what that would mean for Ukraine
what allowing Russia to succeed in Ukraine would mean for the rest of Europe yeah what it would mean for NATO which offers the UK protection
Yes, but there's very few actual policies in Donald Trump's notion of the presidency. But there's a couple. One is closeness to Putin, as you said, reduce conflict with Putin. Another is trade, reorganizing world trade to the benefit of American workers, at least that's how he puts it. and his suspicion of NATO. That's another thing.
NATO could be gone inside a month. Gone. It's not an abstraction. It's not a proposal. It's like a fact that we could easily withdraw from it and send it crashing so that the Europeans have to decide on what are they going to do themselves. We're very close to that happening. So is he likely to win?
It's a serious...
and dark question jay you've scared us in this conversation and one of the purposes of these conversations is to look forward hopefully with a little bit of optimism can you give us anything positive to take away from this
Well, I think if there's anything positive, it's going to be in the form of some sort of a lesson that democracy is fragile and you can lose the institutions of democracy very quickly. It's sort of like New York City. If you spend any time in New York City, New York City only works ?
because everybody kind of tries to make it work. But one tunnel goes out and the whole system doesn't work anymore. And democracy's like that a little bit. Supreme Court doesn't work anymore? Well, it's hard for the machinery of democracy to protect us, right?
So if there's gonna be something good, it would be that, that you can lose it really easily And when it's under threat, which it is now, you have to recognize that and change what you're doing, which is the message that I've tried to give the journalists of America is you
can't go on like this is normal political combat, you know, one party against another. It's a different situation. And it's been difficult to persuade them of that, even though they know that this election is unlike any other election. It's been great to speak to you, Jay. Thank you so much for your time. Thanks for having me.","FALSE","",""
"VOXCOM-0001","Trump exploited a broken press. Here?s how to fix it.","https://www.vox.com/policy-and-politics/21495104/donald-trump-media-2020-election-jay-rosen","Sean Illing","2020-10-21","Vox","Vox Media","","PLATFORMS","Article","text","3161","","""Trump has hacked the newsworthiness code by being newsworthy in the traditional sense every day, many times a day. He dominates the public conversation. He overwhelms journalists trying to process all this news. He exhausts the patience of the public. And he throws off so many false or misleading statements that he breaks the controls or checks on that as well.""","Jay Rosen argues that traditional journalism has been ""hacked"" by Trump's ""flood the zone with shit"" strategy?overwhelming the news cycle with a constant barrage of lies and provocations that exhaust both journalists and the public. The press remains trapped in outdated models focused on ""balance"" and horse-race coverage, unable to adapt quickly enough to a Republican Party that has become structurally opposed to honest journalism. Rosen advocates for a ""citizens agenda"" approach that centers voters' concerns rather than candidates' tactics, but warns that without fundamental change, journalists will continue distorting reality by treating an abnormal political system as normal.","Politics & Democracy, Technology & Digital Media, Press & Media Criticism","Church of the Savvy, False balance, Verification in reverse","","Trump Era & Press Crisis (2017-2021)","Commentary/Critique","","","","","Vox","","","2025-07-07 17:08:36","https://drive.google.com/drive/u/0/folders/1rzZQXt-oVXRejKGqej1aGPsKhI2KhnEJ","","","","The American press has a thin tradition of self-reflection. Part of the reason is it?s hardly an institution at all.","Last Friday, Democratic presidential nominee Joe Biden was confronted by a CBS reporter as he stepped off a plane. ?What is your response to the New York Post story about your son, sir??

To his credit, Biden dismissed the question, but that?s not really the point. The story the reporter was referencing, which was peddled to the Post by Rudy Giuliani, is absolute bullshit. The staff journalist who wrote the story even reportedly refused to put his name on the byline out of concerns that it was bogus and unreliable.

If any of this reminds you of Hillary Clinton?s fake email scandal in 2016, it should. Then, as now, the goal of people like Giuliani was to get the press to cover a story not in order to convince people that it?s true, but to amplify a false narrative and divert attention ? and maybe drive the public to exhaustion. It?s a strategy that Steve Bannon colorfully dubbed ?flooding the zone with shit.?

I?ve written about this problem more than once (here and here) and yet I still struggle to come up with viable solutions. The pattern is always the same: Trump, or operators working on his behalf, flood the zone with shit and the media responds as it always does: it covers the story. Even though much of the coverage is skeptical, as the Washington Post?s Greg Sargent argued, the mere fact that stories are printed with the words ?Biden? and ?emails? means the zone-flooding approach succeeded.

In general, the press has handled the Biden story much better than it handled the Clinton story in 2016, which suggests some lessons were learned. But I still worry that the attention ? even to debunk it ? nonetheless gives such a story oxygen, allowing the right to muddy the waters and confuse voters.

So what, exactly, is the media supposed to do?

I reached out to Jay Rosen, a media critic and professor at NYU and one of the sharpest analysts of political journalism in the social media age, to talk about the media?s dilemma. We discussed why he thinks the prevailing model of journalism has been hacked, why the press has been either unwilling or unable to adapt, and some practical steps journalists can take to deal with the realities of this new media ecosystem.

A lightly edited transcript of our conversation follows.

The model is broken
Sean Illing
You wrote recently that Trump has exposed the weaknesses in ?the journalist?s code.? What does that mean?

Jay Rosen
There?s a code that tells journalists what?s newsworthy. You won?t see it written down except maybe in a journalism professor?s research. But it includes timeliness, conflict, anything totally unexpected, anything seemingly consequential, anything that involves a charismatic person whose human interest looms large in the news, and so on.

Trump has hacked the newsworthiness code by being newsworthy in the traditional sense every day, many times a day. He dominates the public conversation. He overwhelms journalists trying to process all this news. He exhausts the patience of the public. And he throws off so many false or misleading statements that he breaks the controls or checks on that as well.

If, as a journalist, you continue with the traditional newsworthiness code, you will participate in this method, which Steve Bannon accurately described. ?The Democrats don?t matter. The real opposition is the media.? Trump governs by fighting with the news media. ?And the way to deal with them is to flood the zone with shit.? Which overwhelms many codes that journalists have for how to do their work.

Sean Illing
I?m glad you brought up Trump?s ?flood the zone? strategy, because that?s really what we?re talking about here. And let?s use the first presidential debate as an example. Trump did what he always does: overwhelmed the moderator and Biden with a barrage of lies and outrageous claims, and the press responded as it always does, namely by fact-checking Trump.

But I think you and I both agree that Trump?s playing a totally different game. He?s not trying to win in the marketplace of ideas. He?s dumping bullshit into the public sphere and watching the press fumble all over itself while trying to debunk a hurricane of falsehoods.

Why does this keep working over and over again?

Jay Rosen
Glenn Kessler, the Washington Post fact-checker, has said many times that before Trump, presidents, Democratic and Republican, reacted in the same way when they were successfully fact-checked by the press. They would change the claim to make it kind-of sort-of factual, or they would take it out of the stump speech, because they didn?t want to suffer the penalty of being described as untruthful. And this was true across parties.

Trump not only doesn?t do that, but he frequently doubles and triples down on a false statement, or makes it part of his stump speech, like the claim that Biden is trying to destroy protections for preexisting conditions.

But that?s not the only thing. Attempts by the press to serve as a ?check? on his lying only help Trump prove the culture-war proposition: ?They?re trying to take me down because they hate you.? Glenn Kessler put out a book this year about 20,000 lies and distortions that Donald Trump has passed across that system. Well, if the fact-check is supposed to be a check on the tendencies of public figures to exaggerate or slip in falsehoods, it?s obviously not working. The press just hasn?t figured out how to build new routines on the wreckage of the old.

That?s one part of the answer. Another part of the answer is that ?flood the zone? is a propaganda method. It?s crude but well-suited to an age of media abundance.

In the Russian setting, it?s called the firehose of falsehood. The most important feature is the constant production of falsehoods in every channel, every platform ? mixed with a little truth. Another key feature is that you don?t care if the truth claims are contradictory. There?s no need to be consistent. You use every tool you can. You throw out multiple crappy arguments rather than make one good one.

One of the goals of this method is to overwhelm and dishearten people rather than persuade them. It?s about driving them from the public arena, getting them to give up on efforts to know the truth. The firehose of falsehood is very hard to oppose. It?s difficult to know what to do in response.

Steve Bannon surrounded by journalists with microphones.
Former Trump adviser Steve Bannon in Rome on March 25, 2019. In an earlier interview with journalist Michael Lewis, Bannon said, ?The Democrats don?t matter; the real opposition is the media. And the way to deal with them is to flood the zone with shit.? Alessandra Benedetti/Corbis/Getty Images
Sean Illing
Is Trump so extreme in his nihilism and bullshit artistry that the press just isn?t capable of dealing with him? And I want to be clear and say that there?s nothing new about bullshit in politics, but I do think Trump is different.

Jay Rosen
I would agree that the producers of news aren?t capable of dealing with Trump within their present rules and formulas. One of the odd things about the news system as it stands is that there?s no emergency switch. To fix this you would have to call a halt to regular journalism, suspend your routines. You would have to, for example, tear apart the Sunday shows and start again with different premises. And there?s no appetite for that.

I have tried to write about that very thing just to make it sound a little bit more possible. But it would take something like that to match the phenomena, and our journalists aren?t very good at coming up with new practices on the fly. They will assimilate critiques over a long period of time and occasionally change their behavior. People think it doesn?t happen, but it does ? slowly.

A good example would be the change in the way the news media deals with mass shooting situations, where they kind of listened to the critique that if you glorify these people, you get more shooters. So there have been changes in how they handle that. They don?t use photographs of the shooters as much. They?re aware that centering the story on these people is unfair to the victims. But that took 10 years or so.

We don?t have 10 years. We don?t have 10 days at this point.

The press has an agenda. Own it.
Sean Illing
This is probably a good place to push this conversation in the direction of solutions. One thing you?ve said over and over again is that journalists have to abandon what you call ?the savvy style,? and part of the problem is that reporters have this delusion that they?re merely spectators when, in fact, they?re actors in the process. By that I mean the actions they take, the things they choose to focus on, impacts the very events they claim to be just covering.

Why is this such a crucial distinction?

Jay Rosen
When you look at the American news sphere as it stands, two big things influence political journalism. One is extremely well-known: commercial pressures. We can call it ratings. We can call it clicks. We can call it the industry of attention. All these are names for the same thing, which is using news to generate an audience, and then selling that audience. And, of course, Trump assists with that. That?s why the words of Les Moonves, the former CEO of CBS, are so revealing: ?It may not be good for America, but it?s damn good for CBS.?

But even after we allow for that, there is still within the media system a good deal of autonomy and room for maneuver, where journalists can do what they think is important, even though they are parts of a commercial operation.

And here, I think, political journalists took a wrong turn. At some time in the ?70s and the ?80s, they began to look at politics as a game of insiders. They sought to explain to an audience that was itself sort of fascinated by politics ? the political junkies, as they are sometimes called ? how that game worked and who the masters of it were. This gave us political journalism as a savvy analysis of who was up, who was down, who?s winning or likely to win, the horse race, the spin, the strategy ? all of that.

I call it the savvy style in political journalism. It kind of reduced the audience for politics to the junkies who wanted that and responded well to it.

Sean Illing
Why do you think the American press has been unwilling or unable to adapt?

Jay Rosen
If we asked members of the press, responsible people like, say, Dean Baquet, the editor of the New York Times, or others in positions similar to his, or those on the front lines like [the Times?s] Peter Baker, they would say they have adapted. And if you asked them, ?What do you mean by that?? they would say things like, ?Well, we?re a little more likely to call a lie a lie.? Dean Baquet would point to the various far-reaching, big investigations of Donald Trump that they?ve done for five years, and to his taxes especially. ?See? We?ve been tough on him.?

They would say they?re more skeptical than they were at the beginning. They?re less likely to run with his latest tweets. They think they have adapted. That?s important to understand, because their metric is any departure from normal news judgment, whereas people like you and I are comparing what they continue to do to the phenomenon of Donald Trump. And that?s a different scale.

As an institution, the American press has a thin tradition of self-reflection. Part of the reason is it?s hardly an institution at all. It?s a collection of newsrooms that kind of operate in a similar way, but there?s no council that unites it. There?s no CEO of the press. If a Martian landed and said, ?Take me to the media?s headquarters,? where would you take them?

After these major crashes in which the news media failed the public in very visible ways, like the run-up to the Iraq War in 2003, or the 2016 election, there?s no 9/11 Commission to figure out what happened. There?s no panel that can synthesize what went wrong.

President Donald Trump participates in the first debate against Joe Biden at Case Western Reserve University on September 29, in Cleveland, Ohio.
President Donald Trump participates in the first debate against Joe Biden at Case Western Reserve University on September 29, in Cleveland, Ohio. Win McNamee/Getty Images
Sean Illing
I thought this latest Hunter Biden nonsense story from the Post showed that the media at least learned a few lessons from 2016 and handled this much better than the Hillary story in 2016.
","TRUE","",""
"NYBOOKS-0002","America?s Press and the Asymmetric War for Truth","https://www.nybooks.com/online/2020/11/01/americas-press-and-the-asymmetric-war-for-truth/","Jay Rosen","11/1/2020","The New York Treview","NYREV, Inc","","TRUMP","Article","text","2195","","The Republican Party?now committed to minoritarian rule, not democracy?needs fictions to sustain its power. And that means a collision with honest journalism.","","Politics & Democracy, Technology & Digital Media, Press & Media Criticism","He said/she said journalism, False balance","","Trump Era & Press Crisis (2017-2021)","Commentary/Critique","","","","","","","","2025-07-07 17:08:39","https://drive.google.com/drive/u/0/folders/1rzZQXt-oVXRejKGqej1aGPsKhI2KhnEJ","","","","The conflict with honest journalism is structural.","?Journalism? is a name for the job of reporting on politics, questioning candidates and office-holders, and alerting Americans to what is actually happening in their public sphere. ?The press? is the institution in which most journalism is done. The institution is what endures over time as people come into journalism and drift out of it. The coming confrontation can be summarized thus:

The Republican Party is increasingly a minority party, or counter-majoritarian, as some political scientists put it. The beliefs and priorities that hold it together are opposed by most Americans, who on a deeper level do not want to be what the GOP increasingly stands for. A counter-majoritarian party cannot present itself as such and win elections outside its dwindling strongholds. So it has to be counterfactual, too. It has to fight with fictions. Making it harder to vote, and harder to understand what the party is really about?these are two parts of the same project. The conflict with honest journalism is structural. To be its dwindling self, the GOP has to also be at war with the press, unless of course the press folds under pressure.

Let me explain what I mean by that. The Atlantic?s Ron Brownstein sees the same thing I see. In his recent article on ?why the 2020s could be as dangerous as the 1850s,? Brownstein quotes several Republicans who admit what is happening:

The Democrats? coalition of transformation is now larger?even much larger?than the Republicans? coalition of restoration. With Trump solidifying the GOP?s transformation into a ?white-identity party?a nationalist party, not unlike parties you see in Europe?you see the Democratic Party becoming the party of literally everyone else,? as the longtime Republican political consultant Michael Madrid, a co-founder of the anti-Trump Lincoln Project, told me.","TRUE","",""
"CNNCOM-0001","Professor Jay Rosen on 'pro-democracy' agenda for media","https://www.cnn.com/videos/business/2021/12/12/professor-jay-rosen-on-pro-democracy-agenda-for-media.cnn","Jay Rosen","2021-12-12","","","","BOOKS","Article","text","1294","","""What happens when you have two parties that increasingly don't resemble each other and one of them is going off in an anti-democratic direction? I think a lot of the routines and assumptions of political journalism just collapse at that point when you have two radically different parties.""","Jay Rosen argues that news organizations should adopt a ""pro-democracy"" agenda to counter the GOP's efforts to erase a ""world of common facts.""  He emphasizes the need for news organizations to help audiences understand the anti-democratic forces at play.","Politics & Democracy, Press & Media Criticism","False balance, Horse-race journalism, The Citizens' Agenda","","Trump Era & Press Crisis (2017-2021)","Commentary/Critique","GOP, anti-democratic, common facts, journalism, misinformation, political polarization, pro-democracy","","","","CNN","","","2025-07-07 17:08:44","","https://drive.google.com/file/d/1KKrAWUGC9mgRwpEx6SGwULJOC3DkYADZ/view?usp=drive_link","","","Where at the present moment, we have a political party, a political movement that's trying to erase that from our politics. And that is something that the playbook of political journalism has no chapter for.","Hey Jay, thanks so much for joining me.

It's a pleasure to be with you, Brian.

Usually, I ask the questions here, but I was hoping you could present us with a question. If you could set the table with a question about the press and its role in covering politics right now, what would the question be that you'd want to present?

Well, the way the press traditionally covers politics is by assuming the existence of two political parties that resemble each other but have different ideologies. What happens when you have two parties that increasingly don't resemble each other and one of them is going off in an anti-democratic direction? I think a lot of the routines and assumptions of political journalism just collapse at that point when you have two radically different parties. And that to me is probably the biggest conceptual as well as practical problem in political journalism today.

And let's not beat around the bush. You're talking about Republican extremism, the former president's lies, the potential of him running for office again. That's really at the heart of the matter. We got to call it what it is.

Yes, and the erasure of common facts by figures like Trump and others. And so much of good journalism is based on the assumption that a world of common fact exists. Where at the present moment, we have a political party, a political movement that's trying to erase that from our politics. And that is something that the playbook of political journalism has no chapter for.

So let's write it. What should that new chapter start to say?

Well, I think the first thing is that news organizations have to come out and say, ""We are pro-democracy, pro-truth, pro-science, pro-evidence, pro-voting."" Then they have to figure out, for each of those new ""pros,"" what practices are we going to retire because they don't meet that standard, and what are we going to start to do routinely that we didn't do before? And I think there's a lot of work to be done, of course, with those two lists. Then I think you have to go public with these changes and explain what you're doing. Dial down the insider game, horse race coverage at the same time. Find a way to keep bad actors off the air, even while you report on what they may be doing in the political sphere that's important for people to know. And then close the gap with voters through some sort of citizens' agenda approach, which I've written about before, where you start your election coverage not with what the candidates are doing and what the likely winner is, but with a simple question: What do you want the candidates to be talking about as they compete for votes? ? 

And the reason why you need to understand that first is you need some sort of agenda that can combat the disinformation or propaganda agenda. And having a very good grasp on what voters want the campaign to be about and using that priority list to order your coverage and shape what you're doing in your news production would be really important. Final thing that I would recommend is some sort of urgency index, by which I mean, we have to know how far away from the disaster of a collapsed democracy are we. Are we making progress towards that collapse or are things getting marginally better? We need some way of locating where we are in political space as what's called ""democratic backsliding"" progresses. And here it might be smart for journalists to call on the wisdom and knowledge of political scientists who have studied the collapse of democracy and the erosion of democracy in different contexts, so we can know how far along are we in the erosion of American democracy. I think that's an important element too. So you put all those things together, and it's not exactly a set of instructions for for reform, but it puts you on the right road.

Right, it gives the newsroom some tools to get on, to stay on that road. So it's a matter of changing some practices and then thinking about new practices. But what does it mean to have journalism be pro-democracy?

It means you're constantly on the lookout for the unbuilding of democracy through changes in practice, in politics. It means that you call out bad actors who are trying to undermine democracy. It means you no longer equate the two political parties if one is emerging as an anti-democratic force and the other is playing by the rules of the game. You have to differentiate between that. But I'm confident that people of goodwill in journalism can figure this out. I don't think that journalists are as helpless as they sometimes present themselves when these kinds of changes are suggested. It's up to them to figure out what a more pro-democracy coverage would look like, but I'm confident they can do it if they take it seriously.

What's the difference between pro-democracy coverage and just more liberally biased journalism?

I think there's a difference between protecting the system by which we have free and fair elections and rooting for a candidate within that system. And essentially, you have to keep making that distinction again and again.

You said on this program a couple of years ago that Trump had set up an authoritarian news system, which is a phrase that's always lived in my head ever since. And you're referring to the Foxes of the world as these pro-Trump megaphones that are authoritarian. Does that news system still exist?

Well, what I meant more specifically, Brian, was there's a percentage of Americans now, we don't know exactly how large it is, but I think it's probably around 20 percent who get their information about Trump and the Republican party from Trump and the Republican Party. And they automatically reject what the mainstream news media is saying because they've been sort of taught or conditioned to do that and because they don't believe it. And that's what I meant by an authoritarian news system, is that within the country known as the strongest free press in the world, you have people who are getting their information about Trump from Trump. That's an authoritarian news system. ? 

So does any of what we've talked about matter? Does it matter what ABC and CNN and The New York Times and The Washington Post do, if we rethink our practices and we try to stand in support of democracy? Does any of it matter if there's an authoritarian news system operating side by side? ? 

Well, it doesn't matter unless you can close the gap with voters somehow. Maybe that 20 percent isn't reachable at the moment at all, but there are others who are.

So for the journalists listening right now, your question or your challenge to them is what?

Don't ask me what to do. What are you going to do?

Jay Rosen, thanks so much.","TRUE","",""
"GAZETTE-0001","Reporters speak at Deerfield Academy on the landscape of political journalism","https://www.gazettenet.com/Reporters-speak-at-Deerfield-Academy-on-the-landscape-of-political-journalism-57634448","Chris Larabee","10/25/2024","","","","NYU","Article","text","1212","","Reporters speak at Deerfield Academy on the landscape of political journalism Deerfield Academy welcomed New York University professor and press critic Jay Rosen, Politico national political correspondent Meridith McGraw, Wall Street Journal White House reporter Annie Linskey on Wednesday for a fall edition of the Deerfield Forum, titled ?How Does the Press Shape American Elections??...","A panel discussion at Deerfield Academy addressed the role of the press in covering politics in the highly politicized environment of 2024.  Panelists, including Wall Street Journal reporter Annie Linskey, Politico correspondent Meridith McGraw, and NYU professor Jay Rosen, discussed journalistic bias, the pursuit of truth in the age of misinformation, and the changing dynamics of information flow.  They acknowledged the presence of bias in journalism, but emphasized the importance of accuracy, fairness, and intellectual honesty. The impact of social media algorithms and echo chambers, as well as the challenges posed by the 2024 election cycle and the rise of AI and deepfakes, were also discussed, highlighting the need for media literacy and critical thinking skills.","Journalism Theory & Practice, Politics & Democracy, Press & Media Criticism","He said/she said journalism, False balance","","Post-Trump & Future of News (2022-Present)","","artificial intelligence, deepfakes, echo chambers, media bias, misinformation, political journalism, social media","","","","","","","2025-07-07 17:08:48","https://drive.google.com/drive/u/0/folders/1rzZQXt-oVXRejKGqej1aGPsKhI2KhnEJ","","","","Right now, disinformation, misinformation and factlessness are winning.","Reporters speak at Deerfield Academy on the landscape of political journalism

DEERFIELD ? In the highly politicized environment of 2024, the role of the press is as heavily scrutinized as it has ever been, and in an effort to shed some light on the media?s role in covering politics, Deerfield Academy hosted a special fall edition of the annual Deerfield Forum.

With ?How Does the Press Shape American Elections?? the private school welcomed Wall Street Journal White House reporter Annie Linskey, Politico national political correspondent Meridith McGraw, and New York University professor and press critic Jay Rosen on Wednesday for a discussion on journalistic bias, the pursuit for truth in the age of misinformation and the changing dynamics of the flow of information. The panel was moderated by Deerfield Academy?s Brian Hamilton, chair of the History and Social Science Department.

The Deerfield Forum is typically an annual spring event held by the school to promote civic engagement, but school leadership saw the upcoming presidential election as an opportunity to host a fall event for this school year.

One of the first topics covered was if there is bias in journalism, and if so, how does that relate to the goal of pursuing the truth. The answer from all three panelists was yes.

Each journalist, as McGraw put it, carries ?our own life experiences with us,? but those implicit biases shouldn?t interfere with putting out a story. She also noted there are numerous guardrails in place at news organizations, such as rules against publishing single-source stories and articles being read by multiple editors to ensure bias is not present.

?I think the idea of being purely unbiased is sort of a challenging idea,? McGraw said, ?and yet, I do think that as journalists we really try hard, as Annie was saying, to approach things with the idea that truth is the guiding light in all that you do.?

?There have always been magazines, newspapers, monthlies that have a distinct point of view. It is definitely possible to have a distinct point of view and be a good journalist who observes imperatives like accuracy and fairness and, frankly, intellectual honesty,? Rosen said. He and Linskey both noted the Wall Street Journal, for example, has a business and financial focus with a typically conservative-leaning audience. ?Even the best journalists, or let?s say the most careful journalists, are still involved in some kind of bias, which includes things like judgment on what a good story is. ? It?s an extremely complex subject and reducing it to, ?You?re biased versus you?re not,? really doesn?t help anybody understand journalism.?

The subject of social media algorithms, how people get their news and the proliferation of echo chambers ? a social media phenomenon where people only see beliefs or conversations reinforcing their personal convictions ? also came up, as Linskey and McGraw noted their observation that often, people only want to read articles reaffirming their world views.


?I think that is one of the biggest changes that I?ve seen in my 20 years in journalism, is this idea that readers and people who consume the news are becoming more and more interested in learning facts and narratives that support something they already believe and they?re becoming increasingly resistant to stories that challenge their existing beliefs,? Linskey said. ?I do increasingly hear from people who, they just want to hear more about what they believe in and they?re upset when they read a story that somehow challenges the world as they want it to be. And that can be counter-productive to their partisan views.?

The two reporters also shared their experience of working on the campaign trail, which went through a particularly turbulent time this summer when President Joe Biden stepped away from his reelection bid and Vice President Kamala Harris suddenly became the presumptive ? and eventually confirmed ? nominee for the Democratic Party.

?Part of the challenge is there was a switcheroo at the top of one of the two tickets, so that creates a little unsteadiness,? Linskey said. ?The dynamics shifted so intensely and I think the Trump campaign, which Meridith could speak more to, had to go through a phase of retooling for a new candidate, but honestly, the press corps did, too. ? Vice President Harris is a completely different person and there was a sudden thirst for stories about her, about her biography, who she was, how?d she be different from Biden.?

In closing the discussion, the panelists were asked to reflect on the current landscape of political journalism, as well as its future, with artificial intelligence and the dystopian concept of deepfakes beginning to make their way into the political realm. While some of the potential issues are chilling, Linskey and McGraw said there is plenty of opportunity for the media and the next generation to prepare.

?It starts in the classroom, from being educated, from your history class to your science class, to being well-informed about the world and have a really good foundation, so that when you do go out, you are able to discern what is a fact,? McGraw said. ?I think just being a really good reader is so essential. Reading from different news outlets, being informed about the world, all of that is so important.?

?Right now, disinformation, misinformation and factlessness are winning,? Rosen added in closing. ?They are winning and we will see if we can come back and reverse that. I don?t know the answer for that.?","TRUE","",""
