entity_id,entity_type,entity_name,normalized_name,role_or_description,affiliation,prominence_score,first_mention_record_id,total_mentions,related_entities,notes
C0001,Concept,Handsell Book,Handsell Book,,,9,RECORD-00002,6,,
C0002,Concept,Press Release Journalism,Press Release Journalism,,,5,RECORD-00002,3,,
C0003,Concept,Age of Insight,Age of Insight,,,6,RECORD-00002,7,,
C0004,Concept,View from Nowhere,View from Nowhere,,,7,RECORD-00004,47,,
C0005,Concept,Newsroom Religion,Newsroom Religion,,,8,RECORD-00004,3,,
C0006,Concept,Transparency,Transparency,,,8,RECORD-00005,18,,
C0007,Concept,Anti-veneration,Anti-veneration,,,7,,1,,
C0008,Concept,Truthiness,Truthiness,,,7,,1,,
C0009,Concept,Freedom from Fact,Freedom from Fact,,,9,RECORD-00021,1,,
C0010,Concept,Verification in Reverse,Verification in Reverse,,,7,RECORD-00021,4,,
C0011,Concept,The journalist's code,The journalist's code,,,6,RECORD-00022,1,,
C0012,Concept,Flood the zone with shit,Flood the zone with shit,,,9,RECORD-00022,1,,
C0013,Concept,Firehose of falsehood,Firehose of falsehood,,,6,RECORD-00022,1,,
C0014,Concept,Savvy style,Savvy style,,,6,RECORD-00022,8,,
C0015,Concept,Journalism,Journalism,,,9,RECORD-00023,13,,
C0016,Concept,Political Journalism,Political Journalism,,,9,RECORD-00024,5,,
C0017,Concept,Pro-democracy coverage,Pro-democracy coverage,,,9,RECORD-00024,1,,
C0018,Concept,Authoritarian news system,Authoritarian news system,,,8,RECORD-00024,1,,
C0019,Concept,Citizens' agenda approach,Citizens' agenda approach,,,7,RECORD-00024,1,,
C0020,Concept,Democratic backsliding,Democratic backsliding,,,7,RECORD-00024,1,,
C0021,Concept,Journalistic Bias,Journalistic Bias,,,8,RECORD-00025,1,,
C0022,Concept,Misinformation,Misinformation,,,7,RECORD-00025,2,,
C0023,Concept,Echo Chambers,Echo Chambers,,,6,RECORD-00025,1,,
C0024,Concept,Deepfakes,Deepfakes,,,4,RECORD-00025,1,,
C0025,Concept,Disinformation,Disinformation,,,5,RECORD-00025,4,,
C0026,Concept,Factlessness,Factlessness,,,4,RECORD-00025,1,,
C0027,Concept,American Consensus,American Consensus,,,6,RECORD-00026,1,,
C0028,Concept,Both-sidesism,Both-sidesism,,,6,RECORD-00027,1,,
C0029,Concept,False Equivalence,False Equivalence,,,5,RECORD-00027,1,,
C0030,Concept,Both Sides Journalism,Both Sides Journalism,,,7,RECORD-00028,3,,
C0031,Concept,Incremental Coverage,Incremental Coverage,,,7,RECORD-00028,1,,
C0032,Concept,Moderate,Moderate,,,8,RECORD-00028,1,,
C0033,Concept,Centrist,Centrist,,,7,RECORD-00028,1,,
C0034,Concept,Technical Debt,Technical Debt,,,7,RECORD-00029,1,,
C0035,Concept,Savvy Outlook,Savvy Outlook,,,6,RECORD-00029,1,,
C0036,Concept,Asymmetry,Asymmetry,,,9,RECORD-00029,1,,
C0037,Concept,Crowdsourcing,Crowdsourcing,,,9,RECORD-00030,5,,
C0038,Concept,Falsehood,Falsehood,,,7,RECORD-00031,1,,
C0039,Concept,Amplification,Amplification,,,6,RECORD-00031,1,,
C0040,Concept,Big Lie,Big Lie,,,7,RECORD-00031,1,,
C0041,Concept,Horse race journalism,Horse race journalism,,,9,RECORD-00033,8,,
C0042,Concept,Citizens agenda,Citizens agenda,,,8,RECORD-00033,8,,
C0043,Concept,Local Journalism,Local Journalism,,,8,RECORD-00036,1,,
C0044,Concept,National security interests,National security interests,,,7,RECORD-00037,1,,
C0045,Concept,Classified information,Classified information,,,7,RECORD-00037,1,,
C0046,Concept,Terrorism,Terrorism,,,7,RECORD-00037,1,,
C0047,Concept,Public Journalism,Public Journalism,,,10,RECORD-00038,15,,
C0048,Concept,Civic Journalism,Civic Journalism,,,8,RECORD-00038,7,,
C0049,Concept,Truth Sandwich,Truth Sandwich,,,8,RECORD-00039,1,,
C0050,Concept,Objectivity,Objectivity,,,7,RECORD-00042,18,,
C0051,Concept,Horse-race journalism,Horse-race journalism,,,6,RECORD-00042,1,,
C0052,Concept,Both-sides journalism,Both-sides journalism,,,6,RECORD-00042,1,,
C0054,Concept,Guardrails of democracy,Guardrails of democracy,,,6,RECORD-00042,1,,
C0055,Concept,American Journalism,American Journalism,,,7,RECORD-00043,1,,
C0056,Concept,Media Objectivity,Media Objectivity,,,6,RECORD-00043,1,,
C0057,Concept,Enhanced interrogation,Enhanced interrogation,,,4,RECORD-00043,1,,
C0058,Concept,Torture,Torture,,,3,RECORD-00043,1,,
C0059,Concept,Horse Race Model,Horse Race Model,,,6,RECORD-00043,1,,
C0060,Concept,Trust in the news media,Trust in the news media,,,7,RECORD-00044,2,,
C0061,Concept,Alternative business models,Alternative business models,,,6,RECORD-00044,1,,
C0062,Concept,Civic Journalism Movement,Civic Journalism Movement,,,7,RECORD-00045,3,,
C0063,Concept,Fake news,Fake news,,,8,RECORD-00046,3,,
C0064,Concept,Autocratic attempt,Autocratic attempt,,,8,RECORD-00048,1,,
C0065,Concept,Dueling realities,Dueling realities,,,4,RECORD-00048,1,,
C0066,Concept,Libertarian media system,Libertarian media system,,,5,RECORD-00048,1,,
C0067,Concept,Trump Bump,Trump Bump,,,4,RECORD-00048,1,,
C0068,Concept,Authoritarianism,Authoritarianism,,,6,RECORD-00049,1,,
C0069,Concept,Minority Rule,Minority Rule,,,4,RECORD-00049,1,,
C0070,Concept,Great Replacement Theory,Great Replacement Theory,,,6,RECORD-00050,1,,
C0071,Concept,Newsworthiness,Newsworthiness,,,7,RECORD-00050,1,,
C0072,Concept,Reason-Giving,Reason-Giving,,,7,RECORD-00052,1,,
C0074,Concept,Old-fashioned journalism,Old-fashioned journalism,,,8,RECORD-00054,1,,
C0075,Concept,fascism,fascism,,,9,RECORD-00054,1,,
C0076,Concept,Serious Journalism,Serious Journalism,,,8,,1,,
C0077,Concept,Democracy,Democracy,,,7,RECORD-00574,4,,
C0078,Concept,Absolute Commercialization,Absolute Commercialization,,,7,RECORD-00056,3,,
C0079,Concept,Freedom of the Press,Freedom of the Press,,,8,RECORD-00056,6,,
C0080,Concept,Trust,Trust,,,9,RECORD-00058,2,,
C0081,Concept,Alt-right,Alt-right,,,5,RECORD-00058,1,,
C0082,Concept,Accountability journalism,Accountability journalism,,,7,RECORD-00058,3,,
C0083,Concept,Trumpism,Trumpism,,,5,RECORD-00058,1,,
C0084,Concept,Public issues,Public issues,,,6,RECORD-00058,1,,
C0085,Concept,Troubles,Troubles,,,6,RECORD-00058,1,,
C0086,Concept,Membership (in news),Membership (in news),,,10,RECORD-00059,1,,
C0087,Concept,Subscription (in news),Subscription (in news),,,9,RECORD-00059,1,,
C0088,Concept,Donations (in news),Donations (in news),,,8,RECORD-00059,1,,
C0089,Concept,Crowdfunding (in news),Crowdfunding (in news),,,7,RECORD-00059,1,,
C0090,Concept,Vanishing Moderator,Vanishing Moderator,,,9,RECORD-00063,1,,
C0091,Concept,Academic Freedom,Academic Freedom,,,8,RECORD-00064,1,,
C0092,Concept,Bias,Bias,,,7,RECORD-00065,10,,
C0093,Concept,Objective Journalism,Objective Journalism,,,7,RECORD-00065,6,,
C0094,Concept,Production of Innocence,Production of Innocence,,,8,RECORD-00065,3,,
C0095,Concept,Deliberation,Deliberation,,,5,RECORD-00066,1,,
C0096,Concept,Politics,Politics,,,5,RECORD-00066,1,,
C0097,Concept,Running records,Running records,,,9,RECORD-00068,1,,
C0098,Concept,The people formerly known as the audience,The people formerly known as the audience,Blog Post,,10,RECORD-00070,15,,
C0099,Concept,Wicked Problems,Wicked Problems,,,10,RECORD-00071,1,,
C0100,Concept,Agile Development,Agile Development,,,5,RECORD-00071,1,,
C0101,Concept,Waterfall Model,Waterfall Model,,,3,RECORD-00071,1,,
C0102,Concept,Citizen Journalism,Citizen Journalism,,,8,RECORD-00073,27,,
C0103,Concept,Open Source Journalism,Open Source Journalism,,,9,RECORD-00073,13,,
C0104,Concept,Explanatory Journalism,Explanatory Journalism,,,6,RECORD-00074,2,,
C0105,Concept,Journalistic authority,Journalistic authority,,,9,RECORD-00075,1,,
C0106,Concept,Mass audience,Mass audience,,,7,RECORD-00075,1,,
C0107,Concept,Political rhetoric,Political rhetoric,,,5,RECORD-00075,1,,
C0108,Concept,Echo chamber,Echo chamber,,,6,RECORD-00075,1,,
C0109,Concept,Attention scarcity,Attention scarcity,,,5,RECORD-00075,1,,
C0110,Concept,Active public,Active public,,,6,RECORD-00075,1,,
C0111,Concept,Old Testament Journalism,Old Testament Journalism,,,9,RECORD-00078,1,,
C0112,Concept,New Testament Journalism,New Testament Journalism,,,9,RECORD-00078,1,,
C0113,Concept,Democratic norms and traditions,Democratic norms and traditions,,,8,RECORD-00081,1,,
C0114,Concept,Democracy Beat,Democracy Beat,,,7,RECORD-00081,1,,
C0115,Concept,Censorship,Censorship,,,7,RECORD-00082,1,,
C0116,Concept,Surveillance,Surveillance,,,7,RECORD-00082,1,,
C0117,Concept,Killing of journalists with impunity,Killing of journalists with impunity,,,9,RECORD-00082,1,,
C0118,Concept,Investigative journalism,Investigative journalism,,,7,RECORD-00082,1,,
C0119,Concept,Democratic functions of journalism,Democratic functions of journalism,,,6,RECORD-00082,1,,
C0120,Concept,Internet shutdowns,Internet shutdowns,,,6,RECORD-00082,1,,
C0121,Concept,Digital profitability,Digital profitability,,,6,RECORD-00082,1,,
C0122,Concept,Erosion of trust in news,Erosion of trust in news,,,7,RECORD-00082,1,,
C0123,Concept,State-sponsored harassment of journalists,State-sponsored harassment of journalists,,,7,RECORD-00082,1,,
C0124,Concept,Mass layoffs in traditional newsrooms,Mass layoffs in traditional newsrooms,,,7,RECORD-00082,1,,
C0125,Concept,Adapting journalism to the web,Adapting journalism to the web,,,10,RECORD-00085,2,,
C0126,Concept,Pro-Am journalism,Pro-Am journalism,,,6,RECORD-00085,5,,
C0127,Concept,Public Scholarship,Public Scholarship,,,8,RECORD-00086,1,,
C0128,Concept,Journalistic truth,Journalistic truth,,,7,RECORD-00087,1,,
C0129,Concept,Alternative Facts,Alternative Facts,,,8,RECORD-00088,1,,
C0130,Concept,Reverse Verification,Reverse Verification,,,9,RECORD-00089,1,,
C0131,Concept,Climate Change Denialism,Climate Change Denialism,,,7,RECORD-00089,1,,
C0132,Concept,Climate Science,Climate Science,,,6,RECORD-00089,1,,
C0133,Concept,Resentment News,Resentment News,,,9,RECORD-00090,3,,
C0134,Concept,View From Somewhere,View From Somewhere,,,9,RECORD-00092,1,,
C0135,Concept,"Traditional, nonpartisan journalistic values","Traditional, nonpartisan journalistic values",,,7,RECORD-00094,1,,
C0136,Concept,Election Theft,Election Theft,,,8,RECORD-00096,1,,
C0137,Concept,Independent State Legislature Doctrine,Independent State Legislature Doctrine,,,7,RECORD-00096,1,,
C0138,Concept,Institutional Isomorphism,Institutional Isomorphism,,,8,RECORD-00097,1,,
C0139,Concept,Liberal Media Bias,Liberal Media Bias,,,7,RECORD-00097,1,,
C0140,Concept,False Balance,False Balance,,,5,RECORD-00097,4,,
C0141,Concept,Honest Journalism,Honest Journalism,,,7,RECORD-00098,1,,
C0142,Concept,Balanced Treatment of an Unbalanced Phenomenon,Balanced Treatment of an Unbalanced Phenomenon,,,8,RECORD-00098,1,,
C0143,Concept,Truth-Seeking,Truth-Seeking,,,7,RECORD-00098,1,,
C0144,Concept,Refuge-Seeking,Refuge-Seeking,,,7,RECORD-00098,1,,
C0145,Concept,Racism,Racism,,,8,RECORD-00099,2,,
C0146,Concept,White supremacy,White supremacy,,,6,RECORD-00099,1,,
C0147,Concept,Journalistic Cliches,Journalistic Cliches,,,10,RECORD-00100,2,,
C0148,Concept,Normalization,Normalization,,,7,RECORD-00102,1,,
C0149,Concept,Bipartisanship,Bipartisanship,,,4,RECORD-00102,1,,
C0150,Concept,Deal-making,Deal-making,,,4,RECORD-00102,1,,
C0151,Concept,Narcissistic personality types,Narcissistic personality types,,,5,RECORD-00102,1,,
C0152,Concept,Watchdog press,Watchdog press,,,8,RECORD-00103,1,,
C0153,Concept,Liberal bias,Liberal bias,,,9,RECORD-00103,5,,
C0154,Concept,Working the refs,Working the refs,,,8,RECORD-00103,2,,
C0155,Concept,Member-funded journalism,Member-funded journalism,,,9,RECORD-00104,1,,
C0156,Concept,Constructive journalism,Constructive journalism,,,7,RECORD-00104,1,,
C0157,Concept,Independent journalism,Independent journalism,,,7,RECORD-00106,1,,
C0158,Concept,Public interest journalism,Public interest journalism,,,6,RECORD-00106,1,,
C0159,Concept,Open-Source Methods,Open-Source Methods,,,7,RECORD-00107,1,,
C0160,Concept,Freedom of speech,Freedom of speech,,,6,,2,,
C0161,Concept,Political Correctness,Political Correctness,,,6,RECORD-00109,1,,
C0162,Concept,Public Opinion,Public Opinion,,,6,RECORD-00110,5,,
C0163,Concept,Glasnost,Glasnost,,,4,RECORD-00110,3,,
C0164,Concept,Master Narrative,Master Narrative,,,10,RECORD-00111,4,,
C0165,Concept,Horse Race,Horse Race,,,8,RECORD-00111,2,,
C0166,Concept,Winning,Winning,,,9,RECORD-00111,1,,
C0167,Concept,Ombudsman,Ombudsman,,,9,RECORD-00113,3,,
C0168,Concept,Public Editor,Public Editor,,,8,RECORD-00113,4,,
C0169,Concept,Giving debate questions in advance,Giving debate questions in advance,,,10,RECORD-00114,2,,
C0170,Concept,Interactive Journalism,Interactive Journalism,,,8,RECORD-00115,2,,
C0171,Concept,Participatory Journalism,Participatory Journalism,,,6,RECORD-00115,2,,
C0172,Concept,Demagoguery,Demagoguery,,,7,RECORD-00117,1,,
C0173,Concept,Horse Race Coverage,Horse Race Coverage,,,9,RECORD-00118,3,,
C0174,Concept,Idea Race,Idea Race,,,9,RECORD-00118,3,,
C0175,Concept,Solutions Journalism,Solutions Journalism,,,5,RECORD-00121,2,,
C0176,Concept,Overdetermined plot,Overdetermined plot,,,8,RECORD-00122,1,,
C0177,Concept,Preventative journalism,Preventative journalism,,,4,RECORD-00122,1,,
C0178,Concept,Church of David Halberstam,Church of David Halberstam,,,3,RECORD-00122,1,,
C0179,Concept,Audience Empowerment,Audience Empowerment,,,9,RECORD-00123,2,,
C0180,Concept,Web journalism,Web journalism,,,9,RECORD-00124,2,,
C0181,Concept,Public's Right to Know,Public's Right to Know,,,4,RECORD-00125,1,,
C0182,Concept,attention-span politics,attention-span politics,,,4,RECORD-00125,1,,
C0183,Concept,Pragmatism,Pragmatism,,,4,RECORD-00126,2,,
C0184,Concept,Fact-based reporting,Fact-based reporting,,,7,RECORD-00129,2,,
C0185,Concept,Opinion and commentary,Opinion and commentary,,,7,RECORD-00129,2,,
C0186,Concept,Politics of News Judgment,Politics of News Judgment,,,8,RECORD-00130,2,,
C0187,Concept,Stenographic Norms of Journalism,Stenographic Norms of Journalism,,,5,RECORD-00130,1,,
C0188,Concept,Agenda-Setting,Agenda-Setting,,,7,RECORD-00130,1,,
C0189,Concept,Information Agenda,Information Agenda,,,6,RECORD-00130,1,,
C0190,Concept,Get Elected,Get Elected,,,9,RECORD-00131,2,,
C0191,Concept,Open Style,Open Style,,,6,RECORD-00131,2,,
C0192,Concept,Political Consulting,Political Consulting,,,6,RECORD-00131,1,,
C0193,Concept,Campaign journalism,Campaign journalism,,,6,RECORD-00132,2,,
C0194,Concept,Offline organizing,Offline organizing,,,6,RECORD-00132,1,,
C0195,Concept,Community,Community,,,7,RECORD-00132,2,,
C0196,Concept,"Exit, Voice and Loyalty","Exit, Voice and Loyalty",,,6,RECORD-00133,2,,
C0197,Concept,Spin Alley,Spin Alley,,,10,RECORD-00135,5,,
C0198,Concept,Information Theory,Information Theory,,,7,RECORD-00135,2,,
C0199,Concept,The War on Terror,The War on Terror,,,6,RECORD-00136,1,,
C0200,Concept,Weblog,Weblog,,,8,RECORD-00137,6,,
C0201,Concept,Audience,Audience,,,6,RECORD-00137,1,,
C0202,Concept,Non-partisan reporting,Non-partisan reporting,,,7,RECORD-00138,1,,
C0203,Concept,Neutral professionalism,Neutral professionalism,,,7,RECORD-00138,2,,
C0204,Concept,Investigative Reporting,Investigative Reporting,,,8,RECORD-00139,3,,
C0205,Concept,The medium is the message,The medium is the message,,,5,RECORD-00140,2,,
C0206,Concept,Media Ecology,Media Ecology,,,6,RECORD-00140,3,,
C0207,Concept,Gift Economy,Gift Economy,,,7,RECORD-00142,3,,
C0208,Concept,Market Economy,Market Economy,,,7,RECORD-00142,2,,
C0209,Concept,Fair and Balanced,Fair and Balanced,,,6,RECORD-00143,4,,
C0210,Concept,Collective Truth-Making,Collective Truth-Making,,,6,RECORD-00145,1,,
C0211,Concept,Rule of Links,Rule of Links,,,4,RECORD-00145,1,,
C0212,Concept,Gatekeeper Model of a Professionalized Press,Gatekeeper Model of a Professionalized Press,,,6,RECORD-00146,1,,
C0213,Concept,Human Nature,Human Nature,,,6,RECORD-00146,1,,
C0214,Concept,Monoculture,Monoculture,,,5,RECORD-00146,2,,
C0215,Concept,Public politics,Public politics,,,4,RECORD-00147,1,,
C0216,Concept,Marketplace of Ideas,Marketplace of Ideas,,,5,RECORD-00148,1,,
C0217,Concept,Print Culture,Print Culture,,,3,RECORD-00148,1,,
C0218,Concept,Blogosphere,Blogosphere,,,3,RECORD-00148,2,,
C0219,Concept,Anti-Semitism,Anti-Semitism,,,8,RECORD-00150,1,,
C0220,Concept,Culture of control,Culture of control,,,9,RECORD-00153,2,,
C0221,Concept,Public Accountability,Public Accountability,,,8,RECORD-00153,2,,
C0222,Concept,Press Criticism,Press Criticism,,,8,RECORD-00154,1,,
C0223,Concept,Public Conversation,Public Conversation,,,8,RECORD-00154,2,,
C0224,Concept,Bias in the media,Bias in the media,,,10,RECORD-00156,1,,
C0225,Concept,Weblogging,Weblogging,,,10,RECORD-00158,3,,
C0226,Concept,Traditional Journalism,Traditional Journalism,,,7,RECORD-00158,2,,
C0227,Concept,Talk Radio,Talk Radio,,,5,RECORD-00158,2,,
C0228,Concept,Opinion Formation,Opinion Formation,,,6,RECORD-00158,2,,
C0229,Concept,Public Relations,Public Relations,,,7,RECORD-00159,1,,
C0230,Concept,Public Happiness,Public Happiness,,,6,RECORD-00160,1,,
C0231,Concept,"He Said, She Said Journalism","He Said, She Said Journalism",,,7,RECORD-00161,6,,
C0232,Concept,Users-Know-More-than-We-Do Journalism,Users-Know-More-than-We-Do Journalism,,,6,RECORD-00161,1,,
C0233,Concept,Theory in Journalism,Theory in Journalism,,,7,RECORD-00163,1,,
C0234,Concept,Cluelessness,Cluelessness,,,8,RECORD-00164,2,,
C0235,Concept,Journalism ethics,Journalism ethics,,,6,RECORD-00165,4,,
C0236,Concept,Open society,Open society,,,7,RECORD-00165,2,,
C0237,Concept,Dutch Colonialism,Dutch Colonialism,,,7,RECORD-00165,2,,
C0238,Concept,The Media,The Media,,,7,RECORD-00167,2,,
C0239,Concept,Public Sphere,Public Sphere,,,6,RECORD-00167,1,,
C0240,Concept,First Amendment,First Amendment,,,5,RECORD-00167,1,,
C0241,Concept,Public,Public,,,6,RECORD-00167,1,,
C0242,Concept,Awayness of Things,Awayness of Things,,,6,RECORD-00167,1,,
C0243,Concept,Intervention,Intervention,,,8,,1,,
C0244,Concept,Bloggers,Bloggers,,,9,RECORD-00169,2,,
C0245,Concept,Propaganda,Propaganda,,,8,RECORD-00169,2,,
C0246,Concept,Chatham House Rule,Chatham House Rule,,,5,RECORD-00170,1,,
C0247,Concept,Mainstream Media,Mainstream Media,,,6,RECORD-00170,7,,
C0248,Concept,Spin,Spin,,,8,RECORD-00224,3,,
C0249,Concept,Fact-checking,Fact-checking,,,6,RECORD-00174,1,,
C0250,Concept,Online Journalism,Online Journalism,,,6,RECORD-00174,1,,
C0251,Concept,Bias discourse,Bias discourse,,,7,RECORD-00175,1,,
C0252,Concept,Objective press,Objective press,,,8,RECORD-00175,1,,
C0253,Concept,Politics 2.0,Politics 2.0,,,8,RECORD-00177,1,,
C0254,Concept,Open Source Politics,Open Source Politics,,,7,RECORD-00177,1,,
C0255,Concept,Mainstream Journalism,Mainstream Journalism,,,8,RECORD-00178,1,,
C0256,Concept,Liberal Media,Liberal Media,,,6,RECORD-00178,2,,
C0257,Concept,De-certification of the press,De-certification of the press,,,8,RECORD-00181,4,,
C0258,Concept,Fourth Estate,Fourth Estate,,,7,RECORD-00181,5,,
C0259,Concept,Networked Journalism,Networked Journalism,,,8,RECORD-00185,8,,
C0260,Concept,Parliament Hill “scrum”,Parliament Hill “scrum”,,,6,RECORD-00186,1,,
C0261,Concept,World citizenship,World citizenship,,,7,,1,,
C0262,Concept,Local knowledge,Local knowledge,,,5,,1,,
C0263,Concept,Free Press,Free Press,,,9,RECORD-00190,1,,
C0264,Concept,Journalistic Professionalism,Journalistic Professionalism,,,8,RECORD-00194,1,,
C0265,Concept,Diversity in Journalism,Diversity in Journalism,,,9,RECORD-00194,2,,
C0266,Concept,Group think,Group think,,,8,RECORD-00194,1,,
C0267,Concept,Producerist vision,Producerist vision,,,7,RECORD-00195,1,,
C0268,Concept,Moore's Law,Moore's Law,,,5,RECORD-00195,1,,
C0269,Concept,Public Square,Public Square,,,5,RECORD-00195,2,,
C0270,Concept,Smear Campaign,Smear Campaign,,,7,RECORD-00196,1,,
C0271,Concept,Era of Omniscience,Era of Omniscience,,,4,RECORD-00197,1,,
C0272,Concept,Newspaper blogging,Newspaper blogging,,,7,RECORD-00198,2,,
C0273,Concept,Blogging,Blogging,,,8,RECORD-00200,8,,
C0274,Concept,Credibility,Credibility,,,7,RECORD-00200,2,,
C0275,Concept,Neutral Point of View,Neutral Point of View,,,6,RECORD-00200,2,,
C0276,Concept,Guerrilla Journalism,Guerrilla Journalism,,,6,RECORD-00200,1,,
C0277,Concept,Credibility problems,Credibility problems,,,7,RECORD-00201,1,,
C0278,Concept,Moral Values,Moral Values,,,10,RECORD-00202,1,,
C0279,Concept,Prior Restraint,Prior Restraint,,,4,RECORD-00203,1,,
C0280,Concept,Broadcast Politics,Broadcast Politics,,,8,RECORD-00204,1,,
C0281,Concept,Net Roots,Net Roots,,,5,RECORD-00204,1,,
C0282,Concept,Open Source Photo Essay,Open Source Photo Essay,,,7,RECORD-00205,1,,
C0283,Concept,Social Network Journalism,Social Network Journalism,,,6,RECORD-00205,1,,
C0284,Concept,Intentional Journalism,Intentional Journalism,,,6,RECORD-00206,1,,
C0285,Concept,Great Communicator,Great Communicator,,,8,RECORD-00207,1,,
C0286,Concept,Teflon President,Teflon President,,,5,RECORD-00207,1,,
C0287,Concept,Third Person Effect,Third Person Effect,,,5,RECORD-00207,1,,
C0288,Concept,Migration of advertising to the web,Migration of advertising to the web,,,7,RECORD-00208,1,,
C0289,Concept,Legacy media,Legacy media,,,6,RECORD-00208,2,,
C0290,Concept,Media Bias,Media Bias,,,7,RECORD-00209,4,,
C0291,Concept,Public Life,Public Life,,,7,RECORD-00209,1,,
C0292,Concept,Rollback,Rollback,Blog Post,,9,RECORD-00210,3,,
C0293,Concept,Conflict of Interest,Conflict of Interest,,,8,RECORD-00213,1,,
C0294,Concept,Socially Responsible Journalism,Socially Responsible Journalism,,,7,RECORD-00220,1,,
C0295,Concept,Harvesting Market Position,Harvesting Market Position,,,7,RECORD-00220,1,,
C0296,Concept,citizen journalists,citizen journalists,,,5,RECORD-00223,1,,
C0297,Concept,independent press,independent press,,,7,RECORD-00223,1,,
C0298,Concept,News as Conversation,News as Conversation,,,9,RECORD-00225,2,,
C0299,Concept,Mainstream Model (of journalism),Mainstream Model (of journalism),,,6,RECORD-00225,1,,
C0300,Concept,Sky Box,Sky Box,,,9,RECORD-00226,2,,
C0301,Concept,Demand for messages,Demand for messages,,,10,RECORD-00227,1,,
C0302,Concept,Masses,Masses,,,8,RECORD-00227,1,,
C0303,Concept,Mass Media,Mass Media,,,7,RECORD-00227,1,,
C0304,Concept,Cynicism,Cynicism,,,6,RECORD-00228,1,,
C0305,Concept,New Media Journalism,New Media Journalism,,,9,RECORD-00231,1,,
C0306,Concept,Community Reporting,Community Reporting,,,8,RECORD-00231,1,,
C0307,Concept,Civic Dialogue,Civic Dialogue,,,7,RECORD-00231,1,,
C0308,Concept,Press solidarity,Press solidarity,,,8,,1,,
C0309,Concept,Professionalism,Professionalism,,,7,RECORD-00234,1,,
C0310,Concept,Diversity Hiring,Diversity Hiring,,,7,RECORD-00234,1,,
C0311,Concept,Freedom of Expression,Freedom of Expression,,,8,RECORD-00234,1,,
C0312,Concept,Journalistic Credibility,Journalistic Credibility,,,7,RECORD-00234,1,,
C0313,Concept,Objectivity in Journalism,Objectivity in Journalism,,,7,RECORD-00234,1,,
C0314,Concept,Bush Thesis,Bush Thesis,,,9,RECORD-00237,1,,
C0315,Concept,Press Nullification,Press Nullification,,,6,RECORD-00239,2,,
C0316,Concept,Gatekeeper Model,Gatekeeper Model,,,7,,1,,
C0317,Concept,Distributed reporting,Distributed reporting,,,6,RECORD-00241,2,,
C0318,Concept,Open Source,Open Source,,,6,RECORD-00241,1,,
C0319,Concept,Pro-am investigations,Pro-am investigations,,,6,RECORD-00241,1,,
C0320,Concept,Syndication service,Syndication service,,,4,RECORD-00241,1,,
C0321,Concept,Public and Participatory Journalism,Public and Participatory Journalism,,,3,RECORD-00244,1,,
C0322,Concept,Poll-driven horse race coverage,Poll-driven horse race coverage,,,7,RECORD-00245,1,,
C0323,Concept,Top-down control of the message,Top-down control of the message,,,6,,1,,
C0324,Concept,Nation-building,Nation-building,,,5,,1,,
C0325,Concept,Open-source journalism,Open-source journalism,,,7,RECORD-00249,1,,
C0326,Concept,Grand Old Professional Code,Grand Old Professional Code,,,6,RECORD-00249,1,,
C0327,Concept,Executive Power,Executive Power,,,9,RECORD-00261,1,,
C0328,Concept,Signing Statements,Signing Statements,,,7,RECORD-00261,1,,
C0329,Concept,The Contraption,The Contraption,,,9,RECORD-00262,2,,
C0330,Concept,Two-way connection,Two-way connection,,,7,RECORD-00262,1,,
C0332,Concept,Adopt-a-Journalist,Adopt-a-Journalist,,,10,RECORD-00264,1,,
C0333,Concept,Body Watch,Body Watch,,,9,RECORD-00265,1,,
C0334,Concept,Content,Content,,,8,RECORD-00266,1,,
C0335,Concept,Container,Container,,,7,RECORD-00266,1,,
C0336,Concept,RSS,RSS,,,7,RECORD-00266,1,,
C0337,Concept,Soundbiting,Soundbiting,,,4,RECORD-00267,1,,
C0338,Concept,Elite Newspaper Divergence (END),Elite Newspaper Divergence (END),,,7,RECORD-00269,1,,
C0339,Concept,Ideology of the press,Ideology of the press,,,8,RECORD-00270,1,,
C0340,Concept,Gang of 500,Gang of 500,,,6,RECORD-00270,1,,
C0341,Concept,High Broderism,High Broderism,,,7,RECORD-00270,1,,
C0342,Concept,Huckenfreude,Huckenfreude,,,7,RECORD-00271,1,,
C0343,Concept,Open Archive,Open Archive,,,9,RECORD-00272,1,,
C0344,Concept,Neutral Observer,Neutral Observer,,,6,RECORD-00274,1,,
C0345,Concept,Argument Journalism,Argument Journalism,,,5,RECORD-00274,1,,
C0346,Concept,Distributed Knowledge,Distributed Knowledge,,,5,RECORD-00274,1,,
C0347,Concept,Reality-based Community,Reality-based Community,,,5,RECORD-00274,1,,
C0348,Concept,The Net,The Net,,,7,RECORD-00274,1,,
C0349,Concept,Answer Journalism,Answer Journalism,,,7,RECORD-00276,1,,
C0350,Concept,Distributed fact checking,Distributed fact checking,,,5,,1,,
C0351,Concept,Transmission View of Communication,Transmission View of Communication,,,6,RECORD-00278,1,,
C0352,Concept,Ritual View of Communication,Ritual View of Communication,,,7,RECORD-00278,1,,
C0353,Concept,Diversity,Diversity,,,9,RECORD-00279,2,,
C0354,Concept,Typecasting,Typecasting,,,5,RECORD-00279,1,,
C0355,Concept,Ghettoize,Ghettoize,,,5,RECORD-00279,1,,
C0356,Concept,Glocal Journalism,Glocal Journalism,,,9,RECORD-00280,1,,
C0357,Concept,Worldplace Journalism,Worldplace Journalism,,,7,RECORD-00280,1,,
C0358,Concept,Newsroom Joe attitudes,Newsroom Joe attitudes,,,6,RECORD-00280,1,,
C0359,Concept,Strategy Coverage,Strategy Coverage,,,10,RECORD-00281,1,,
C0360,Concept,Anonymous Sourcing,Anonymous Sourcing,,,6,RECORD-00281,1,,
C0361,Concept,Web Revolutionizing Journalism,Web Revolutionizing Journalism,,,9,RECORD-00283,1,,
C0362,Concept,Five O’clock Follies,Five O’clock Follies,,,6,,1,,
C0363,Concept,Church of Spiro Agnew,Church of Spiro Agnew,,,5,,1,,
C0364,Concept,Church of Taylor Branch,Church of Taylor Branch,,,5,,1,,
C0365,Concept,Executive Privilege,Executive Privilege,,,4,RECORD-00286,1,,
C0366,Concept,Civil Rights Movement,Civil Rights Movement,,,7,RECORD-00288,1,,
C0367,Concept,Hype-busting,Hype-busting,,,6,RECORD-00288,1,,
C0368,Concept,Gaffe,Gaffe,,,6,RECORD-00289,1,,
C0369,Concept,Expectations Game,Expectations Game,,,7,RECORD-00289,1,,
C0370,Concept,Inside Baseball,Inside Baseball,,,6,RECORD-00289,2,,
C0371,Concept,Electability News,Electability News,,,5,RECORD-00289,1,,
C0372,Concept,Hyperlocal journalism,Hyperlocal journalism,,,8,RECORD-00291,1,,
C0373,Concept,Two-way relationship,Two-way relationship,,,6,RECORD-00293,1,,
C0374,Concept,Journalistic Pseudo-objectivity,Journalistic Pseudo-objectivity,,,6,RECORD-00294,1,,
C0375,Concept,Blog Triumphalism,Blog Triumphalism,,,4,RECORD-00294,1,,
C0376,Concept,Strategic non-communication,Strategic non-communication,,,8,RECORD-00295,3,,
C0377,Concept,Background Briefings,Background Briefings,,,9,RECORD-00297,2,,
C0378,Concept,Anonymous Sources,Anonymous Sources,,,9,RECORD-00297,3,,
C0379,Concept,Game Theory,Game Theory,,,6,RECORD-00297,1,,
C0380,Concept,Federal shield law,Federal shield law,,,7,RECORD-00298,2,,
C0381,Concept,Confidential Sources,Confidential Sources,,,9,RECORD-00298,1,,
C0382,Concept,Code of Ethics,Code of Ethics,,,6,RECORD-00298,1,,
C0383,Concept,Exit Polls,Exit Polls,,,8,RECORD-00299,1,,
C0384,Concept,Ethics,Ethics,,,7,RECORD-00299,2,,
C0385,Concept,Fairness,Fairness,,,5,RECORD-00300,1,,
C0386,Concept,Discourse accountability,Discourse accountability,,,6,RECORD-00300,1,,
C0387,Concept,Political fictions,Political fictions,,,9,RECORD-00301,1,,
C0388,Concept,Imagined community,Imagined community,,,9,RECORD-00301,2,,
C0389,Concept,The People,The People,,,7,RECORD-00301,1,,
C0390,Concept,The Nation,The Nation,,,7,RECORD-00301,1,,
C0391,Concept,The Republic,The Republic,,,7,RECORD-00301,1,,
C0392,Concept,"He said, she said","He said, she said",,,5,RECORD-00304,1,,
C0393,Concept,Nomination Realism,Nomination Realism,,,5,RECORD-00304,1,,
C0394,Concept,Creative Commons,Creative Commons,,,7,RECORD-00305,1,,
C0395,Concept,Gift economy for news,Gift economy for news,,,7,RECORD-00305,1,,
C0396,Concept,Unbiased journalism,Unbiased journalism,,,9,RECORD-00306,1,,
C0397,Concept,Good judgment,Good judgment,,,7,RECORD-00306,1,,
C0398,Concept,Structural bias,Structural bias,,,5,RECORD-00306,1,,
C0399,Concept,Argument by link,Argument by link,,,7,,1,,
C0400,Concept,Propaganda of the deed,Propaganda of the deed,,,6,RECORD-00309,1,,
C0401,Concept,Multiperspectivism,Multiperspectivism,,,9,RECORD-00313,1,,
C0402,Concept,Ideological Wars,Ideological Wars,,,7,RECORD-00314,1,,
C0403,Concept,Open Journalism,Open Journalism,,,7,RECORD-00314,2,,
C0404,Concept,Hyperlocal blog,Hyperlocal blog,,,7,RECORD-00315,1,,
C0405,Concept,Savviness,Savviness,,,10,RECORD-00316,2,,
C0406,Concept,Press Rollback,Press Rollback,,,9,RECORD-00317,3,,
C0407,Concept,Culture War,Culture War,,,7,RECORD-00317,1,,
C0408,Concept,Journalism of Assertion,Journalism of Assertion,,,6,RECORD-00317,1,,
C0409,Concept,Video News Releases (VNRs),Video News Releases (VNRs),,,9,RECORD-00320,1,,
C0410,Concept,Journalistic Integrity,Journalistic Integrity,,,7,RECORD-00320,1,,
C0411,Concept,Breaking News,Breaking News,,,6,RECORD-00321,1,,
C0412,Concept,River of news,River of news,,,6,RECORD-00321,1,,
C0413,Concept,Neutrality,Neutrality,,,8,RECORD-00323,2,,
C0414,Concept,Stateless news organization,Stateless news organization,,,7,RECORD-00325,1,,
C0415,Concept,Networked Public Sphere,Networked Public Sphere,,,7,RECORD-00326,1,,
C0416,Concept,Fifth Estate,Fifth Estate,,,8,RECORD-00326,1,,
C0417,Concept,Public Trust,Public Trust,,,7,RECORD-00328,1,,
C0418,Concept,Public Service Tradition,Public Service Tradition,,,7,RECORD-00328,1,,
C0419,Concept,First Amendment Right,First Amendment Right,,,5,RECORD-00328,1,,
C0420,Concept,Gospel of Murrow,Gospel of Murrow,,,5,RECORD-00328,1,,
C0421,Concept,Gatekeepers,Gatekeepers,,,5,RECORD-00329,1,,
C0422,Concept,Filters,Filters,,,7,RECORD-00329,1,,
C0423,Concept,Free Archives,Free Archives,,,8,RECORD-00331,1,,
C0424,Concept,Information wants to be free,Information wants to be free,,,9,RECORD-00331,1,,
C0425,Concept,Cost-per-thousand readers,Cost-per-thousand readers,,,7,RECORD-00331,1,,
C0426,Concept,Journalistic Innovation,Journalistic Innovation,,,7,RECORD-00333,1,,
C0427,Concept,Entrepreneurship,Entrepreneurship,,,7,RECORD-00333,1,,
C0428,Concept,Leadership,Leadership,,,6,RECORD-00333,1,,
C0429,Concept,Moral authority of the witness,Moral authority of the witness,,,6,,1,,
C0430,Concept,Perception is reality,Perception is reality,,,7,,1,,
C0431,Concept,Anonymity of sources,Anonymity of sources,,,4,RECORD-00336,1,,
C0432,Concept,Pay for Play,Pay for Play,,,7,RECORD-00337,1,,
C0433,Concept,Omniscience,Omniscience,,,9,RECORD-00338,1,,
C0434,Concept,Point-of-View Journalism,Point-of-View Journalism,,,6,RECORD-00338,1,,
C0435,Concept,Sphere of Legitimate Debate,Sphere of Legitimate Debate,,,10,RECORD-00340,1,,
C0436,Concept,Sphere of Consensus,Sphere of Consensus,,,9,RECORD-00340,1,,
C0437,Concept,Sphere of Deviance,Sphere of Deviance,,,9,RECORD-00340,1,,
C0438,Concept,Grassroots,Grassroots,,,6,,1,,
C0439,Concept,Message-speak,Message-speak,,,8,RECORD-00342,1,,
C0440,Concept,Plagiarism,Plagiarism,,,7,RECORD-00345,1,,
C0441,Concept,MSM (Mainstream Media),MSM (Mainstream Media),,,7,RECORD-00345,2,,
C0442,Concept,Red State/Blue State meme,Red State/Blue State meme,,,5,RECORD-00345,1,,
C0443,Concept,Theory,Theory,,,7,,1,,
C0444,Concept,Ethic of transparency,Ethic of transparency,,,5,RECORD-00349,1,,
C0445,Concept,Creative Commons license,Creative Commons license,,,9,RECORD-00350,1,,
C0446,Concept,User-generated content,User-generated content,,,8,RECORD-00350,2,,
C0447,Concept,Big Media,Big Media,,,8,RECORD-00351,6,,
C0448,Concept,Citizens Journalism,Citizens Journalism,,,6,RECORD-00351,1,,
C0449,Concept,"""That's the way it is"" journalism","""That's the way it is"" journalism",,,5,RECORD-00351,1,,
C0450,Concept,Activist stance,Activist stance,,,6,RECORD-00352,1,,
C0451,Concept,Opposition press,Opposition press,,,6,RECORD-00352,1,,
C0452,Concept,White House press corps,White House press corps,,,7,RECORD-00353,2,,
C0453,Concept,Beat Reporting with a Social Network,Beat Reporting with a Social Network,,,10,RECORD-00354,2,,
C0454,Concept,Irony,Irony,,,8,RECORD-00357,1,,
C0455,Concept,Religion of Journalism,Religion of Journalism,,,9,RECORD-00359,2,,
C0456,Concept,Political Bloggers,Political Bloggers,,,8,RECORD-00360,1,,
C0457,Concept,Mainstream Press,Mainstream Press,,,7,RECORD-00360,2,,
C0458,Concept,Every Four Years Journalism,Every Four Years Journalism,,,9,RECORD-00362,1,,
C0459,Concept,Event Blogging,Event Blogging,,,10,RECORD-00363,1,,
C0460,Concept,Civil Disobedience,Civil Disobedience,,,6,RECORD-00364,1,,
C0461,Concept,Online Community,Online Community,,,7,RECORD-00366,1,,
C0462,Concept,Information glut,Information glut,,,5,RECORD-00367,1,,
C0463,Concept,Red State/Blue State polarization,Red State/Blue State polarization,,,4,RECORD-00367,1,,
C0464,Concept,Media ethics,Media ethics,,,3,RECORD-00367,1,,
C0465,Concept,Attention Deficit Disorder,Attention Deficit Disorder,,,3,RECORD-00367,1,,
C0466,Concept,Exposure,Exposure,,,6,RECORD-00369,1,,
C0467,Concept,Unjournalism,Unjournalism,,,6,RECORD-00371,1,,
C0468,Concept,Critic's Notebook,Critic's Notebook,,,6,RECORD-00371,1,,
C0469,Concept,Norg,Norg,,,5,RECORD-00373,1,,
C0470,Concept,Web-centricity,Web-centricity,,,7,RECORD-00374,1,,
C0471,Concept,Conventional Wisdom,Conventional Wisdom,,,8,RECORD-00377,1,,
C0472,Concept,Local Ownership,Local Ownership,,,9,RECORD-00377,1,,
C0473,Concept,Publicly Traded Corporation,Publicly Traded Corporation,,,6,RECORD-00377,1,,
C0474,Concept,Citizen's media,Citizen's media,,,5,RECORD-00380,1,,
C0475,Concept,Campaign by the numbers,Campaign by the numbers,,,8,,1,,
C0476,Concept,Battleground States,Battleground States,,,7,,1,,
C0477,Concept,Swing States,Swing States,,,6,,1,,
C0478,Concept,Agenda-less journalism,Agenda-less journalism,,,7,RECORD-00382,1,,
C0479,Concept,De-certifying the press,De-certifying the press,,,9,RECORD-00385,2,,
C0480,Concept,Regression toward a phony mean,Regression toward a phony mean,,,7,RECORD-00387,1,,
C0481,Concept,Overton Window,Overton Window,,,5,RECORD-00387,1,,
C0482,Concept,Impending tyranny,Impending tyranny,,,10,RECORD-00388,1,,
C0483,Concept,Journalism 2.0,Journalism 2.0,,,4,RECORD-00389,2,,
C0484,Concept,Church of Journalism,Church of Journalism,,,5,RECORD-00390,1,,
C0485,Concept,Church of Blog,Church of Blog,,,5,RECORD-00390,1,,
C0486,Concept,Checks and Balances,Checks and Balances,,,4,RECORD-00391,1,,
C0487,Concept,Credibility of the media,Credibility of the media,,,8,RECORD-00393,1,,
C0488,Concept,Open Source Radio,Open Source Radio,,,8,RECORD-00394,1,,
C0489,Concept,Peer Production,Peer Production,,,7,RECORD-00397,1,,
C0490,Concept,Radical Transparency,Radical Transparency,,,4,RECORD-00397,1,,
C0491,Concept,Horserace Coverage,Horserace Coverage,,,10,RECORD-00398,1,,
C0492,Concept,access journalism,access journalism,,,3,RECORD-00400,1,,
C0493,Concept,Watchdog press model,Watchdog press model,,,7,RECORD-00401,1,,
C0494,Concept,"He said, she said, we said","He said, she said, we said",,,10,RECORD-00402,1,,
C0495,Concept,News turns from a lecture to a conversation,News turns from a lecture to a conversation,,,7,RECORD-00402,1,,
C0496,Concept,Content will be more important than its container,Content will be more important than its container,,,7,RECORD-00402,1,,
C0497,Concept,What once was good—or good enough—no longer is,What once was good—or good enough—no longer is,,,6,RECORD-00402,1,,
C0498,Concept,The victory of affinity over geography,The victory of affinity over geography,,,6,RECORD-00402,1,,
C0499,Concept,The Pajamahadeen,The Pajamahadeen,,,6,RECORD-00402,1,,
C0500,Concept,Media Church,Media Church,,,7,RECORD-00402,1,,
C0501,Concept,Internet activism,Internet activism,,,5,RECORD-00406,1,,
C0502,Concept,Realpolitik,Realpolitik,,,3,RECORD-00406,1,,
C0503,Concept,Wisdom of Crowds,Wisdom of Crowds,,,10,RECORD-00409,1,,
C0504,Concept,Weblogs,Weblogs,,,7,RECORD-00410,1,,
C0505,Concept,Video news release,Video news release,Type of Media Product,,8,RECORD-00411,1,,
C0506,Concept,News Judgment,News Judgment,,,8,RECORD-00412,2,,
C0507,Concept,Weapons of Mass Destruction Reporting,Weapons of Mass Destruction Reporting,,,7,RECORD-00413,1,,
C0508,Concept,Intellectual contract,Intellectual contract,,,6,RECORD-00414,1,,
C0509,Concept,Journalist's duty to the nation,Journalist's duty to the nation,,,6,RECORD-00414,1,,
C0510,Concept,Burning Bridges,Burning Bridges,,,8,RECORD-00420,1,,
C0511,Concept,State Secrets (of Journalism),State Secrets (of Journalism),,,7,RECORD-00420,1,,
C0512,Concept,citizenship,citizenship,,,6,RECORD-00421,1,,
C0513,Concept,Journalistic Objectivity,Journalistic Objectivity,,,7,RECORD-00427,1,,
C0514,Concept,Bush Bubble,Bush Bubble,,,7,RECORD-00428,1,,
C0515,Concept,MSM,MSM,,,6,RECORD-00429,2,,
C0516,Concept,Pack Journalism,Pack Journalism,,,7,RECORD-00432,1,,
C0517,Concept,Media Party,Media Party,,,5,RECORD-00433,1,,
C0518,Concept,cultural divides,cultural divides,,,8,RECORD-00434,1,,
C0519,Concept,Journalistic ethics,Journalistic ethics,Principles,None,6,RECORD-00436,2,,
C0520,Concept,Authority of the Press,Authority of the Press,,,7,RECORD-00438,2,,
C0521,Concept,Horse race handicapper,Horse race handicapper,,,7,RECORD-00441,1,,
C0522,Concept,Authentic Speech,Authentic Speech,,,7,RECORD-00444,1,,
C0523,Concept,Vision Thing,Vision Thing,,,5,RECORD-00444,1,,
C0524,Concept,Pay to play,Pay to play,,,9,RECORD-00445,1,,
C0525,Concept,Beat Reporting,Beat Reporting,,,9,RECORD-00446,1,,
C0526,Concept,Crowdfunding,Crowdfunding,,,6,RECORD-00446,1,,
C0527,Concept,Left-wing bias,Left-wing bias,,,5,RECORD-00451,1,,
C0528,Concept,Voice of God,Voice of God,,,4,RECORD-00452,1,,
C0529,Concept,Keeping ‘em honest’ journalism,Keeping ‘em honest’ journalism,,,4,RECORD-00452,1,,
C0530,Concept,Leave it there’ journalism,Leave it there’ journalism,,,5,RECORD-00452,1,,
C0531,Concept,Conversation,Conversation,,,7,RECORD-00454,1,,
C0532,Concept,Search-engine optimization (SEO),Search-engine optimization (SEO),,,5,RECORD-00454,1,,
C0533,Concept,National Greatness Journalism,National Greatness Journalism,,,8,RECORD-00455,1,,
C0534,Concept,Free Speech,Free Speech,,,3,RECORD-00455,1,,
C0535,Concept,Background narrative,Background narrative,,,9,RECORD-00456,1,,
C0536,Concept,Living Stories,Living Stories,,,5,RECORD-00456,1,,
C0537,Concept,Explanation,Explanation,,,9,RECORD-00456,1,,
C0538,Concept,pure journalism,pure journalism,,,6,RECORD-00457,1,,
C0539,Concept,Security Clearance,Security Clearance,,,9,RECORD-00458,1,,
C0540,Concept,Disclosure,Disclosure,,,6,,1,,
C0541,Concept,News,News,,,7,RECORD-00462,1,,
C0542,Concept,Pay walls,Pay walls,,,4,RECORD-00463,1,,
C0543,Concept,New Media,New Media,,,5,RECORD-00463,1,,
C0544,Concept,Curmudgeon Class,Curmudgeon Class,,,5,RECORD-00463,1,,
C0545,Concept,One-to-many,One-to-many,,,7,,1,,
C0546,Concept,Bigfoot,Bigfoot,,,8,RECORD-00466,1,,
C0547,Concept,Verification Crisis,Verification Crisis,,,7,RECORD-00467,1,,
C0548,Concept,Message management,Message management,,,3,RECORD-00468,1,,
C0549,Concept,National Security Letters,National Security Letters,,,3,RECORD-00468,1,,
C0550,Concept,Balance,Balance,,,7,RECORD-00469,1,,
C0551,Concept,Civility,Civility,,,8,RECORD-00469,1,,
C0552,Concept,Fairness and Neutrality in Journalism,Fairness and Neutrality in Journalism,,,8,,1,,
C0553,Concept,Search Engine Optimization,Search Engine Optimization,,,10,RECORD-00471,1,,
C0554,Concept,Social Responsibility Theory,Social Responsibility Theory,,,5,RECORD-00474,1,,
C0555,Concept,Self-absorption,Self-absorption,,,9,RECORD-00476,1,,
C0556,Concept,Thick description,Thick description,,,7,RECORD-00511,1,,
C0557,Concept,Political Information,Political Information,,,8,RECORD-00512,1,,
C0558,Concept,He said/she said journalism,He said/she said journalism,,,6,RECORD-00514,1,,
C0559,Concept,Transparent Newsroom,Transparent Newsroom,,,4,RECORD-00515,1,,
C0560,Concept,power of many,power of many,,,4,RECORD-00515,1,,
C0561,Concept,Myth of Watergate,Myth of Watergate,,,9,RECORD-00516,1,,
C0562,Concept,News/Opinion Distinction,News/Opinion Distinction,,,9,,1,,
C0563,Concept,Mainstream Media Bias,Mainstream Media Bias,,,8,RECORD-00523,1,,
C0564,Concept,embedding program,embedding program,,,5,RECORD-00530,1,,
C0565,Concept,Message Control,Message Control,,,7,RECORD-00531,1,,
C0566,Concept,Distributed Ownership,Distributed Ownership,,,6,RECORD-00531,1,,
C0567,Concept,Journalism without the media,Journalism without the media,,,8,RECORD-00537,1,,
C0568,Concept,Smart Mob,Smart Mob,,,7,RECORD-00537,1,,
C0569,Concept,Crisis Communications,Crisis Communications,,,7,RECORD-00538,1,,
C0570,Concept,Reverse publishing,Reverse publishing,,,6,RECORD-00539,2,,
C0571,Concept,Read/Write web,Read/Write web,,,7,RECORD-00539,1,,
C0572,Concept,Open Practice model,Open Practice model,,,4,RECORD-00539,1,,
C0573,Concept,Struck a Nerve Fantasy,Struck a Nerve Fantasy,,,7,RECORD-00541,1,,
C0574,Concept,Commons-based peer production,Commons-based peer production,,,6,RECORD-00542,1,,
C0575,Concept,Permanent Record,Permanent Record,,,8,RECORD-00544,1,,
C0576,Concept,Open Archives,Open Archives,,,9,RECORD-00544,1,,
C0577,Concept,Horse Race Narrative,Horse Race Narrative,,,6,RECORD-00547,1,,
C0578,Concept,Weblogs/Blogs,Weblogs/Blogs,,,9,RECORD-00548,1,,
C0579,Concept,Retreat from empiricism,Retreat from empiricism,,,9,RECORD-00549,1,,
C0580,Concept,Bias Wars,Bias Wars,,,6,,2,,
C0581,Concept,Perspective,Perspective,,,7,,1,,
C0582,Concept,Political,Political,,,8,,1,,
C0583,Concept,Politicized,Politicized,,,8,,1,,
C0584,Concept,Political Neutrality,Political Neutrality,,,5,RECORD-00551,1,,
C0585,Concept,Shoe Leather Reporting,Shoe Leather Reporting,,,5,RECORD-00551,1,,
C0586,Concept,Crowdsourced Journalism,Crowdsourced Journalism,,,9,RECORD-00554,1,,
C0587,Concept,Newspaper Revanchism,Newspaper Revanchism,,,7,RECORD-00555,1,,
C0588,Concept,Boundary Policing,Boundary Policing,,,6,RECORD-00555,1,,
C0589,Concept,Self-Reliance,Self-Reliance,,,5,RECORD-00555,1,,
C0590,Concept,Techno Geeks,Techno Geeks,,,5,RECORD-00555,1,,
C0591,Concept,The End of Mass,The End of Mass,,,4,RECORD-00555,1,,
C0592,Concept,Stand Alone Journalist,Stand Alone Journalist,Commentary,,10,RECORD-00556,1,,
C0593,Concept,New Journalism,New Journalism,,,6,RECORD-00557,2,,
C0594,Concept,Netroots,Netroots,,,7,RECORD-00558,1,,
C0595,Concept,Public Listening,Public Listening,,,8,RECORD-00559,1,,
C0596,Concept,The Pledge,The Pledge,,,8,RECORD-00563,1,,
C0597,Concept,Partisanship,Partisanship,,,7,,1,,
C0598,Concept,Blog Swarm,Blog Swarm,,,6,RECORD-00566,1,,
C0599,Concept,Citizen Media,Citizen Media,,,5,RECORD-00566,1,,
C0600,Concept,Strategic change,Strategic change,,,9,RECORD-00567,1,,
C0601,Concept,journalistic tradition,journalistic tradition,,,6,RECORD-00567,1,,
C0602,Concept,Change or Die,Change or Die,,,8,RECORD-00567,1,,
C0603,Concept,Attack Politics,Attack Politics,,,9,RECORD-00568,1,,
C0604,Concept,Easongate,Easongate,,,7,,1,,
C0605,Concept,Practice of Journalism,Practice of Journalism,,,8,RECORD-00573,1,,
C0606,Concept,Public Access Television,Public Access Television,,,5,RECORD-00573,1,,
C0607,Concept,Mini Public-Sphere,Mini Public-Sphere,,,5,RECORD-00573,1,,
C0608,Concept,Blogistan,Blogistan,,,6,RECORD-00573,1,,
C0609,Concept,Producer Democracy,Producer Democracy,,,6,RECORD-00573,1,,
C0610,Concept,Trust-Me Journalism,Trust-Me Journalism,,,8,RECORD-00575,1,,
C0611,Concept,Speculation Section,Speculation Section,,,6,RECORD-00575,1,,
C0612,Concept,Cognitive Surplus,Cognitive Surplus,,,9,RECORD-00576,1,,
C0613,Concept,Architecture of Participation,Architecture of Participation,,,4,RECORD-00576,1,,
C0614,Concept,Ethic of the Link,Ethic of the Link,,,4,RECORD-00576,1,,
C0615,Concept,Public Interest,Public Interest,,,7,RECORD-00578,1,,
C0616,Concept,Ad-free journalism,Ad-free journalism,,,9,RECORD-00579,1,,
C0617,Concept,Ideological polemics,Ideological polemics,,,7,RECORD-00580,1,,
C0618,Concept,Opacity,Opacity,,,7,RECORD-00580,1,,
C0619,Concept,Accountability,Accountability,,,8,RECORD-00580,1,,
C0620,Concept,Ritualized avoidance of all conclusions,Ritualized avoidance of all conclusions,,,6,RECORD-00580,1,,
C0621,Concept,Gay marriage,Gay marriage,,,7,RECORD-00580,1,,
C0622,Concept,Hate crime laws,Hate crime laws,,,4,RECORD-00580,1,,
C0623,Concept,Denialism,Denialism,,,4,RECORD-00580,1,,
C0624,Concept,Ideology,Ideology,,,6,RECORD-00580,1,,
C0625,Concept,Savvy Journalism,Savvy Journalism,,,9,RECORD-00581,1,,
C0626,Concept,Fair to the truth,Fair to the truth,,,9,RECORD-00582,2,,
C0627,Concept,Savvy Style of Political Journalism,Savvy Style of Political Journalism,,,7,RECORD-00584,1,,
C0628,Concept,Anticipatory Obedience,Anticipatory Obedience,,,6,RECORD-00588,1,,
C0629,Concept,Mis- and disinformation,Mis- and disinformation,,,8,RECORD-00589,1,,
C0630,Concept,Fairness Doctrine,Fairness Doctrine,,,7,RECORD-00590,1,,
C0631,Concept,Post-fact,Post-fact,,,8,RECORD-00590,1,,
C0632,Concept,Academic Twitter,Academic Twitter,,,8,RECORD-00592,1,,
C0633,Concept,Distributed Journalism,Distributed Journalism,,,6,RECORD-00593,1,,
C0634,Concept,both-sides reporting,both-sides reporting,,,7,RECORD-00594,1,,
C0635,Concept,democracy frame,democracy frame,,,8,RECORD-00594,1,,
C0636,Concept,Not the odds but the stakes,Not the odds but the stakes,,,9,RECORD-00594,3,,
C0637,Concept,Flooding the Zone,Flooding the Zone,,,8,RECORD-00596,1,,
C0638,Concept,Both Sides Reporting,Both Sides Reporting,,,6,RECORD-00596,1,,
C0639,Concept,News Management,News Management,,,5,RECORD-00596,1,,
C0640,Concept,Engagement journalism,Engagement journalism,,,7,RECORD-00601,1,,
C0641,Concept,Bullshit,Bullshit,,,8,RECORD-00601,1,,
C0642,Concept,Reality-based communities,Reality-based communities,,,7,RECORD-00601,1,,
C0643,Concept,Newsroom culture,Newsroom culture,,,7,RECORD-00602,1,,
C0644,Concept,Social Media,Social Media,,,9,RECORD-00603,1,,
C0645,Concept,Creator Class,Creator Class,,,9,RECORD-00603,1,,
C0646,Concept,Civic Work,Civic Work,,,7,RECORD-00603,1,,
C0647,Concept,Immigration Reform,Immigration Reform,,,7,RECORD-00605,1,,
C0648,Concept,Prescription Drug Abuse,Prescription Drug Abuse,,,8,RECORD-00605,1,,
C0649,Concept,Cult of Balance,Cult of Balance,,,4,,1,,
C0650,Concept,Norm of Objectivity,Norm of Objectivity,,,2,,1,,
C0651,Concept,Audience Atomization Overcome,Audience Atomization Overcome,,,9,RECORD-00489,2,,
C0652,Concept,Cognitive decline,Cognitive decline,,,7,,1,,
C0653,Concept,Stockholm syndrome,Stockholm syndrome,,,6,RECORD-00612,1,,
E0001,Event,Republican National Convention,Republican National Convention,,,9,RECORD-00003,6,,
E0002,Event,1968 Democratic National Convention,1968 Democratic National Convention,,,7,RECORD-00003,1,,
E0003,Event,Watergate,Watergate,,,7,RECORD-00004,6,,
E0004,Event,Iraq War,Iraq War,,,7,RECORD-00004,23,,
E0005,Event,Bush announced his budget,Bush announced his budget,,,5,,1,,
E0006,Event,Watergate scandal,Watergate scandal,,,4,RECORD-00020,4,,
E0007,Event,January 6,January 6,,,5,RECORD-00020,1,,
E0008,Event,2024 Presidential Election,2024 Presidential Election,,,8,RECORD-00021,2,,
E0009,Event,2016 Presidential Election,2016 Presidential Election,,,5,RECORD-00022,3,,
E0010,Event,First presidential debate,First presidential debate,,,5,RECORD-00022,1,,
E0011,Event,Dominion Lawsuit,Dominion Lawsuit,,,5,RECORD-00026,1,,
E0012,Event,"""Stop the Steal""","""Stop the Steal""",,,6,RECORD-00026,1,,
E0013,Event,Democracy Summit,Democracy Summit,,,4,RECORD-00027,1,,
E0014,Event,Afghanistan withdrawal,Afghanistan withdrawal,,,5,RECORD-00028,1,,
E0015,Event,Debt ceiling fight,Debt ceiling fight,,,5,RECORD-00028,1,,
E0016,Event,Election Cycle,Election Cycle,,,8,RECORD-00032,1,,
E0017,Event,2008 US election,2008 US election,,,6,RECORD-00033,1,,
E0018,Event,Presidential Elections in Azerbaijan,Presidential Elections in Azerbaijan,,,7,RECORD-00034,1,,
E0019,Event,Democracy in trouble,Democracy in trouble,,,5,RECORD-00035,1,,
E0020,Event,9/11,9/11,,,6,RECORD-00037,1,,
E0021,Event,Publication of story exposing counterterrorism program,Publication of story exposing counterterrorism program,,,7,RECORD-00037,1,,
E0022,Event,1988 Bush-Dukakis presidential election,1988 Bush-Dukakis presidential election,,,5,RECORD-00038,1,,
E0023,Event,COVID Crisis,COVID Crisis,,,4,RECORD-00043,1,,
E0024,Event,Democratic convention,Democratic convention,,,5,RECORD-00048,1,,
E0025,Event,2020 election,2020 election,,,10,RECORD-00048,3,,
E0026,Event,January 6 Insurrection,January 6 Insurrection,,,8,RECORD-00049,1,,
E0027,Event,2020 Presidential Election,2020 Presidential Election,,,8,RECORD-00050,3,,
E0028,Event,"Attack on the Capitol, January 6, 2021","Attack on the Capitol, January 6, 2021",,,8,RECORD-00050,1,,
E0029,Event,2016 Election,2016 Election,,,3,RECORD-00051,1,,
E0030,Event,"January 6, 2021","January 6, 2021",Attack on the US Capitol,,7,RECORD-00054,1,,
E0031,Event,2012 Presidential Election,2012 Presidential Election,,,10,RECORD-00060,1,,
E0032,Event,Republican debate,Republican debate,Political Debate,,7,RECORD-00061,1,,
E0033,Event,2012 election,2012 election,US Presidential Election,,8,RECORD-00061,1,,
E0034,Event,Republican debates,Republican debates,,,9,RECORD-00062,1,,
E0035,Event,Swift Boat incident,Swift Boat incident,,,6,RECORD-00065,1,,
E0036,Event,Lowering the sky high crime rate in New York City in 1980,Lowering the sky high crime rate in New York City in 1980,Historical Event,None,3,RECORD-00071,1,,
E0037,Event,Edward Snowden leaks,Edward Snowden leaks,,,8,RECORD-00079,1,,
E0038,Event,Trump Era,Trump Era,,,9,RECORD-00081,1,,
E0039,Event,International Journalism Festival,International Journalism Festival,Conference,,10,RECORD-00082,1,,
E0040,Event,CNN Town Hall,CNN Town Hall,,,7,RECORD-00094,1,,
E0041,Event,McCarthyism,McCarthyism,,,6,RECORD-00094,1,,
E0042,Event,Army-McCarthy hearings,Army-McCarthy hearings,,,7,RECORD-00094,1,,
E0043,Event,"September 11, 2001 Attacks","September 11, 2001 Attacks",,,10,RECORD-00095,1,,
E0044,Event,California Recall,California Recall,,None,8,RECORD-00100,1,,
E0045,Event,White House Correspondents Association dinner,White House Correspondents Association dinner,,,6,RECORD-00103,2,,
E0046,Event,California Recall Election,California Recall Election,,,10,RECORD-00118,3,,
E0047,Event,09/11,09/11,,,6,RECORD-00121,1,,
E0048,Event,U.S. invasion of Iraq,U.S. invasion of Iraq,Military conflict,None,6,RECORD-00122,1,,
E0049,Event,Vietnam War,Vietnam War,Military conflict,None,6,RECORD-00122,4,,
E0050,Event,September 11th,September 11th,Terrorist Attacks,None,8,RECORD-00126,6,,
E0051,Event,2000 Presidential Election,2000 Presidential Election,,,9,RECORD-00128,3,,
E0052,Event,Iowa Caucuses,Iowa Caucuses,,,5,RECORD-00132,1,,
E0053,Event,1964 Election,1964 Election,,,4,RECORD-00132,1,,
E0054,Event,Recall Election,Recall Election,,,6,RECORD-00133,1,,
E0055,Event,2004 Democratic Nomination,2004 Democratic Nomination,,,5,RECORD-00135,1,,
E0056,Event,New Hampshire Primary,New Hampshire Primary,,,5,RECORD-00135,2,,
E0057,Event,2000 Election,2000 Election,,,7,RECORD-00135,1,,
E0058,Event,Bloggercon,Bloggercon,Conference,None,9,RECORD-00141,9,,
E0059,Event,California Governor Recall Election,California Governor Recall Election,,,7,RECORD-00143,1,,
E0060,Event,Peace Conference of 1919,Peace Conference of 1919,International Conference,,7,RECORD-00159,1,,
E0061,Event,2004 Presidential Election,2004 Presidential Election,,,8,RECORD-00160,8,,
E0062,Event,BlogHer 2005,BlogHer 2005,,,5,RECORD-00161,1,,
E0063,Event,Jason Blair Scandal,Jason Blair Scandal,,,5,RECORD-00162,1,,
E0064,Event,2004 Campaign,2004 Campaign,,,8,RECORD-00163,2,,
E0065,Event,2004 Presidential Campaign,2004 Presidential Campaign,,,7,RECORD-00164,3,,
E0066,Event,Sander Thoenes' Death in East Timor (1999),Sander Thoenes' Death in East Timor (1999),,,9,RECORD-00165,1,,
E0067,Event,"September 11, 2001","September 11, 2001",,,5,RECORD-00166,1,,
E0068,Event,Rather-CBS fiasco over forged memos,Rather-CBS fiasco over forged memos,,,8,RECORD-00169,1,,
E0069,Event,Iraq War Coverage,Iraq War Coverage,,,7,RECORD-00169,4,,
E0070,Event,Presidential Debate,Presidential Debate,,,7,RECORD-00169,1,,
E0071,Event,Davos,Davos,World Economic Forum Meeting,,8,RECORD-00170,1,,
E0072,Event,BlogHer Conference,BlogHer Conference,,,9,RECORD-00173,1,,
E0073,Event,Air National Guard story,Air National Guard story,,,8,RECORD-00174,1,,
E0074,Event,2004 Presidential Debate,2004 Presidential Debate,,,8,RECORD-00176,1,,
E0075,Event,9/11-type terrorist attack,9/11-type terrorist attack,,,4,RECORD-00176,1,,
E0076,Event,National Guard Memos Controversy,National Guard Memos Controversy,,,9,RECORD-00179,1,,
E0077,Event,Personal Democracy Forum,Personal Democracy Forum,,,5,RECORD-00180,2,,
E0078,Event,Karen Ryan case,Karen Ryan case,,,7,RECORD-00181,1,,
E0079,Event,Chandra Levy story,Chandra Levy story,,,6,,1,,
E0080,Event,Knight-Batten awards for innovation in journalism,Knight-Batten awards for innovation in journalism,,,3,RECORD-00185,1,,
E0081,Event,US Attorneys scandal,US Attorneys scandal,,,5,RECORD-00185,1,,
E0082,Event,2005 Alfred Deakin Innovation Lectures,2005 Alfred Deakin Innovation Lectures,,,7,RECORD-00190,1,,
E0083,Event,BloggerCon IV,BloggerCon IV,,,3,RECORD-00191,1,,
E0084,Event,Media Giraffe conference,Media Giraffe conference,,,3,RECORD-00191,1,,
E0085,Event,1992 Election,1992 Election,,,2,RECORD-00193,1,,
E0086,Event,Unity Convention,Unity Convention,,,10,RECORD-00194,1,,
E0087,Event,Unity conference in Seattle in 1999,Unity conference in Seattle in 1999,,,5,RECORD-00194,1,,
E0088,Event,Republican Convention,Republican Convention,,,5,RECORD-00196,1,,
E0089,Event,"Blogging, Journalism and Credibility Conference","Blogging, Journalism and Credibility Conference",,,9,RECORD-00200,1,,
E0091,Event,2004 Election,2004 Election,,,9,RECORD-00202,3,,
E0092,Event,O’Reilly Emerging Technology Conference,O’Reilly Emerging Technology Conference,,,6,RECORD-00204,1,,
E0093,Event,Kennedy-Nixon debates,Kennedy-Nixon debates,,,4,RECORD-00204,1,,
E0094,Event,2006 Midterm Elections,2006 Midterm Elections,,,6,RECORD-00205,1,,
E0095,Event,Circulation fraud lawsuit against Milwaukee Journal Sentinel,Circulation fraud lawsuit against Milwaukee Journal Sentinel,,,8,RECORD-00208,1,,
E0096,Event,Davos conference,Davos conference,,,1,RECORD-00217,1,,
E0097,Event,"August, 2004. Chris Allbritton goes to Najaf","August, 2004. Chris Allbritton goes to Najaf",,,7,RECORD-00218,1,,
E0098,Event,Libby Trial,Libby Trial,,,6,RECORD-00218,2,,
E0099,Event,World Economic Forum Annual Gathering,World Economic Forum Annual Gathering,,,9,RECORD-00223,1,,
E0100,Event,Democratic National Convention,Democratic National Convention,,,7,RECORD-00226,6,,
E0101,Event,World Economic Forum,World Economic Forum,,,7,RECORD-00227,2,,
E0103,Event,Kurt Waldheim's re-election as President of Austria,Kurt Waldheim's re-election as President of Austria,Political event,None,5,RECORD-00230,1,,
E0104,Event,2008 Presidential Election,2008 Presidential Election,,,7,RECORD-00238,4,,
E0105,Event,2008 campaign,2008 campaign,,,5,RECORD-00241,1,,
E0106,Event,War in Iraq,War in Iraq,,,3,,1,,
E0107,Event,2004 Democratic National Convention,2004 Democratic National Convention,Political Convention,,8,RECORD-00244,2,,
E0108,Event,2004 Republican Convention,2004 Republican Convention,Political Convention,,8,RECORD-00247,1,,
E0109,Event,2000 Republican Convention,2000 Republican Convention,Political Convention,,4,RECORD-00247,1,,
E0110,Event,"September 14, 2001","September 14, 2001",Historical Event,,5,RECORD-00247,1,,
E0111,Event,September 11th Attacks,September 11th Attacks,,,7,RECORD-00328,4,,
E0112,Event,Campaign 2004,Campaign 2004,,,6,RECORD-00249,1,,
E0113,Event,2004 Race,2004 Race,Election,None,5,RECORD-00255,1,,
E0114,Event,War,War,,,7,RECORD-00261,1,,
E0115,Event,Online News Association Conference,Online News Association Conference,,,9,RECORD-00262,1,,
E0116,Event,White House Correspondents Dinner,White House Correspondents Dinner,,,6,RECORD-00267,2,,
E0117,Event,Hurricane Katrina,Hurricane Katrina,,,7,RECORD-00276,3,,
E0118,Event,DNC,DNC,,,3,RECORD-00278,2,,
E0119,Event,Jason Blair crisis,Jason Blair crisis,,,7,,1,,
E0120,Event,Conference of Big Wigs on Blogging and Journalism,Conference of Big Wigs on Blogging and Journalism,,,5,RECORD-00283,1,,
E0121,Event,California Gubernatorial Election,California Gubernatorial Election,,,6,,1,,
E0122,Event,World War II,World War II,,,3,RECORD-00286,1,,
E0123,Event,Boston Convention,Boston Convention,,,7,RECORD-00294,1,,
E0124,Event,SPJ convention in Las Vegas,SPJ convention in Las Vegas,,,7,RECORD-00298,1,,
E0125,Event,Election night,Election night,,,7,RECORD-00301,1,,
E0126,Event,Supreme Court nomination,Supreme Court nomination,,,9,RECORD-00304,1,,
E0127,Event,"CNN/YouTube debate in Charleston, South Carolina","CNN/YouTube debate in Charleston, South Carolina",,,6,RECORD-00305,1,,
E0128,Event,Katrina,Katrina,,,4,RECORD-00315,1,,
E0129,Event,Bush's National Guard service,Bush's National Guard service,,,4,RECORD-00318,1,,
E0130,Event,Civil Rights Era,Civil Rights Era,,,4,RECORD-00320,1,,
E0131,Event,Networked Journalism Summit,Networked Journalism Summit,,,6,RECORD-00321,2,,
E0132,Event,2008 Election,2008 Election,,,6,RECORD-00326,1,,
E0133,Event,Summer of Condit,Summer of Condit,,,6,RECORD-00328,1,,
E0134,Event,DOE/Williams media campaigns,DOE/Williams media campaigns,,,7,RECORD-00337,1,,
E0135,Event,Medicare VNR,Medicare VNR,,,7,RECORD-00337,1,,
E0136,Event,WeMedia conference,WeMedia conference,,,4,RECORD-00338,1,,
E0137,Event,AEJMC Convention,AEJMC Convention,,,6,RECORD-00347,1,,
E0138,Event,Exposing Earmarks Project,Exposing Earmarks Project,,,10,RECORD-00348,1,,
E0139,Event,California recall election in 2003,California recall election in 2003,,,3,RECORD-00349,1,,
E0140,Event,Watergate hearings,Watergate hearings,,,4,RECORD-00349,1,,
E0141,Event,Political Conventions,Political Conventions,,,10,RECORD-00357,2,,
E0142,Event,Chicago 1968,Chicago 1968,,,7,RECORD-00357,1,,
E0143,Event,1976 Political Conventions,1976 Political Conventions,,,8,RECORD-00357,1,,
E0144,Event,Primary System,Primary System,,,7,RECORD-00357,1,,
E0145,Event,1988 Democratic Convention,1988 Democratic Convention,,,5,RECORD-00357,1,,
E0146,Event,1992 Republican Convention in Houston,1992 Republican Convention in Houston,,,6,RECORD-00357,1,,
E0147,Event,1996 Republican Convention,1996 Republican Convention,,,4,RECORD-00357,1,,
E0148,Event,Democratic National Convention 2004,Democratic National Convention 2004,,,9,RECORD-00360,1,,
E0149,Event,Knight News Challenge,Knight News Challenge,,,5,RECORD-00361,2,,
E0150,Event,Convention in Boston,Convention in Boston,,,8,RECORD-00363,1,,
E0151,Event,World Summit on Sustainable Development,World Summit on Sustainable Development,,,5,RECORD-00363,1,,
E0152,Event,Valerie Plame Leak Investigation,Valerie Plame Leak Investigation,,,8,RECORD-00364,1,,
E0153,Event,Siege of Sarajevo,Siege of Sarajevo,,,9,RECORD-00369,1,,
E0154,Event,BlogHer Conference 2005,BlogHer Conference 2005,,,9,RECORD-00370,1,,
E0155,Event,Yearly Kos,Yearly Kos,,,7,RECORD-00373,2,,
E0156,Event,YouTube debate,YouTube debate,,,5,RECORD-00373,1,,
E0157,Event,California Governor’s Race Debate,California Governor’s Race Debate,,,8,,1,,
E0158,Event,2004 Election Coverage,2004 Election Coverage,,,8,RECORD-00382,1,,
E0159,Event,Tea Party phenomenon,Tea Party phenomenon,,,9,RECORD-00388,1,,
E0160,Event,Rathergate,Rathergate,,,8,RECORD-00391,2,,
E0161,Event,Invasion of Iraq,Invasion of Iraq,,,4,,1,,
E0163,Event,National Security Agency warrantless eavesdropping,National Security Agency warrantless eavesdropping,,,8,RECORD-00404,1,,
E0164,Event,New Hampshire Democratic presidential primary,New Hampshire Democratic presidential primary,,,6,RECORD-00406,1,,
E0165,Event,Transfer of Sovereignty in Baghdad,Transfer of Sovereignty in Baghdad,,,9,RECORD-00408,1,,
E0166,Event,Case of Wen Ho Lee,Case of Wen Ho Lee,,,9,RECORD-00410,1,,
E0167,Event,Jayson Blair Scandal,Jayson Blair Scandal,,,8,RECORD-00410,1,,
E0168,Event,9/11 Commission,9/11 Commission,,,3,RECORD-00411,1,,
E0169,Event,Abu Ghraib prison abuse scandal,Abu Ghraib prison abuse scandal,,,9,RECORD-00412,1,,
E0170,Event,Miller's Imprisonment,Miller's Imprisonment,,,7,RECORD-00413,1,,
E0171,Event,Reliable Sources CNN Appearance,Reliable Sources CNN Appearance,,,4,RECORD-00413,1,,
E0172,Event,Anthrax Attacks 2001,Anthrax Attacks 2001,Terrorist attack,,8,RECORD-00416,1,,
E0173,Event,War in Afghanistan,War in Afghanistan,Conflict,None,6,RECORD-00420,1,,
E0174,Event,Abu Ghraib prison scandal,Abu Ghraib prison scandal,,,8,RECORD-00423,1,,
E0175,Event,Davos Panel Discussion,Davos Panel Discussion,,,8,RECORD-00429,1,,
E0176,Event,Anthrax Attacks,Anthrax Attacks,Terrorist event,United States,9,RECORD-00436,1,,
E0177,Event,Dean Scream,Dean Scream,,,8,RECORD-00441,1,,
E0178,Event,Bill Clinton’s impeachment,Bill Clinton’s impeachment,,,6,RECORD-00441,1,,
E0179,Event,World War 2,World War 2,,,5,RECORD-00442,1,,
E0180,Event,Boston Debate,Boston Debate,,,6,,1,,
E0181,Event,Saturday Night Massacre,Saturday Night Massacre,,,6,,1,,
E0182,Event,National Association of Broadcasters convention 1974,National Association of Broadcasters convention 1974,,,3,RECORD-00451,1,,
E0183,Event,Russian Revolution,Russian Revolution,,,3,RECORD-00455,1,,
E0184,Event,South by Southwest,South by Southwest,,,8,RECORD-00456,1,,
E0185,Event,Korean War,Korean War,,,3,RECORD-00458,1,,
E0186,Event,UNITY Convention 2004,UNITY Convention 2004,,,9,RECORD-00460,1,,
E0187,Event,Mortgage Crisis,Mortgage Crisis,,,9,RECORD-00462,1,,
E0188,Event,Bloghercon,Bloghercon,,,7,RECORD-00465,1,,
E0189,Event,BloggerConIII,BloggerConIII,,,5,RECORD-00465,1,,
E0190,Event,Global War on Terror,Global War on Terror,,,5,RECORD-00468,1,,
E0191,Event,California Recall Vote 2003,California Recall Vote 2003,,,5,RECORD-00472,1,,
E0192,Event,reporting on Walter Reed Army Medical Center,reporting on Walter Reed Army Medical Center,,,7,RECORD-00473,1,,
E0193,Event,2004 Election Cycle,2004 Election Cycle,,,8,RECORD-00510,1,,
E0194,Event,Democratic Convention (2004),Democratic Convention (2004),Political Convention,Democratic Party,9,RECORD-00512,1,,
E0195,Event,Super Bowl,Super Bowl,Sporting Event,NFL,4,RECORD-00512,1,,
E0196,Event,Chicago ‘68,Chicago ‘68,,,5,RECORD-00520,1,,
E0197,Event,"Harvard conference on journalists, bloggers and trust","Harvard conference on journalists, bloggers and trust",,,9,,1,,
E0198,Event,Air National Guard story controversy,Air National Guard story controversy,,,9,RECORD-00526,1,,
E0199,Event,American occupation,American occupation,,,4,RECORD-00530,1,,
E0200,Event,London bombings of 7 July 2005,London bombings of 7 July 2005,,,5,RECORD-00533,1,,
E0201,Event,Valerie Plame Case,Valerie Plame Case,CIA Leak Scandal,None,8,RECORD-00534,1,,
E0202,Event,1984 Presidential Debates,1984 Presidential Debates,,,7,RECORD-00543,1,,
E0203,Event,Wen Ho Lee Case,Wen Ho Lee Case,,,6,RECORD-00552,1,,
E0204,Event,1960 Democratic Convention,1960 Democratic Convention,,,4,RECORD-00553,1,,
E0205,Event,US Attorney scandal,US Attorney scandal,,,7,RECORD-00554,1,,
E0206,Event,1960 Democratic National Convention,1960 Democratic National Convention,Political Convention,,9,RECORD-00557,1,,
E0207,Event,tsunami disaster,tsunami disaster,Humanitarian Disaster,,8,RECORD-00564,1,,
E0208,Event,2002 World Summit on Sustainable Development,2002 World Summit on Sustainable Development,,,4,RECORD-00564,1,,
E0209,Event,World Economic Forum Panel Discussion,World Economic Forum Panel Discussion,Public Speaking Event,World Economic Forum,8,RECORD-00566,1,,
E0210,Event,Clinton impeachment,Clinton impeachment,,,3,RECORD-00569,1,,
E0211,Event,1988 election,1988 election,,,3,RECORD-00577,1,,
E0212,Event,Juan Williams firing,Juan Williams firing,,,6,RECORD-00582,1,,
E0213,Event,Vivian Schiller resignation,Vivian Schiller resignation,,,6,RECORD-00582,1,,
E0214,Event,2024 US elections,2024 US elections,,,9,RECORD-00589,1,,
E0216,Event,Media Giraffe,Media Giraffe,,,6,RECORD-00593,1,,
E0217,Event,2024 election,2024 election,US Presidential Election,,9,RECORD-00594,1,,
E0218,Event,Jeff Gannon Scandal,Jeff Gannon Scandal,,,6,RECORD-00595,1,,
E0219,Event,Fight against censorship in Ukraine,Fight against censorship in Ukraine,Historical event,Ukraine,5,RECORD-00598,1,,
E0221,Event,Trent Lott Episode,Trent Lott Episode,,,8,,1,,
E0222,Event,Rathergate Affair,Rathergate Affair,,,7,,1,,
L0001,Location,New York City,New York City,,,9,RECORD-00003,12,,
L0002,Location,Iraq,Iraq,,,6,RECORD-00004,22,,
L0003,Location,United States,United States,,,7,RECORD-00004,2,,
L0004,Location,Washington D.C.,Washington D.C.,,,4,RECORD-00005,10,,
L0005,Location,Pennsylvania,Pennsylvania,,,5,RECORD-00020,1,,
L0006,Location,Rome,Rome,,,2,RECORD-00022,1,,
L0007,Location,Cleveland,Cleveland,,,2,RECORD-00022,1,,
L0008,Location,Azerbaijan,Azerbaijan,,,7,RECORD-00034,1,,
L0009,Location,370 J Street,370 J Street,,,6,RECORD-00036,1,,
L0010,Location,20 Cooper Square,20 Cooper Square,,,6,RECORD-00045,1,,
L0011,Location,Philadelphia,Philadelphia,,,3,RECORD-00048,1,,
L0012,Location,Hungary,Hungary,,,4,RECORD-00059,1,,
L0013,Location,Colombia,Colombia,,,4,RECORD-00059,1,,
L0014,Location,Germany,Germany,,,4,RECORD-00059,1,,
L0015,Location,The Netherlands,The Netherlands,,,4,RECORD-00059,2,,
L0016,Location,Canada,Canada,,,4,RECORD-00059,1,,
L0017,Location,India,India,,,4,RECORD-00059,1,,
L0018,Location,Bangalore,Bangalore,,,4,RECORD-00059,1,,
L0019,Location,"Leesburg, Florida","Leesburg, Florida",,,7,RECORD-00065,1,,
L0020,Location,New York,New York,City,None,5,RECORD-00071,2,,
L0021,Location,"Cedar Rapids, Iowa","Cedar Rapids, Iowa",,,4,RECORD-00072,1,,
L0022,Location,China,China,,None,4,RECORD-00075,1,,
L0023,Location,New Jersey,New Jersey,,None,4,RECORD-00075,1,,
L0024,Location,Manhattan,Manhattan,,None,4,RECORD-00075,1,,
L0025,Location,San Francisco,San Francisco,,,4,RECORD-00079,3,,
L0026,Location,Washington,Washington,,,4,RECORD-00079,3,,
L0027,Location,Honolulu,Honolulu,,,4,RECORD-00079,1,,
L0028,Location,Berlin,Berlin,,,4,RECORD-00079,1,,
L0029,Location,"Perugia, Italy","Perugia, Italy",,,5,RECORD-00082,1,,
L0030,Location,"Charlotte, North Carolina","Charlotte, North Carolina",,,5,RECORD-00086,1,,
L0031,Location,"Wilmington, Delaware","Wilmington, Delaware",,,4,RECORD-00086,1,,
L0032,Location,Boston,Boston,,,4,RECORD-00086,6,,
L0033,Location,"Dayton, Ohio","Dayton, Ohio",,,4,RECORD-00086,1,,
L0034,Location,"Madison, Wisconsin","Madison, Wisconsin",,,4,RECORD-00086,1,,
L0035,Location,"Boulder, Colorado","Boulder, Colorado",,,4,RECORD-00086,1,,
L0036,Location,"Olympia, Washington","Olympia, Washington",,,4,RECORD-00086,1,,
L0037,Location,Minneapolis,Minneapolis,,,4,RECORD-00086,1,,
L0038,Location,Columbia Journalism School,Columbia Journalism School,,,5,RECORD-00094,1,,
L0039,Location,Washington Square Park,Washington Square Park,,,6,RECORD-00095,1,,
L0040,Location,TriBeCa,TriBeCa,,,5,RECORD-00095,1,,
L0041,Location,Arizona,Arizona,,,8,RECORD-00096,1,,
L0042,Location,Georgia,Georgia,,,6,RECORD-00096,1,,
L0043,Location,West 43rd Street,West 43rd Street,Location of The New York Times,The New York Times,4,RECORD-00110,1,,
L0044,Location,Japan,Japan,,None,3,RECORD-00115,1,,
L0045,Location,Belarus,Belarus,,None,3,RECORD-00115,1,,
L0046,Location,Timbuktu,Timbuktu,,None,3,RECORD-00115,1,,
L0047,Location,Baghdad,Baghdad,,None,3,RECORD-00115,2,,
L0048,Location,"Wichita, Kan.","Wichita, Kan.",,,4,RECORD-00121,1,,
L0049,Location,"Charlotte, N.C.","Charlotte, N.C.",,,5,RECORD-00121,1,,
L0050,Location,"Norfolk, Va.","Norfolk, Va.",,,4,RECORD-00121,1,,
L0051,Location,Bowery,Bowery,Neighborhood in New York City,,3,RECORD-00123,1,,
L0052,Location,Ground Zero,Ground Zero,Site of World Trade Center collapse,None,9,RECORD-00126,2,,
L0053,Location,Florida,Florida,,,6,RECORD-00128,1,,
L0054,Location,City of New York,City of New York,,,6,RECORD-00128,1,,
L0055,Location,New York State,New York State,,,5,RECORD-00128,1,,
L0056,Location,Connecticut,Connecticut,,,5,RECORD-00131,1,,
L0057,Location,Iowa,Iowa,,,4,RECORD-00132,1,,
L0058,Location,New Hampshire,New Hampshire,,,4,RECORD-00132,1,,
L0059,Location,New Orleans,New Orleans,,,4,RECORD-00133,1,,
L0060,Location,St. Louis,St. Louis,,,4,RECORD-00135,1,,
L0061,Location,Miami,Miami,,,3,RECORD-00135,1,,
L0062,Location,Afghanistan,Afghanistan,,,7,RECORD-00136,3,,
L0063,Location,Cambridge,Cambridge,Location of Bloggercon,None,3,RECORD-00141,3,,
L0064,Location,Harvard University Law School,Harvard University Law School,Venue,Harvard University,6,RECORD-00146,1,,
L0065,Location,East Timor,East Timor,,,8,RECORD-00165,2,,
L0066,Location,Jakarta,Jakarta,,,6,RECORD-00165,1,,
L0067,Location,"Woody Creek, Colorado","Woody Creek, Colorado",,,2,,1,,
L0068,Location,"Santa Clara, CA","Santa Clara, CA",,,7,RECORD-00173,1,,
L0069,Location,NY-DC-LA axis,NY-DC-LA axis,,,7,RECORD-00175,1,,
L0070,Location,Saudi Arabia,Saudi Arabia,,,3,RECORD-00176,1,,
L0071,Location,Russia,Russia,,,3,RECORD-00176,1,,
L0072,Location,"Greensboro, NC","Greensboro, NC",,,9,RECORD-00184,1,,
L0073,Location,Raleigh-Durham,Raleigh-Durham,,,4,RECORD-00184,1,,
L0074,Location,Ottawa,Ottawa,,,8,RECORD-00186,2,,
L0075,Location,Indonesia,Indonesia,,,7,,1,,
L0076,Location,"Melbourne, Australia","Melbourne, Australia",,,6,RECORD-00190,1,,
L0077,Location,Australia,Australia,,,6,RECORD-00190,1,,
L0078,Location,Finland,Finland,,,3,RECORD-00190,1,,
L0079,Location,North Korea,North Korea,,,3,RECORD-00190,1,,
L0080,Location,New Zealand,New Zealand,,,3,RECORD-00190,1,,
L0081,Location,Ecuador,Ecuador,,,4,RECORD-00190,1,,
L0082,Location,Ohio,Ohio,,,2,RECORD-00190,1,,
L0083,Location,Atlanta,Atlanta,,,3,RECORD-00194,1,,
L0084,Location,Seattle,Seattle,,,4,RECORD-00194,1,,
L0085,Location,"Delray Beach, Fla","Delray Beach, Fla",,,3,RECORD-00194,1,,
L0086,Location,Silicon Valley,Silicon Valley,Headquarters for the tech community,,7,RECORD-00195,2,,
L0087,Location,London,London,City,,2,RECORD-00195,1,,
L0088,Location,"Waco, Texas","Waco, Texas",City in Texas,,2,RECORD-00195,1,,
L0089,Location,"Crawford, Texas","Crawford, Texas",City in Texas,,2,RECORD-00195,1,,
L0090,Location,San Jose,San Jose,,,7,RECORD-00197,1,,
L0091,Location,St. Paul,St. Paul,,,5,RECORD-00197,1,,
L0092,Location,"Duluth, MN","Duluth, MN",,,3,RECORD-00197,1,,
L0093,Location,"Grand Forks, N.D.","Grand Forks, N.D.",,,3,RECORD-00197,1,,
L0094,Location,"Aberdeen, S.D.","Aberdeen, S.D.",,,3,RECORD-00197,1,,
L0095,Location,"Akron, Ohio","Akron, Ohio",,,5,RECORD-00197,1,,
L0096,Location,"Fort Wayne, Ind.","Fort Wayne, Ind.",,,3,RECORD-00197,1,,
L0097,Location,"Contra Costa, Calif.","Contra Costa, Calif.",,,4,RECORD-00197,1,,
L0098,Location,"Monterey, Calif.","Monterey, Calif.",,,3,RECORD-00197,1,,
L0099,Location,"Wilkes-Barre, Pa.","Wilkes-Barre, Pa.",,,3,RECORD-00197,1,,
L0100,Location,Twin Cities,Twin Cities,,,4,RECORD-00197,1,,
L0101,Location,Sacramento,Sacramento,,,3,RECORD-00197,1,,
L0102,Location,Eden Prairie,Eden Prairie,,,3,RECORD-00197,1,,
L0103,Location,"Madison, WI","Madison, WI",,,8,RECORD-00199,1,,
L0104,Location,Red America,Red America,,,5,RECORD-00202,1,,
L0105,Location,Las Vegas,Las Vegas,,,4,RECORD-00203,1,,
L0106,Location,California,California,,,4,RECORD-00203,1,,
L0107,Location,"San Diego, CA","San Diego, CA",,,5,RECORD-00204,1,,
L0108,Location,"McLean, VA","McLean, VA",,,3,RECORD-00208,1,,
L0109,Location,"Reston, VA","Reston, VA",,,3,RECORD-00208,1,,
L0110,Location,Maryland,Maryland,,,3,RECORD-00211,1,,
L0111,Location,Turkey,Turkey,,,4,RECORD-00218,1,,
L0112,Location,Spokane,Spokane,,,7,RECORD-00221,2,,
L0113,Location,"Davos, Switzerland","Davos, Switzerland",,,9,RECORD-00223,2,,
L0114,Location,Madison Square Garden,Madison Square Garden,,,5,RECORD-00226,2,,
L0115,Location,Eighth Avenue,Eighth Avenue,,,3,RECORD-00226,1,,
L0116,Location,34 Street,34 Street,,,3,RECORD-00226,1,,
L0117,Location,Fleet Center,Fleet Center,,,3,RECORD-00226,2,,
L0118,Location,Vienna,Vienna,City visited by Postman and Rosen,None,4,RECORD-00230,1,,
L0119,Location,New Haven,New Haven,,,8,RECORD-00231,1,,
L0120,Location,"Montclair, N.J.","Montclair, N.J.",,,4,RECORD-00231,1,,
L0121,Location,"Charleston, West Virgina","Charleston, West Virgina",,,6,RECORD-00242,1,,
L0122,Location,Toronto,Toronto,City,,3,RECORD-00244,1,,
L0123,Location,North Carolina,North Carolina,,,4,,1,,
L0124,Location,"Arlington, VA","Arlington, VA",,,3,RECORD-00252,1,,
L0125,Location,McLean,McLean,Town in Virginia,,6,RECORD-00252,1,,
L0126,Location,"Bethesda, MD","Bethesda, MD",Town in Maryland,,6,RECORD-00252,1,,
L0127,Location,Herald Square,Herald Square,Park,,5,RECORD-00253,1,,
L0129,Location,"Shaker Heights, Ohio","Shaker Heights, Ohio",City,,5,RECORD-00257,1,,
L0130,Location,"Hollywood, CA","Hollywood, CA",,,6,RECORD-00262,1,,
L0131,Location,"Cambridge, Mass","Cambridge, Mass",,,3,,1,,
L0132,Location,Southeast Minnesota,Southeast Minnesota,Location of Doug McGill's glocal reporting,None,7,RECORD-00280,1,,
L0133,Location,Ethiopia,Ethiopia,Location of genocide uncovered by Doug McGill,None,8,RECORD-00280,2,,
L0134,Location,Gambella,Gambella,Town in Ethiopia where massacre occurred,None,6,RECORD-00280,1,,
L0135,Location,Minnesota,Minnesota,Home to Anuak diaspora,None,7,RECORD-00280,1,,
L0136,Location,Venice,Venice,,,2,,1,,
L0137,Location,East Village,East Village,,,8,RECORD-00291,1,,
L0138,Location,"Charleston, South Carolina","Charleston, South Carolina",,,5,RECORD-00305,1,,
L0139,Location,Montclair,Montclair,,,6,RECORD-00315,1,,
L0140,Location,Bloomfield,Bloomfield,,,7,RECORD-00315,1,,
L0141,Location,Penn Station,Penn Station,,,4,RECORD-00315,1,,
L0142,Location,Metropolitan Club,Metropolitan Club,,,5,RECORD-00328,1,,
L0143,Location,"Greensboro, North Carolina","Greensboro, North Carolina",,,7,RECORD-00332,1,,
L0144,Location,"Tucson, Ariz.","Tucson, Ariz.",,,2,RECORD-00343,1,,
L0145,Location,"Nashville, TN","Nashville, TN",,,3,RECORD-00345,1,,
L0146,Location,"Watertown, Massachusetts","Watertown, Massachusetts",,,6,RECORD-00350,1,,
L0147,Location,Capital Hill,Capital Hill,,,3,RECORD-00351,1,,
L0148,Location,"Watertown, MA","Watertown, MA",,,2,RECORD-00351,1,,
L0149,Location,UK,UK,Location of Journalism Leaders Forum,N/A,3,RECORD-00354,1,,
L0150,Location,"Hampton Roads, VA","Hampton Roads, VA",Location of Example Beat,N/A,4,RECORD-00354,1,,
L0151,Location,Johannesburg,Johannesburg,,,4,RECORD-00363,1,,
L0152,Location,Korea,Korea,,,3,RECORD-00368,1,,
L0153,Location,Sarajevo,Sarajevo,,,8,RECORD-00369,1,,
L0154,Location,Chicago,Chicago,,,5,RECORD-00373,1,,
L0155,Location,Dallas,Dallas,,,5,RECORD-00374,1,,
L0156,Location,Norway,Norway,Country,None,4,RECORD-00380,1,,
L0157,Location,South Korea,South Korea,Country,None,4,RECORD-00380,1,,
L0158,Location,Czechoslovakia,Czechoslovakia,,,4,,1,,
L0159,Location,City Hall,City Hall,,,2,,1,,
L0160,Location,world capitals,world capitals,,,2,,1,,
L0161,Location,combat zones,combat zones,,,2,,1,,
L0162,Location,ballparks,ballparks,,,2,,1,,
L0163,Location,Greenwich Village,Greenwich Village,,,3,RECORD-00400,1,,
L0164,Location,Los Angeles,Los Angeles,,,4,RECORD-00401,1,,
L0165,Location,Greensboro,Greensboro,,,6,RECORD-00402,1,,
L0166,Location,Green Zone,Green Zone,,,6,RECORD-00408,1,,
L0167,Location,"Los Alamos, New Mexico","Los Alamos, New Mexico",,,6,RECORD-00410,1,,
L0168,Location,Middle East,Middle East,,,3,RECORD-00412,1,,
L0169,Location,"Dallas, Texas","Dallas, Texas",Location of Pegasus News beta test,,4,RECORD-00430,1,,
L0170,Location,Rwanda,Rwanda,,,5,RECORD-00432,1,,
L0171,Location,Vietnam,Vietnam,,,4,RECORD-00432,1,,
L0172,Location,US,US,Country,None,5,RECORD-00436,2,,
L0173,Location,West Wing,West Wing,Office Building,,6,RECORD-00439,1,,
L0174,Location,Moscow,Moscow,,,8,RECORD-00455,1,,
L0175,Location,Austin,Austin,,,7,RECORD-00456,1,,
L0176,Location,Indiana,Indiana,,,4,RECORD-00462,1,,
L0177,Location,Copley Square,Copley Square,Protest Location,N/A,4,RECORD-00512,1,,
L0178,Location,Boston Common,Boston Common,Protest Location,N/A,3,RECORD-00512,1,,
L0179,Location,Watertown,Watertown,City/Town,None,8,RECORD-00513,1,,
L0180,Location,Needham,Needham,Town,None,4,RECORD-00513,1,,
L0181,Location,Woburn,Woburn,City,None,4,RECORD-00513,1,,
L0182,Location,eastern Washington,eastern Washington,,,3,RECORD-00515,1,,
L0183,Location,"Coeur d’Alene, Idaho","Coeur d’Alene, Idaho",,,3,RECORD-00515,1,,
L0184,Location,Arlington,Arlington,,,4,RECORD-00525,1,,
L0185,Location,"Bluffton, South Carolina","Bluffton, South Carolina",,,5,RECORD-00539,1,,
L0186,Location,Niger,Niger,,,3,RECORD-00551,1,,
L0188,Location,Palo Alto,Palo Alto,,,3,RECORD-00556,1,,
L0189,Location,Peoria,Peoria,,,3,RECORD-00568,1,,
L0190,Location,Guantanamo Bay,Guantanamo Bay,,,4,RECORD-00569,1,,
L0191,Location,Abu Ghraib,Abu Ghraib,Detention Facility,United States Military,4,RECORD-00575,1,,
L0192,Location,Northeast,Northeast,,,3,RECORD-00577,1,,
L0193,Location,Virginia,Virginia,,,5,RECORD-00586,1,,
L0194,Location,Mexico,Mexico,,,5,RECORD-00588,1,,
L0195,Location,Ukraine,Ukraine,,,6,RECORD-00589,1,,
L0196,Location,"Santa Cruz, California","Santa Cruz, California",,,5,RECORD-00589,1,,
L0197,Location,Melbourne,Melbourne,,,3,RECORD-00597,1,,
L0198,Location,Sydney,Sydney,,,3,RECORD-00597,1,,
L0199,Location,Gettysburg,Gettysburg,Location of Trump comments,None,5,,1,,
O0001,Organization,John Wiley and Sons,John Wiley and Sons,Publisher,,7,RECORD-00002,2,,
O0002,Organization,The New York Times,The New York Times,Newspaper,,8,RECORD-00002,190,,
O0003,Organization,PBS,PBS,Television Network,,4,RECORD-00002,16,,
O0004,Organization,Denver Post,Denver Post,Newspaper,,3,RECORD-00002,3,,
O0005,Organization,Daypop,Daypop,Blog-tracking tool,,5,RECORD-00002,3,,
O0006,Organization,Blogdex,Blogdex,Blog-tracking tool,,3,RECORD-00002,4,,
O0007,Organization,Technorati,Technorati,Blog-tracking tool,,3,RECORD-00002,8,,
O0008,Organization,The American Prospect,The American Prospect,Magazine,,5,RECORD-00002,6,,
O0009,Organization,Weblogs in Higher Education,Weblogs in Higher Education,Blog,,3,RECORD-00002,6,,
O0010,Organization,Online Journalism Review,Online Journalism Review,Publication,,4,RECORD-00002,12,,
O0011,Organization,About.com,About.com,Website,,6,RECORD-00002,7,,
O0012,Organization,Dow Jones,Dow Jones,Financial news company,,4,RECORD-00002,5,,
O0013,Organization,Marketplace,Marketplace,Financial news service,,4,RECORD-00002,4,,
O0014,Organization,Fox News,Fox News,News Outlet,,10,RECORD-00003,38,,
O0015,Organization,CNN,CNN,News Outlet,,8,RECORD-00003,68,,
O0016,Organization,Newsday,Newsday,News Outlet,,5,RECORD-00003,3,,
O0017,Organization,TV Newser,TV Newser,Media Blog,,5,RECORD-00003,3,,
O0018,Organization,The New York Observer,The New York Observer,News Outlet,,5,RECORD-00003,8,,
O0019,Organization,The East Bay Express,The East Bay Express,News Outlet,,4,RECORD-00003,1,,
O0020,Organization,National Review,National Review,Magazine,,4,RECORD-00003,6,,
O0021,Organization,New York Post,New York Post,Newspaper,,4,RECORD-00003,4,,
O0022,Organization,The Washington Times,The Washington Times,Newspaper,,4,RECORD-00003,1,,
O0023,Organization,The Washington Post,The Washington Post,Newspaper,,4,RECORD-00003,146,,
O0024,Organization,Associated Press,Associated Press,News Agency,,4,RECORD-00003,19,,
O0025,Organization,Editor & Publisher,Editor & Publisher,Trade Publication,,4,RECORD-00003,4,,
O0026,Organization,National Review Online,National Review Online,Publication,,7,RECORD-00004,3,,
O0027,Organization,National Security Agency,National Security Agency,Government Agency,,7,RECORD-00005,3,,
O0028,Organization,Los Angeles Times,Los Angeles Times,Newspaper,,4,RECORD-00005,53,,
O0029,Organization,Newsweek,Newsweek,Magazine,,4,RECORD-00005,12,,
O0030,Organization,Salon,Salon,Online Magazine,,4,RECORD-00005,21,,
O0031,Organization,NPR,NPR,Radio,,4,RECORD-00005,39,,
O0032,Organization,The New Yorker,The New Yorker,Magazine,,4,RECORD-00005,9,,
O0033,Organization,PressThink,PressThink,Blog,,8,RECORD-00056,251,,
O0034,Organization,The Huffington Post,The Huffington Post,News Website,,7,RECORD-00330,23,,
O0035,Organization,Romenesko,Romenesko,Media News Website,,8,RECORD-00151,4,,
O0036,Organization,Jezebel,Jezebel,Website,,6,,1,,
O0037,Organization,Obsidian Wings,Obsidian Wings,Blog,,6,,1,,
O0038,Organization,Slate,Slate,Website,,6,RECORD-00121,15,,
O0039,Organization,Daily Howler,Daily Howler,Blog,,6,RECORD-00433,1,,
O0040,Organization,Amazon,Amazon,Technology Company,,5,RECORD-00020,1,,
O0041,Organization,Truth Social,Truth Social,Social Network,,5,RECORD-00020,1,,
O0043,Organization,Wired,Wired,Publication,,4,RECORD-00020,5,,
O0044,Organization,Semafor,Semafor,News Organization,,3,RECORD-00020,1,,
O0045,Organization,Republican Party,Republican Party,Political Party,,8,RECORD-00021,16,,
O0046,Organization,Supreme Court,Supreme Court,Judicial Body,,7,RECORD-00021,1,,
O0047,Organization,Breitbart,Breitbart,News Website,,4,RECORD-00021,1,,
O0049,Organization,NYU,NYU,University,,3,RECORD-00022,71,,
O0050,Organization,The press,The press,Media institution,,8,RECORD-00023,7,,
O0051,Organization,The Atlantic,The Atlantic,Media outlet,,7,RECORD-00023,11,,
O0052,Organization,Democrats,Democrats,Political party,,6,RECORD-00023,1,,
O0053,Organization,Lincoln Project,Lincoln Project,Political organization,,6,RECORD-00023,1,,
O0054,Organization,News Organizations,News Organizations,Media,,8,RECORD-00024,1,,
O0055,Organization,ABC News,ABC News,News Organization,,6,RECORD-00024,32,,
O0056,Organization,Deerfield Academy,Deerfield Academy,Private School,,7,RECORD-00025,1,,
O0057,Organization,The Wall Street Journal,The Wall Street Journal,News Organization,,6,RECORD-00025,27,,
O0058,Organization,Politico,Politico,News Organization,,6,RECORD-00025,6,,
O0059,Organization,Democratic Party,Democratic Party,Political Party,,5,RECORD-00026,7,,
O0061,Organization,Craigslist,Craigslist,Online Classifieds,,3,RECORD-00027,5,,
O0062,Organization,Howard University,Howard University,University,,4,RECORD-00027,1,,
O0063,Organization,Center for Journalism & Democracy,Center for Journalism & Democracy,Academic Center,Howard University,5,RECORD-00027,1,,
O0064,Organization,Columbia University,Columbia University,University,,4,RECORD-00028,9,,
O0065,Organization,NBC,NBC,News Organization,,5,RECORD-00029,17,,
O0067,Organization,USA Today,USA Today,Newspaper,,5,RECORD-00029,19,,
O0068,Organization,Reuters,Reuters,News Organization,,5,RECORD-00029,7,,
O0069,Organization,Bloomberg,Bloomberg,News Organization,,5,RECORD-00029,1,,
O0070,Organization,Time magazine,Time magazine,Magazine,,5,RECORD-00029,10,,
O0071,Organization,MSNBC,MSNBC,News Organization,,6,RECORD-00029,23,,
O0072,Organization,The Ringer,The Ringer,Website,,5,RECORD-00029,1,,
O0073,Organization,Talking Points Memo,Talking Points Memo,Website,,6,RECORD-00029,12,,
O0074,Organization,San Jose Mercury News,San Jose Mercury News,News Outlet,,7,RECORD-00030,14,,
O0075,Organization,Twitter,Twitter,Social Media Platform,,8,RECORD-00030,4,,
O0076,Organization,Facebook,Facebook,Social Media Platform,,8,RECORD-00030,4,,
O0077,Organization,Brickhouse,Brickhouse,Media Organization,,7,RECORD-00031,1,,
O0078,Organization,The Objective,The Objective,News Outlet,,5,RECORD-00031,1,,
O0079,Organization,Flux,Flux,Media Organization,,5,RECORD-00031,1,,
O0080,Organization,American Press,American Press,Media,,8,RECORD-00031,6,,
O0081,Organization,Univision News,Univision News,News Organization,,7,RECORD-00032,1,,
O0082,Organization,CUNY J-School,CUNY J-School,Journalism School,,6,RECORD-00032,1,,
O0083,Organization,The Federalist,The Federalist,News Publication,,7,RECORD-00032,1,,
O0084,Organization,First Draft,First Draft,Non-profit,,6,RECORD-00034,5,,
O0085,Organization,Freedom of the Press Foundation,Freedom of the Press Foundation,Foundation,,5,RECORD-00034,1,,
O0086,Organization,George Washington University,George Washington University,University,,4,RECORD-00034,1,,
O0087,Organization,School of Media and Public Affairs at George Washington University,School of Media and Public Affairs at George Washington University,School,,4,RECORD-00034,1,,
O0088,Organization,OSI oh dear,OSI oh dear,,,5,RECORD-00034,1,,
O0089,Organization,Parliamentary Assembly of the Council of Europe,Parliamentary Assembly of the Council of Europe,International Organization,,5,RECORD-00034,1,,
O0090,Organization,University of Pennsylvania,University of Pennsylvania,University,,7,RECORD-00035,1,,
O0091,Organization,Buffalo Career Express,Buffalo Career Express,News Publication,,3,RECORD-00035,1,,
O0092,Organization,University of Illinois Chicago,University of Illinois Chicago,University,,6,RECORD-00035,1,,
O0093,Organization,UT Austin,UT Austin,University,,5,RECORD-00035,1,,
O0094,Organization,MIT Press,MIT Press,University Press,,5,RECORD-00035,1,,
O0095,Organization,BuzzFeed,BuzzFeed,News Website,,7,RECORD-00035,1,,
O0096,Organization,The Daily Beast,The Daily Beast,News Website,,7,RECORD-00035,2,,
O0097,Organization,NYC Media Lab,NYC Media Lab,Research Lab,,8,RECORD-00036,1,,
O0098,Organization,Knight Foundation,Knight Foundation,Foundation,,7,RECORD-00036,3,,
O0099,Organization,New York East Coast News bubble,New York East Coast News bubble,Media Ecosystem,,5,RECORD-00036,1,,
O0100,Organization,Newmark Philanthropies,Newmark Philanthropies,Philanthropic organization,,7,RECORD-00036,1,,
O0101,Organization,Aspen Digital,Aspen Digital,Think Tank,,7,RECORD-00036,1,,
O0102,Organization,NYU journalism program,NYU journalism program,University Department,,7,RECORD-00036,1,,
O0103,Organization,Congress,Congress,Legislative Body,,5,RECORD-00036,5,,
O0104,Organization,NSA,NSA,Government Agency,,7,RECORD-00037,1,,
O0105,Organization,Al-Qaeda,Al-Qaeda,Terrorist Organization,,7,RECORD-00037,1,,
O0106,Organization,CIA,CIA,Government Agency,,7,RECORD-00037,3,,
O0107,Organization,Pew Charitable Trusts,Pew Charitable Trusts,Foundation,,4,RECORD-00038,3,,
O0108,Organization,Kettering Foundation,Kettering Foundation,Foundation,,4,RECORD-00038,1,,
O0109,Organization,The Wichita Eagle,The Wichita Eagle,Newspaper,,5,RECORD-00038,2,,
O0110,Organization,Norfolk Virginian-Pilot,Norfolk Virginian-Pilot,Newspaper,,6,RECORD-00038,3,,
O0111,Organization,Republicans,Republicans,Political Party,,8,RECORD-00042,1,,
O0112,Organization,White House Correspondents' Association,White House Correspondents' Association,Journalism Association,,5,RECORD-00042,2,,
O0113,Organization,Media,Media,Industry,,9,RECORD-00044,2,,
O0114,Organization,Associated Press Managing Editors,Associated Press Managing Editors,Journalism Organization,,6,RECORD-00045,1,,
O0115,Organization,ProPublica,ProPublica,Nonprofit News Organization,,6,RECORD-00045,6,,
O0116,Organization,Yale University Press,Yale University Press,University Press,,5,RECORD-00045,2,,
O0118,Organization,Drudge Report,Drudge Report,News aggregator,,5,RECORD-00046,1,,
O0119,Organization,The Daily Caller,The Daily Caller,News and Opinion Website,,5,RECORD-00046,1,,
O0120,Organization,State Department,State Department,Government Body,,3,RECORD-00046,1,,
O0121,Organization,The Christian Science Monitor,The Christian Science Monitor,News Organization,,3,RECORD-00046,4,,
O0122,Organization,AT&T,AT&T,Telecommunications Company,,3,RECORD-00048,1,,
O0123,Organization,Vanity Fair,Vanity Fair,Magazine,,4,RECORD-00048,3,,
O0124,Organization,Black Lives Matter,Black Lives Matter,Social Movement,,5,RECORD-00048,1,,
O0125,Organization,QAnon,QAnon,Conspiracy Theory Group,,6,RECORD-00048,1,,
O0126,Organization,White House,White House,Government Institution,,5,RECORD-00048,21,,
O0127,Organization,WITF,WITF,Public Broadcaster,,8,RECORD-00049,1,,
O0128,Organization,The Cleveland Plain Dealer,The Cleveland Plain Dealer,Newspaper,,8,RECORD-00049,3,,
O0129,Organization,Votebeat.org,Votebeat.org,Non-profit Organization,,8,RECORD-00049,1,,
O0130,Organization,Peacock,Peacock,Streaming Network,NBC,5,RECORD-00049,1,,
O0132,Organization,Voice of San Diego,Voice of San Diego,Investigative Non-profit,,5,RECORD-00051,1,,
O0133,Organization,The Dispatch,The Dispatch,News Organization,,4,RECORD-00051,1,,
O0134,Organization,Trusting News,Trusting News,Research Project,,3,RECORD-00051,1,,
O0135,Organization,The Trust Project,The Trust Project,Initiative,,3,RECORD-00051,1,,
O0136,Organization,Courier Newsroom,Courier Newsroom,News Organization,,5,RECORD-00051,1,,
O0137,Organization,Axios,Axios,News Organization,,3,RECORD-00051,1,,
O0138,Organization,The Marshall Project,The Marshall Project,News Organization,,5,RECORD-00051,1,,
O0139,Organization,Charlotte Observer,Charlotte Observer,Newspaper,,8,RECORD-00052,5,,
O0140,Organization,Milwaukee Journal Sentinel,Milwaukee Journal Sentinel,Newspaper,,7,RECORD-00052,2,,
O0141,Organization,WUWM 89.7-FM,WUWM 89.7-FM,Radio Station,,6,RECORD-00052,1,,
O0142,Organization,Milwaukee PBS,Milwaukee PBS,Television Station,,6,RECORD-00052,1,,
O0144,Organization,"Democracy Desk, Washington Post","Democracy Desk, Washington Post",Desk within newspaper,,7,RECORD-00053,1,,
O0145,Organization,Chicago Tribune,Chicago Tribune,News organization,,9,RECORD-00054,10,,
O0146,Organization,Sun-Times,Sun-Times,News organization,,6,RECORD-00054,1,,
O0148,Organization,Arthur L. Carter Journalism Institute,Arthur L. Carter Journalism Institute,Academic Institute,,8,RECORD-00056,3,,
O0149,Organization,Disney,Disney,Media Conglomerate,,7,RECORD-00056,5,,
O0150,Organization,Capital Cities,Capital Cities,Media Company,,5,RECORD-00056,1,,
O0151,Organization,Kansas City Star,Kansas City Star,Newspaper,,8,RECORD-00056,6,,
O0152,Organization,Fort Worth Star,Fort Worth Star,Newspaper,,6,RECORD-00056,1,,
O0153,Organization,"Knight Ridder, Inc.","Knight Ridder, Inc.",Newspaper company,,5,RECORD-00056,3,,
O0154,Organization,TomPaine.com,TomPaine.com,Website,,5,RECORD-00056,3,,
O0155,Organization,Breitbart News,Breitbart News,News outlet,,7,RECORD-00057,1,,
O0156,Organization,Pew Research Center,Pew Research Center,Research organization,,6,RECORD-00057,1,,
O0157,Organization,Gallup,Gallup,Polling Organization,,5,RECORD-00057,1,,
O0158,Organization,The Guardian,The Guardian,Newspaper,,5,RECORD-00057,15,,
O0159,Organization,Mother Jones,Mother Jones,Magazine,,5,RECORD-00057,4,,
O0160,Organization,Freedom Caucus,Freedom Caucus,Political Group,,4,RECORD-00058,1,,
O0161,Organization,Boston Globe,Boston Globe,News Organization,,6,RECORD-00058,12,,
O0162,Organization,Texas Tribune,Texas Tribune,News Organization,,6,RECORD-00058,2,,
O0163,Organization,Groundsource,Groundsource,Journalism Startup,,5,RECORD-00058,1,,
O0164,Organization,Membership Puzzle Project,Membership Puzzle Project,Research Project,,9,RECORD-00059,2,,
O0165,Organization,The Financial Times,The Financial Times,News Organization,,5,RECORD-00059,5,,
O0166,Organization,The Ken,The Ken,News Organization,,7,RECORD-00059,1,,
O0167,Organization,The Athletic,The Athletic,News Organization,,5,RECORD-00059,1,,
O0168,Organization,Stratechery,Stratechery,Publication,,6,RECORD-00059,1,,
O0169,Organization,Shorenstein Center,Shorenstein Center,Research Center,,5,RECORD-00059,1,,
O0170,Organization,Room 444,Room 444,News Organization,,6,RECORD-00059,1,,
O0171,Organization,La Silla Vacia,La Silla Vacia,News Organization,,5,RECORD-00059,1,,
O0172,Organization,Krautreporter,Krautreporter,News Organization,,5,RECORD-00059,1,,
O0173,Organization,De Correspondent,De Correspondent,News Organization,,5,RECORD-00059,1,,
O0174,Organization,The Tyee,The Tyee,News Organization,,5,RECORD-00059,1,,
O0175,Organization,The News Minute,The News Minute,News Organization,,5,RECORD-00059,1,,
O0176,Organization,The Seattle Times,The Seattle Times,News Organization,,5,RECORD-00059,5,,
O0177,Organization,Malaysiakini,Malaysiakini,News Organization,,5,RECORD-00059,1,,
O0178,Organization,Guardian US,Guardian US,News Outlet,,9,RECORD-00060,2,,
O0179,Organization,Studio 20,Studio 20,Journalism Program,New York University,7,RECORD-00060,3,,
O0180,Organization,Digital First Media,Digital First Media,Media Company,,6,RECORD-00060,3,,
O0181,Organization,Media News,Media News,Media Company,Digital First Media,5,RECORD-00060,1,,
O0182,Organization,Journal Register,Journal Register,Media Company,Digital First Media,5,RECORD-00060,1,,
O0183,Organization,ProPublica.org,ProPublica.org,News Organization,,4,RECORD-00060,2,,
O0184,Organization,National Academy of Science,National Academy of Science,Scientific Organization,,5,RECORD-00061,1,,
O0185,Organization,NYU's Studio 20,NYU's Studio 20,Academic Institution,,8,RECORD-00061,1,,
O0186,Organization,Grist.org,Grist.org,Environmental Site,,6,RECORD-00062,1,,
O0187,Organization,American Enterprise Institute,American Enterprise Institute,Think Tank,,5,RECORD-00062,1,,
O0188,Organization,Commission on Public Debates,Commission on Public Debates,Debate Organizer,,9,RECORD-00063,1,,
O0189,Organization,Johns Hopkins University,Johns Hopkins University,University,,10,RECORD-00064,1,,
O0190,Organization,Applied Physics Laboratory,Applied Physics Laboratory,Research Institute,,7,RECORD-00064,1,,
O0191,Organization,Department of Defense,Department of Defense,Government Agency,,6,RECORD-00064,1,,
O0192,Organization,Google,Google,Technology Company,,6,RECORD-00064,5,,
O0193,Organization,Daily Commercial,Daily Commercial,Newspaper,,9,RECORD-00065,1,,
O0194,Organization,LA Times,LA Times,Newspaper,,6,RECORD-00065,4,,
O0195,Organization,American newsrooms,American newsrooms,Media Organization,,7,RECORD-00066,2,,
O0196,Organization,Tabloid Television,Tabloid Television,News Media,,6,RECORD-00067,1,,
O0197,Organization,BBC,BBC,Broadcasting Corporation,,5,RECORD-00070,3,,
O0198,Organization,National Association of Theater Owners,National Association of Theater Owners,Trade association,,3,RECORD-00070,1,,
O0199,Organization,National Football League,National Football League,Sports league,,3,RECORD-00070,1,,
O0200,Organization,Taxi and Limousine Commission,Taxi and Limousine Commission,Government Body,,3,RECORD-00071,1,,
O0201,Organization,World Bank,World Bank,International Organization,,3,RECORD-00071,1,,
O0202,Organization,Harvard Business Review,Harvard Business Review,Publication,,3,RECORD-00071,1,,
O0203,Organization,Post Media,Post Media,Newspaper Company,,5,RECORD-00072,1,,
O0204,Organization,Gazette Company,Gazette Company,Media Company,,5,RECORD-00072,1,,
O0205,Organization,First Look Media,First Look Media,Media Start-up,,7,RECORD-00072,3,,
O0206,Organization,The Project on Public Life and the Press,The Project on Public Life and the Press,Research Project,,6,RECORD-00073,1,,
O0207,Organization,Reporters Without Borders,Reporters Without Borders,Non-profit organization,,3,RECORD-00073,1,,
O0208,Organization,Buffalo Courier Express,Buffalo Courier Express,Newspaper,,4,RECORD-00073,1,,
O0209,Organization,Knight Ridder,Knight Ridder,Newspaper company,,5,RECORD-00073,3,,
O0210,Organization,McClatchy,McClatchy,Newspaper company,,4,RECORD-00073,3,,
O0211,Organization,University of Pennsylvania's Wharton School,University of Pennsylvania's Wharton School,Business School,,3,RECORD-00073,1,,
O0212,Organization,NYU Arthur L. Carter Journalism Institute,NYU Arthur L. Carter Journalism Institute,Journalism School,,7,RECORD-00074,1,,
O0213,Organization,The Economist,The Economist,Magazine,,6,RECORD-00074,3,,
O0214,Organization,New York Daily News,New York Daily News,News Organization,,5,RECORD-00074,8,,
O0215,Organization,NYU Local,NYU Local,Blog,,5,RECORD-00074,1,,
O0216,Organization,New York University Journalism School,New York University Journalism School,University Department,,6,RECORD-00075,1,,
O0217,Organization,Internet,Internet,Technology Network,,8,RECORD-00075,2,,
O0218,Organization,Apple,Apple,Technology Company,,4,RECORD-00075,1,,
O0219,Organization,Foxconn,Foxconn,Manufacturing Plant,,4,RECORD-00075,1,,
O0220,Organization,NPR News,NPR News,News Organization,,7,RECORD-00077,1,,
O0221,Organization,NBC News,NBC News,News Organization,,6,RECORD-00077,2,,
O0222,Organization,eBay,eBay,Company,,7,RECORD-00079,1,,
O0223,Organization,Guardian Media Group,Guardian Media Group,Media Conglomerate,,6,RECORD-00079,3,,
O0224,Organization,Bloomberg News,Bloomberg News,News Organization,,6,RECORD-00079,3,,
O0225,Organization,The Nation,The Nation,Magazine,,4,RECORD-00079,5,,
O0226,Organization,WNYC,WNYC,Radio station,,5,RECORD-00081,3,,
O0227,Organization,UNESCO,UNESCO,International Organization,,4,RECORD-00082,1,,
O0228,Organization,University of Wollongong,University of Wollongong,University,,3,RECORD-00082,1,,
O0229,Organization,Committee to Protect Journalists,Committee to Protect Journalists,Non-profit organization,,4,RECORD-00082,3,,
O0230,Organization,Rappler,Rappler,News Organization,,4,RECORD-00082,1,,
O0231,Organization,New York Univ.,New York Univ.,University,,3,RECORD-00082,1,,
O0232,Organization,Peabody Awards,Peabody Awards,Awards Organization,,8,RECORD-00083,1,,
O0233,Organization,Grady College of Journalism and Mass Communication at the University of Georgia,Grady College of Journalism and Mass Communication at the University of Georgia,University Department,,6,RECORD-00083,1,,
O0234,Organization,Hearst Texas Newspapers,Hearst Texas Newspapers,Newspaper Group,,5,RECORD-00083,1,,
O0235,Organization,Houston Chronicle,Houston Chronicle,Newspaper,,5,RECORD-00083,4,,
O0236,Organization,Univision Communications Inc.,Univision Communications Inc.,Media Company,,6,RECORD-00083,2,,
O0237,Organization,ViacomCBS Domestic Media Networks,ViacomCBS Domestic Media Networks,Media Company,,6,RECORD-00083,2,,
O0238,Organization,Comedy Central,Comedy Central,TV Channel,,5,RECORD-00083,1,,
O0239,Organization,Paramount Network,Paramount Network,TV Channel,,5,RECORD-00083,1,,
O0240,Organization,Smithsonian Channel,Smithsonian Channel,TV Channel,,5,RECORD-00083,1,,
O0241,Organization,TV Land,TV Land,TV Channel,,5,RECORD-00083,1,,
O0242,Organization,MTV,MTV,TV Channel,,5,RECORD-00083,2,,
O0243,Organization,VH1,VH1,TV Channel,,5,RECORD-00083,1,,
O0244,Organization,CMT,CMT,TV Channel,,5,RECORD-00083,1,,
O0245,Organization,Logo Media,Logo Media,Media Company,,5,RECORD-00083,1,,
O0246,Organization,Hearst Television,Hearst Television,TV Company,,6,RECORD-00083,2,,
O0247,Organization,HBO,HBO,TV Network,,5,RECORD-00083,1,,
O0248,Organization,The PBS NewsHour,The PBS NewsHour,TV Program,,5,RECORD-00083,3,,
O0249,Organization,ESPN,ESPN,Sports Network,,6,RECORD-00083,4,,
O0250,Organization,Creative Artists Agency,Creative Artists Agency,Talent Agency,,6,RECORD-00083,1,,
O0251,Organization,Monument Policy Group,Monument Policy Group,Lobbying Firm,,4,RECORD-00084,1,,
O0252,Organization,Soledad O’Brien Productions,Soledad O’Brien Productions,Production Company,,5,RECORD-00084,1,,
O0253,Organization,WebMD,WebMD,Healthcare Information Website,,4,RECORD-00084,1,,
O0254,Organization,Creative Artists Agency (CAA),Creative Artists Agency (CAA),Talent Agency,,6,RECORD-00084,1,,
O0255,Organization,Time Inc.,Time Inc.,Media Company,,4,RECORD-00084,1,,
O0256,Organization,MIT Communications Forum,MIT Communications Forum,Academic Forum,,8,RECORD-00085,1,,
O0257,Organization,Knight Science Journalism Fellowship Program,Knight Science Journalism Fellowship Program,Fellowship Program,,7,RECORD-00085,1,,
O0258,Organization,MIT,MIT,University,,8,RECORD-00085,1,,
O0259,Organization,MIT Media Lab,MIT Media Lab,Research Lab,,7,RECORD-00085,2,,
O0260,Organization,American Society of Newspaper Editors,American Society of Newspaper Editors,Professional association,,6,RECORD-00085,4,,
O0261,Organization,Times Mirror company,Times Mirror company,Media Conglomerate,,6,RECORD-00086,1,,
O0262,Organization,Norfolk Virginian Pilot,Norfolk Virginian Pilot,Newspaper,,7,RECORD-00086,1,,
O0263,Organization,Landmark Communications,Landmark Communications,Media Company,,5,RECORD-00086,5,,
O0264,Organization,Harvard University,Harvard University,University,,4,RECORD-00086,1,,
O0265,Organization,Pew Center for Civic Journalism,Pew Center for Civic Journalism,Organization,,5,RECORD-00086,1,,
O0266,Organization,Poynter Institute for Media Studies,Poynter Institute for Media Studies,Organization,,5,RECORD-00086,1,,
O0267,Organization,Star Tribune,Star Tribune,Newspaper,,5,RECORD-00086,1,,
O0268,Organization,Society of Professional Journalists,Society of Professional Journalists,Professional Organization,,5,RECORD-00087,4,,
O0269,Organization,Center for Responsive Politics,Center for Responsive Politics,Non-profit Organization,,3,RECORD-00087,1,,
O0270,Organization,FactCheck,FactCheck,Fact-checking website,,3,RECORD-00087,1,,
O0271,Organization,Fact Checker,Fact Checker,Fact-checking blog,,3,RECORD-00087,1,,
O0272,Organization,PolitiFact,PolitiFact,Fact-checking website,,3,RECORD-00087,1,,
O0273,Organization,Snopes,Snopes,Fact-checking website,,3,RECORD-00087,1,,
O0274,Organization,Georgia Humanities,Georgia Humanities,Humanities Council,,4,RECORD-00087,1,,
O0275,Organization,ATLANTA PRESS CLUB,ATLANTA PRESS CLUB,Press Club,,3,RECORD-00087,1,,
O0276,Organization,THE ANDREW W MELLON FOUNDATION,THE ANDREW W MELLON FOUNDATION,Foundation,,3,RECORD-00087,1,,
O0277,Organization,Grady College of Journalism and Mass Communication,Grady College of Journalism and Mass Communication,Journalism School,,3,RECORD-00087,1,,
O0278,Organization,UNIVERSITY OF GEORGIA,UNIVERSITY OF GEORGIA,University,,3,RECORD-00087,1,,
O0279,Organization,Meet the Press,Meet the Press,News Program,,8,RECORD-00088,3,,
O0280,Organization,NASA,NASA,Government Agency,,7,RECORD-00089,2,,
O0281,Organization,Politifact.com,Politifact.com,Fact-Checking Website,,6,RECORD-00089,2,,
O0282,Organization,Dominion,Dominion,Voting Systems Company,,4,RECORD-00090,1,,
O0283,Organization,Recode Media,Recode Media,Podcast,,5,RECORD-00091,1,,
O0284,Organization,Apple Podcasts,Apple Podcasts,Podcast Platform,,3,RECORD-00091,1,,
O0285,Organization,Spotify,Spotify,Podcast Platform,,3,RECORD-00091,1,,
O0286,Organization,Google Podcasts,Google Podcasts,Podcast Platform,,3,RECORD-00091,1,,
O0287,Organization,Pocket Casts,Pocket Casts,Podcast Platform,,3,RECORD-00091,1,,
O0288,Organization,Overcast,Overcast,Podcast Platform,,3,RECORD-00091,1,,
O0289,Organization,Bosch Foundation,Bosch Foundation,Foundation,,2,RECORD-00091,1,,
O0290,Organization,NewCo,NewCo,News Organization,,9,RECORD-00092,1,,
O0291,Organization,The Bulwark,The Bulwark,News Website,,5,RECORD-00094,2,,
O0292,Organization,World Trade Center,World Trade Center,Building Complex,,7,RECORD-00095,1,,
O0293,Organization,Washington Square News,Washington Square News,Student Newspaper,,6,RECORD-00095,1,,
O0294,Organization,Federal Emergency Management Agency,Federal Emergency Management Agency,Government Agency,,6,RECORD-00095,2,,
O0295,Organization,Stern School of Business,Stern School of Business,Business School,,6,RECORD-00095,1,,
O0296,Organization,Michigan Board of State Canvassers,Michigan Board of State Canvassers,Government Body,,6,RECORD-00096,1,,
O0297,Organization,Univision,Univision,News Outlet,,6,RECORD-00097,1,,
O0298,Organization,Fusion,Fusion,News Outlet,,5,RECORD-00097,1,,
O0299,Organization,Vox,Vox,News Outlet,,6,RECORD-00097,1,,
O0300,Organization,New York Magazine,New York Magazine,Magazine,,5,RECORD-00097,4,,
O0301,Organization,The New York Review of Books,The New York Review of Books,Publication,,5,RECORD-00098,3,,
O0302,Organization,GOP,GOP,Political Party,,9,RECORD-00098,1,,
O0303,Organization,Catholic Church,Catholic Church,Religious Institution,,6,RECORD-00103,1,,
O0304,Organization,Poynter,Poynter,Journalism Education Organization,,5,RECORD-00103,7,,
O0305,Organization,The Correspondent,The Correspondent,News Organization,,10,RECORD-00104,3,,
O0306,Organization,decorrespondent.nl,decorrespondent.nl,News Organization,,8,RECORD-00104,1,,
O0307,Organization,London Times,London Times,News Organization,,5,RECORD-00104,1,,
O0308,Organization,Nieman Lab,Nieman Lab,Journalism Think Tank,,5,RECORD-00104,1,,
O0309,Organization,Poynter Institute,Poynter Institute,Non-profit School for Journalists,,4,RECORD-00106,11,,
O0310,Organization,Times Publishing Company,Times Publishing Company,Publishing Company,,4,RECORD-00106,1,,
O0311,Organization,Scott Trust,Scott Trust,Trust,,4,RECORD-00106,2,,
O0312,Organization,The Atavist,The Atavist,Publishing Company,,4,RECORD-00106,1,,
O0313,Organization,Fort Worth Star-Telegram,Fort Worth Star-Telegram,Newspaper,,5,,2,,
O0314,Organization,CBS Radio,CBS Radio,News Organization,,4,RECORD-00109,1,,
O0315,Organization,ABC/Good Morning America,ABC/Good Morning America,News Organization,,4,RECORD-00109,1,,
O0316,Organization,Philadelphia Daily News,Philadelphia Daily News,Newspaper,,4,RECORD-00109,2,,
O0317,Organization,Business Week,Business Week,Magazine,,5,RECORD-00110,5,,
O0318,Organization,International Herald Tribune,International Herald Tribune,Newspaper,,4,RECORD-00110,1,,
O0319,Organization,National Post,National Post,Newspaper,,3,RECORD-00111,1,,
O0320,Organization,St. Louis Post-Dispatch,St. Louis Post-Dispatch,Newspaper,,3,RECORD-00111,3,,
O0321,Organization,Columbus (GA) Ledger-Enquirer,Columbus (GA) Ledger-Enquirer,Newspaper,,3,RECORD-00111,1,,
O0322,Organization,Enron,Enron,Corporation,,4,RECORD-00111,1,,
O0323,Organization,WKBW,WKBW,Television Station,,6,RECORD-00112,1,,
O0324,Organization,City Paper,City Paper,Newspaper,,8,RECORD-00112,1,,
O0325,Organization,The Buffalo News,The Buffalo News,Newspaper,,7,RECORD-00112,1,,
O0326,Organization,Secret Service,Secret Service,Government Agency,,8,RECORD-00112,1,,
O0327,Organization,Louisville Courier Journal,Louisville Courier Journal,News Outlet,,4,RECORD-00113,1,,
O0328,Organization,Des Moines Register,Des Moines Register,News Outlet,,3,RECORD-00113,2,,
O0329,Organization,Sacramento Bee,Sacramento Bee,Newspaper,,7,RECORD-00114,14,,
O0330,Organization,California Broadcasters Association,California Broadcasters Association,Broadcasting Organization,,8,RECORD-00114,2,,
O0331,Organization,Japan Media Review,Japan Media Review,Online Publication,,5,RECORD-00115,2,,
O0332,Organization,USC,USC,University,,4,RECORD-00115,3,,
O0333,Organization,The Everett Herald,The Everett Herald,News Organization,,5,RECORD-00115,1,,
O0334,Organization,Slashdot.org,Slashdot.org,Website/Blog,,4,RECORD-00115,1,,
O0335,Organization,Justice Department,Justice Department,Government body,,9,RECORD-00116,5,,
O0336,Organization,Television,Television,Media Outlet,,7,RECORD-00116,2,,
O0337,Organization,Newspapers,Newspapers,Media Outlet,,8,RECORD-00116,2,,
O0338,Organization,United States Department of Justice,United States Department of Justice,Government body,,8,RECORD-00117,2,,
O0339,Organization,Crooked Timber,Crooked Timber,Group Blog,,6,RECORD-00119,1,,
O0340,Organization,Washington City Paper,Washington City Paper,Alternative Weekly,,7,RECORD-00121,2,,
O0341,Organization,Microsoft,Microsoft,Technology Corporation,,6,RECORD-00121,1,,
O0342,Organization,Shell,Shell,Corporation,,3,RECORD-00122,1,,
O0343,Organization,Sierra Club,Sierra Club,Environmental Organization,,3,RECORD-00122,1,,
O0344,Organization,Entertainment Weekly,Entertainment Weekly,Magazine,,3,RECORD-00123,2,,
O0345,Organization,NY Daily News,NY Daily News,Newspaper,,3,RECORD-00123,3,,
O0346,Organization,DV Dojo,DV Dojo,Education Company,,5,RECORD-00123,1,,
O0347,Organization,J-schools of America,J-schools of America,Journalism Schools,,6,RECORD-00123,1,,
O0348,Organization,CJR,CJR,Journalism Review,,4,RECORD-00123,5,,
O0350,Organization,Channels,Channels,Magazine,,5,RECORD-00124,2,,
O0351,Organization,Court TV,Court TV,Television Network,,5,RECORD-00124,2,,
O0352,Organization,RealNetworks,RealNetworks,Technology Company,,5,RECORD-00124,1,,
O0353,Organization,U.S. Department of Justice,U.S. Department of Justice,Government Agency,,5,RECORD-00125,1,,
O0354,Organization,Larry King Live,Larry King Live,Television Show,,2,RECORD-00125,1,,
O0355,Organization,NYFD,NYFD,Fire Department,,3,RECORD-00126,1,,
O0356,Organization,Department of Design and Construction,Department of Design and Construction,City Agency,,5,RECORD-00126,1,,
O0357,Organization,Cyberjournalist.net,Cyberjournalist.net,Website,,4,RECORD-00127,1,,
O0358,Organization,Columbia Journalism Review,Columbia Journalism Review,Journalism Review,,3,RECORD-00130,15,,
O0359,Organization,Clinton White House,Clinton White House,Government,,2,RECORD-00130,1,,
O0360,Organization,Cleveland Press,Cleveland Press,News Organization,,3,RECORD-00130,2,,
O0361,Organization,Pentagon,Pentagon,Government,,2,RECORD-00130,1,,
O0362,Organization,Johns Hopkins,Johns Hopkins,University,,4,RECORD-00131,1,,
O0363,Organization,Greensboro (NC) News & Record,Greensboro (NC) News & Record,News Organization,,3,RECORD-00132,2,,
O0364,Organization,Ziff Davis’s Baseline magazine,Ziff Davis’s Baseline magazine,Magazine,,4,RECORD-00132,1,,
O0365,Organization,Times-Picayune,Times-Picayune,News Outlet,,5,RECORD-00133,4,,
O0366,Organization,Harvard University Press,Harvard University Press,Publisher,,3,RECORD-00133,1,,
O0367,Organization,NYU Journalism,NYU Journalism,Educational Institution,,3,RECORD-00133,2,,
O0368,Organization,Twentieth Century Fox,Twentieth Century Fox,Hollywood Studio,,3,RECORD-00134,1,,
O0369,Organization,C-SPAN,C-SPAN,Television Network,,5,RECORD-00135,1,,
O0370,Organization,Miami Herald,Miami Herald,Newspaper,,4,RECORD-00135,4,,
O0371,Organization,Crossfire,Crossfire,Television Show,,5,RECORD-00135,4,,
O0372,Organization,Larry King Show,Larry King Show,Television Show,,4,RECORD-00135,1,,
O0373,Organization,Front Line Voices,Front Line Voices,Website,,10,RECORD-00136,2,,
O0375,Organization,Philadelphia Inquirer,Philadelphia Inquirer,News Organization,,3,RECORD-00138,7,,
O0376,Organization,Premiere magazine,Premiere magazine,Magazine,,3,RECORD-00139,1,,
O0377,Organization,Teacher's College,Teacher's College,School,,3,RECORD-00140,1,,
O0378,Organization,Democratic National Committee,Democratic National Committee,Political Organization,,3,RECORD-00141,1,,
O0379,Organization,Newspaper,Newspaper,News Outlet,,5,RECORD-00142,1,,
O0380,Organization,Broadcast,Broadcast,News Outlet,,5,RECORD-00142,1,,
O0381,Organization,Berkman Center for the Internet and Society,Berkman Center for the Internet and Society,Research Institution,,5,RECORD-00145,2,,
O0382,Organization,Harvard Law School,Harvard Law School,Educational Institution,,4,RECORD-00145,2,,
O0384,Organization,Instapundit,Instapundit,Blog,,3,RECORD-00145,7,,
O0385,Organization,Spokane Spokesman Review,Spokane Spokesman Review,News Organization,,4,RECORD-00145,1,,
O0386,Organization,Dallas Morning News,Dallas Morning News,News Organization,,5,RECORD-00145,7,,
O0387,Organization,University Press of Florida,University Press of Florida,Publisher,,3,RECORD-00147,1,,
O0388,Organization,Greensboro News & Record,Greensboro News & Record,News outlet,,4,RECORD-00147,8,,
O0389,Organization,The News & Observer,The News & Observer,News outlet,,4,RECORD-00147,2,,
O0390,Organization,The Chapel Hill News,The Chapel Hill News,News outlet,,4,RECORD-00147,1,,
O0391,Organization,University of Missouri,University of Missouri,University,,4,RECORD-00147,1,,
O0392,Organization,WBEZ,WBEZ,Radio station,,3,RECORD-00147,1,,
O0393,Organization,Winston-Salem Journal,Winston-Salem Journal,News outlet,,3,RECORD-00147,1,,
O0394,Organization,The New Republic,The New Republic,Magazine,,7,RECORD-00150,14,,
O0395,Organization,Miramax,Miramax,Film Studio,,5,RECORD-00150,1,,
O0396,Organization,Anti-Defamation League,Anti-Defamation League,Organization,,5,RECORD-00150,1,,
O0398,Organization,ZNet,ZNet,Media organization,,6,RECORD-00152,2,,
O0399,Organization,The NewStandard,The NewStandard,Progressive news media project,,7,RECORD-00152,2,,
O0400,Organization,The Progressive,The Progressive,Magazine,,5,RECORD-00152,1,,
O0401,Organization,Media Research Center,Media Research Center,Research Organization,,5,RECORD-00152,10,,
O0402,Organization,Cape Cod Times,Cape Cod Times,News Organization,,4,RECORD-00153,1,,
O0403,Organization,Fox,Fox,News Organization,,5,RECORD-00154,7,,
O0404,Organization,FAIR,FAIR,Media Watchdog Group,,7,RECORD-00155,3,,
O0405,Organization,Pittsburgh Tribune-Review,Pittsburgh Tribune-Review,News outlet,,3,RECORD-00156,2,,
O0406,Organization,Fox TV,Fox TV,TV Network,,3,RECORD-00158,2,,
O0407,Organization,Project for Excellence in Journalism,Project for Excellence in Journalism,Research Organization,,6,RECORD-00159,3,,
O0408,Organization,Council on Foreign Relations,Council on Foreign Relations,Think Tank,,5,RECORD-00159,1,,
O0409,Organization,Harpers magazine,Harpers magazine,Magazine,,5,RECORD-00159,1,,
O0410,Organization,Baseline Magazine,Baseline Magazine,Magazine,,4,RECORD-00160,5,,
O0411,Organization,St. Pete Times,St. Pete Times,News Organization,,5,RECORD-00161,1,,
O0412,Organization,Newsroom,Newsroom,Media Workplace,,6,RECORD-00161,1,,
O0414,Organization,PC Magazine,PC Magazine,Magazine,,5,RECORD-00163,1,,
O0415,Organization,Washington establishment,Washington establishment,Political Group,,7,RECORD-00164,1,,
O0416,Organization,Washington press corps,Washington press corps,Media Group,,7,RECORD-00164,2,,
O0417,Organization,UC Berkeley,UC Berkeley,University,,2,RECORD-00164,1,,
O0418,Organization,Hampshire College,Hampshire College,College,,7,RECORD-00165,1,,
O0419,Organization,CBS News,CBS News,News Organization,,9,RECORD-00169,55,,
O0420,Organization,Star-Tribune,Star-Tribune,Newspaper,,7,RECORD-00169,5,,
O0421,Organization,Times of London,Times of London,Newspaper,,6,RECORD-00169,2,,
O0422,Organization,St. Paul Pioneer Press,St. Paul Pioneer Press,Newspaper,,6,RECORD-00169,2,,
O0423,Organization,World Economic Forum,World Economic Forum,International Organization,,7,RECORD-00170,2,,
O0424,Organization,Forumblog.org - The World Economic Forum Weblog,Forumblog.org - The World Economic Forum Weblog,Weblog,,5,RECORD-00170,1,,
O0425,Organization,US News,US News,News Organization,,4,RECORD-00170,3,,
O0426,Organization,CJR Daily,CJR Daily,Journalism Review,,6,RECORD-00170,6,,
O0427,Organization,Vodka Pundit,Vodka Pundit,Blog,,5,RECORD-00170,1,,
O0428,Organization,Harvard's Kennedy School,Harvard's Kennedy School,University Department,,3,RECORD-00170,1,,
O0429,Organization,Romenesko's Letters,Romenesko's Letters,Website,,3,RECORD-00170,1,,
O0430,Organization,Six Apart,Six Apart,Software Company,,4,RECORD-00173,2,,
O0431,Organization,Contentious,Contentious,Blog,,5,RECORD-00173,1,,
O0432,Organization,windsofchange.net,windsofchange.net,Blog,,4,RECORD-00173,1,,
O0433,Organization,Wonkette,Wonkette,Blog,,3,RECORD-00173,2,,
O0434,Organization,Burningbird,Burningbird,Blog,,4,RECORD-00173,1,,
O0435,Organization,Sixty Minutes,Sixty Minutes,TV Program,,6,RECORD-00174,5,,
O0436,Organization,The Weekly Standard,The Weekly Standard,News Outlet,,6,RECORD-00175,3,,
O0437,Organization,Bush White House,Bush White House,Government Body,,7,RECORD-00175,4,,
O0438,Organization,MediaChannel.org,MediaChannel.org,Media Website,,4,RECORD-00176,2,,
O0439,Organization,Senate,Senate,Legislative Body,,3,RECORD-00176,1,,
O0440,Organization,Nieman Watchdog,Nieman Watchdog,Journalism Criticism Site,,4,RECORD-00178,3,,
O0441,Organization,On The Media,On The Media,Media Analysis Program,,3,RECORD-00178,1,,
O0442,Organization,CBSNews.com,CBSNews.com,Online News Site,,8,RECORD-00179,2,,
O0443,Organization,Public Eye,Public Eye,Blog,CBS News,9,RECORD-00179,2,,
O0444,Organization,Reason magazine,Reason magazine,Magazine,,4,RECORD-00179,1,,
O0445,Organization,Daily Pundit,Daily Pundit,Blog,,4,RECORD-00179,1,,
O0446,Organization,TechPresident,TechPresident,Website,,3,RECORD-00180,1,,
O0447,Organization,OffTheBus,OffTheBus,Citizen Journalism Project,,8,RECORD-00180,10,,
O0448,Organization,Bush Administration,Bush Administration,Government Administration,,10,RECORD-00181,4,,
O0449,Organization,Government Accounting Office,Government Accounting Office,Government Agency,,7,RECORD-00181,1,,
O0450,Organization,Public Relations Society of America,Public Relations Society of America,Professional Organization,,5,RECORD-00181,1,,
O0451,Organization,News & Record,News & Record,Newspaper,,10,RECORD-00184,5,,
O0452,Organization,Greensboro101,Greensboro101,Aggregator and Forum Site,,7,RECORD-00184,2,,
O0453,Organization,Democraticunderground.com,Democraticunderground.com,Online Forum,,4,RECORD-00184,1,,
O0454,Organization,CUNY,CUNY,University,,5,RECORD-00185,1,,
O0455,Organization,Buzzmachine,Buzzmachine,Blog,,4,RECORD-00185,13,,
O0456,Organization,NewAssignment.Net,NewAssignment.Net,Website,,8,RECORD-00185,25,,
O0457,Organization,TMP Muckraker,TMP Muckraker,Website,,5,RECORD-00185,1,,
O0458,Organization,Ottawa press gallery,Ottawa press gallery,Press organization,,9,RECORD-00186,1,,
O0459,Organization,Conservative Party,Conservative Party,Political Party,,7,RECORD-00186,1,,
O0460,Organization,Liberal Party,Liberal Party,Political Party,,5,RECORD-00186,1,,
O0461,Organization,CBC,CBC,Broadcasting corporation,,6,RECORD-00186,1,,
O0462,Organization,The Globe and Mail,The Globe and Mail,Newspaper,,5,RECORD-00186,1,,
O0463,Organization,The Western Standard,The Western Standard,Newsmagazine,,7,RECORD-00186,1,,
O0464,Organization,CanWest Global,CanWest Global,Media Chain,,5,RECORD-00186,1,,
O0465,Organization,National Journal,National Journal,News Publication,,7,RECORD-00187,7,,
O0466,Organization,Atlantic Media Company,Atlantic Media Company,Media Company,,4,RECORD-00187,1,,
O0467,Organization,Knight-Ridder Washington bureau,Knight-Ridder Washington bureau,News Bureau,,4,RECORD-00187,1,,
O0468,Organization,Talon News,Talon News,News outlet (fake),,6,RECORD-00189,1,,
O0469,Organization,Media Matters,Media Matters,Media watchdog,,6,RECORD-00189,1,,
O0470,Organization,Ketchum,Ketchum,Public Relations Firm,,6,RECORD-00189,4,,
O0471,Organization,Public Journalism Network,Public Journalism Network,Organization,,5,RECORD-00190,2,,
O0472,Organization,Australian Press Council,Australian Press Council,Press Council,,4,RECORD-00190,1,,
O0473,Organization,The Australian,The Australian,Newspaper,,4,RECORD-00190,1,,
O0474,Organization,Australian Broadcasting Corporation,Australian Broadcasting Corporation,Broadcasting Corporation,,4,RECORD-00190,1,,
O0475,Organization,Freedom House,Freedom House,Organization,,5,RECORD-00190,1,,
O0476,Organization,Washingtonpost.com,Washingtonpost.com,Online publication,,4,RECORD-00191,4,,
O0477,Organization,American Public Media,American Public Media,Radio network,,4,RECORD-00191,2,,
O0478,Organization,Digg.com,Digg.com,Social news aggregator,,4,RECORD-00191,1,,
O0479,Organization,"Teachers College, Columbia University","Teachers College, Columbia University",University,,3,RECORD-00191,1,,
O0480,Organization,Wired magazine,Wired magazine,Magazine,,5,RECORD-00192,2,,
O0481,Organization,Frontline,Frontline,TV Program,,7,RECORD-00192,2,,
O0482,Organization,Unity: Journalists of Color,Unity: Journalists of Color,Journalism Organization,,10,RECORD-00194,1,,
O0483,Organization,National Association of Black Journalists,National Association of Black Journalists,Journalism Association,,5,RECORD-00194,3,,
O0484,Organization,National Association of Hispanic Journalists,National Association of Hispanic Journalists,Journalism Association,,5,RECORD-00194,2,,
O0485,Organization,Native American Journalists Association,Native American Journalists Association,Journalism Association,,5,RECORD-00194,1,,
O0486,Organization,Asian American Journalists Association,Asian American Journalists Association,Journalism Association,,5,RECORD-00194,1,,
O0487,Organization,Sun-Sentinel,Sun-Sentinel,Newspaper,,4,RECORD-00194,1,,
O0488,Organization,Stanford Law School,Stanford Law School,Educational Institution,,5,RECORD-00195,1,,
O0489,Organization,IT Conversations,IT Conversations,Media,,2,RECORD-00195,1,,
O0490,Organization,Fortune Magazine,Fortune Magazine,Magazine,,3,RECORD-00195,1,,
O0492,Organization,Daily Kos,Daily Kos,Blog,,5,RECORD-00195,5,,
O0493,Organization,Swift Boat Veterans for Truth,Swift Boat Veterans for Truth,Political Advocacy Group,,9,RECORD-00196,1,,
O0494,Organization,Newshour,Newshour,Television Program,,5,RECORD-00196,2,,
O0495,Organization,Baltimore Sun,Baltimore Sun,Newspaper,,4,RECORD-00196,4,,
O0496,Organization,Power Line,Power Line,Blog,,4,RECORD-00196,1,,
O0497,Organization,Knight-Ridder,Knight-Ridder,Media Company,,8,RECORD-00197,3,,
O0498,Organization,SEC,SEC,Government Agency,,3,RECORD-00197,1,,
O0499,Organization,Newspaper Guild,Newspaper Guild,Union,,4,RECORD-00197,1,,
O0500,Organization,Green Bay Packers,Green Bay Packers,Sports Team,,5,RECORD-00197,1,,
O0501,Organization,Akron Beacon-Journal,Akron Beacon-Journal,Newspaper,,6,RECORD-00197,1,,
O0502,Organization,St. Petersburg Times,St. Petersburg Times,Newspaper,,5,RECORD-00197,1,,
O0503,Organization,Anniston Star,Anniston Star,Newspaper,,4,RECORD-00197,1,,
O0504,Organization,Ayers Family Institute,Ayers Family Institute,Educational Institute,,4,RECORD-00197,1,,
O0505,Organization,"The Day of New London, Ct.","The Day of New London, Ct.",Newspaper,,4,RECORD-00197,1,,
O0506,Organization,News.com,News.com,,,3,RECORD-00197,1,,
O0507,Organization,American newspapers,American newspapers,News organization,,7,RECORD-00198,1,,
O0508,Organization,BTC News,BTC News,Blog,,5,RECORD-00198,2,,
O0509,Organization,Capital Times,Capital Times,Newspaper,,10,RECORD-00199,1,,
O0510,Organization,Wisconsin State Journal,Wisconsin State Journal,Newspaper,,7,RECORD-00199,1,,
O0511,Organization,Lee Enterprises,Lee Enterprises,Media Company,,3,RECORD-00199,1,,
O0512,Organization,University of Wisconsin-Madison,University of Wisconsin-Madison,University,,5,RECORD-00199,1,,
O0513,Organization,Isthmus,Isthmus,Alternative Weekly,,6,RECORD-00199,2,,
O0514,Organization,Dane 101,Dane 101,Blog,,4,RECORD-00199,1,,
O0515,Organization,Wikipedia,Wikipedia,Online Encyclopedia,,9,RECORD-00200,7,,
O0516,Organization,Encyclopedia Britannica,Encyclopedia Britannica,Encyclopedia,,5,RECORD-00200,1,,
O0517,Organization,Wal-Mart,Wal-Mart,Retail Corporation,,4,RECORD-00200,2,,
O0518,Organization,American Society of Journalists and Authors,American Society of Journalists and Authors,Journalism Organization,,4,RECORD-00203,1,,
O0519,Organization,California First Amendment Coalition,California First Amendment Coalition,Advocacy Group,,5,RECORD-00203,1,,
O0520,Organization,Baker and Hostetler,Baker and Hostetler,Law firm,,3,RECORD-00203,1,,
O0521,Organization,O'Reilly Media,O'Reilly Media,Technology Media Company,,5,RECORD-00204,1,,
O0522,Organization,MoveOn.org,MoveOn.org,Activist Organization,,4,RECORD-00204,1,,
O0523,Organization,MeetUp.com,MeetUp.com,Social Networking Platform,,4,RECORD-00204,1,,
O0524,Organization,AIGA,AIGA,Professional Association for Graphic Designers,,9,RECORD-00205,1,,
O0525,Organization,Design Observer,Design Observer,Webblog about design and visual culture,,7,RECORD-00205,2,,
O0526,Organization,Winterhouse Institute,Winterhouse Institute,Institute supporting writing and publishing projects,,5,RECORD-00205,1,,
O0527,Organization,American Newspaper,American Newspaper,Newspaper,,6,RECORD-00206,1,,
O0528,Organization,Readership Institute,Readership Institute,Think tank,Northwestern,6,RECORD-00206,1,,
O0529,Organization,Northwestern,Northwestern,University,,4,RECORD-00206,2,,
O0530,Organization,Bay Area Newspapers,Bay Area Newspapers,Newspapers,,5,RECORD-00206,1,,
O0531,Organization,San Francisco Chronicle,San Francisco Chronicle,Newspaper,,6,RECORD-00206,2,,
O0532,Organization,Mercury,Mercury,Newspaper,,4,RECORD-00206,1,,
O0533,Organization,The Media Center at API,The Media Center at API,Organization,,4,RECORD-00206,1,,
O0534,Organization,New York Times Co.,New York Times Co.,Media Company,,5,RECORD-00206,1,,
O0535,Organization,Baristanet.net,Baristanet.net,Hyper-local blog,,5,RECORD-00206,1,,
O0536,Organization,Real Networks,Real Networks,Web company,,4,RECORD-00206,1,,
O0537,Organization,Pew Internet and American Life,Pew Internet and American Life,Research Center,,4,RECORD-00206,1,,
O0538,Organization,Backfence.com,Backfence.com,News Website,,7,RECORD-00208,2,,
O0539,Organization,Pacific Northwest Newspaper Guild,Pacific Northwest Newspaper Guild,Union,,5,RECORD-00208,1,,
O0540,Organization,Shorewest Realtors,Shorewest Realtors,Real Estate Firm,,7,RECORD-00208,1,,
O0541,Organization,Chicago Sun-Times,Chicago Sun-Times,Newspaper,,6,RECORD-00208,2,,
O0542,Organization,Hollinger International Inc.,Hollinger International Inc.,Media Company,,4,RECORD-00208,1,,
O0543,Organization,Belo,Belo,Media Company,,4,RECORD-00208,1,,
O0544,Organization,Tribune,Tribune,Media Company,,5,RECORD-00208,1,,
O0545,Organization,General Motors,General Motors,Automobile Manufacturer,,6,RECORD-00208,2,,
O0546,Organization,E. W. Scripps,E. W. Scripps,Media Company,,4,RECORD-00208,1,,
O0547,Organization,Pajamas Media,Pajamas Media,Blog Network,,7,RECORD-00208,1,,
O0548,Organization,New York Sun,New York Sun,Newspaper,,5,RECORD-00208,1,,
O0549,Organization,Orlando Sentinel,Orlando Sentinel,Newspaper,,5,RECORD-00208,1,,
O0550,Organization,Capital Cities/ABC,Capital Cities/ABC,Media Company,,4,RECORD-00208,1,,
O0551,Organization,Ars Technica,Ars Technica,Website,,4,RECORD-00208,1,,
O0552,Organization,Philly Inquirer,Philly Inquirer,Newspaper,,9,RECORD-00209,2,,
O0553,Organization,takebackthemedia,takebackthemedia,Left-wing Website,,4,RECORD-00209,1,,
O0554,Organization,Zionist Organization of America,Zionist Organization of America,Organization,,4,RECORD-00209,1,,
O0555,Organization,Palestine Media Watch,Palestine Media Watch,Organization,,4,RECORD-00209,1,,
O0556,Organization,Inkywatch.org,Inkywatch.org,Website,,4,RECORD-00209,1,,
O0557,Organization,Sinclair Broadcast Group,Sinclair Broadcast Group,Media Company,,10,RECORD-00211,3,,
O0558,Organization,News Central,News Central,News Operation,Sinclair Broadcast Group,6,RECORD-00211,2,,
O0559,Organization,Pittsburgh Post-Gazette,Pittsburgh Post-Gazette,Newspaper,,4,RECORD-00211,1,,
O0560,Organization,Scripps Newspapers,Scripps Newspapers,Media Conglomerate,,5,RECORD-00212,1,,
O0561,Organization,KRON,KRON,Television Station,,5,RECORD-00212,1,,
O0562,Organization,WKRN,WKRN,Television Station,,5,RECORD-00212,1,,
O0563,Organization,Pittsburgh Bloggers,Pittsburgh Bloggers,Local Blog Aggregator,,5,RECORD-00212,1,,
O0564,Organization,Universal Hub,Universal Hub,Local Blog Aggregator,,5,RECORD-00212,1,,
O0565,Organization,Federated Media,Federated Media,Media Company,,6,RECORD-00212,1,,
O0566,Organization,Berkshire Hathaway,Berkshire Hathaway,Conglomerate,,5,RECORD-00212,1,,
O0567,Organization,Spokesman-Review,Spokesman-Review,Newspaper,,5,RECORD-00212,4,,
O0568,Organization,Roanoke Times,Roanoke Times,Newspaper,,5,RECORD-00212,1,,
O0569,Organization,Seattle Post-Intelligencer,Seattle Post-Intelligencer,Newspaper,,7,RECORD-00212,1,,
O0570,Organization,Sunday Herald,Sunday Herald,Newspaper,,5,RECORD-00212,1,,
O0571,Organization,REM,REM,Musical group,,5,RECORD-00213,1,,
O0572,Organization,Philly.com,Philly.com,News Organization,,4,RECORD-00213,1,,
O0573,Organization,US Department of Health and Human Services,US Department of Health and Human Services,Government Agency,,8,RECORD-00215,1,,
O0574,Organization,Techdirt,Techdirt,Website,,6,RECORD-00215,1,,
O0575,Organization,Nightline,Nightline,Television Program,,10,RECORD-00216,2,,
O0576,Organization,Sinclair Broadcasting,Sinclair Broadcasting,Media Conglomerate,,9,RECORD-00216,1,,
O0577,Organization,Center for American Progress,Center for American Progress,Think Tank,,5,RECORD-00216,1,,
O0578,Organization,Ohio News Network,Ohio News Network,Cable Channel,,5,RECORD-00216,1,,
O0579,Organization,The Oregonian,The Oregonian,News Organization,,2,RECORD-00217,3,,
O0580,Organization,Back-to-Iraq.com,Back-to-Iraq.com,Reader-supported blog,,7,RECORD-00218,1,,
O0581,Organization,Firedoglake,Firedoglake,Political Blog,,7,RECORD-00218,6,,
O0582,Organization,Groklaw,Groklaw,Law Blog,,7,RECORD-00218,1,,
O0583,Organization,IBM,IBM,Technology Company,,5,RECORD-00218,1,,
O0584,Organization,TMP Media,TMP Media,Media Company,,6,RECORD-00218,1,,
O0585,Organization,DallasFood.org,DallasFood.org,Gourmet Food Blog,,7,RECORD-00218,1,,
O0586,Organization,Noka Chocolate,Noka Chocolate,Chocolatier,,5,RECORD-00218,1,,
O0587,Organization,ePluribusMedia,ePluribusMedia,Citizen Journalism Site,,7,RECORD-00218,1,,
O0588,Organization,Department of Health and Human Services,Department of Health and Human Services,Government Department,,6,RECORD-00218,1,,
O0589,Organization,Sunlight Foundation,Sunlight Foundation,Non-profit,,6,RECORD-00218,4,,
O0590,Organization,TPM Muckraker,TPM Muckraker,Blog,,6,RECORD-00218,2,,
O0591,Organization,CTV News,CTV News,News Organization,,7,RECORD-00219,1,,
O0592,Organization,The Toronto Globe and Mail,The Toronto Globe and Mail,Newspaper,,6,RECORD-00219,1,,
O0593,Organization,Conservative Party of Canada,Conservative Party of Canada,Political Party,,5,RECORD-00219,1,,
O0594,Organization,Supreme Court of Canada,Supreme Court of Canada,Court,,4,RECORD-00219,1,,
O0595,Organization,Carnegie Corporation,Carnegie Corporation,Foundation,,5,RECORD-00220,3,,
O0596,Organization,ABCNews.com,ABCNews.com,News Website,,5,RECORD-00220,1,,
O0597,Organization,Daily Newspapers,Daily Newspapers,News Media,,9,RECORD-00220,1,,
O0598,Organization,Newspaper Association of America,Newspaper Association of America,Trade Association,,5,RECORD-00220,1,,
O0599,Organization,PJNet,PJNet,Website/Blog,,7,RECORD-00221,2,,
O0600,Organization,Gay.com,Gay.com,Website,,7,RECORD-00221,1,,
O0601,Organization,AOL Instant Messenger,AOL Instant Messenger,Instant Messaging Service,,5,RECORD-00221,1,,
O0602,Organization,Whiskey Bar,Whiskey Bar,Blog,,5,RECORD-00223,1,,
O0603,Organization,BBC News,BBC News,News Organization,,5,RECORD-00223,1,,
O0605,Organization,Waldorf-Astoria,Waldorf-Astoria,Hotel,,3,RECORD-00223,1,,
O0606,Organization,Harvard University's Shorenstein Center,Harvard University's Shorenstein Center,Research Center,,4,RECORD-00223,1,,
O0607,Organization,OJR,OJR,Online Publication,,4,RECORD-00224,1,,
O0608,Organization,Spokesman Review,Spokesman Review,Newspaper,,5,RECORD-00224,1,,
O0609,Organization,Towson State University,Towson State University,University,,5,RECORD-00224,1,,
O0610,Organization,Online News Association,Online News Association,Industry Group,,4,RECORD-00225,4,,
O0611,Organization,Undercurrent,Undercurrent,Blog,,3,RECORD-00225,2,,
O0612,Organization,Powerline,Powerline,Blog,,4,RECORD-00225,5,,
O0613,Organization,Republican National Committee,Republican National Committee,Political Committee,,6,RECORD-00226,1,,
O0614,Organization,Pew Center,Pew Center,Research Center,,7,RECORD-00228,1,,
O0615,Organization,New Haven Independent,New Haven Independent,Hyperlocal News Site,,10,RECORD-00231,1,,
O0616,Organization,Baristanet,Baristanet,Hyperlocal Website,,7,RECORD-00231,5,,
O0617,Organization,Journal-Register Co.,Journal-Register Co.,Newspaper Chain,,4,RECORD-00231,1,,
O0618,Organization,Clear Channel,Clear Channel,Radio Chain,,4,RECORD-00231,1,,
O0619,Organization,Tribune Co.,Tribune Co.,Media Company,,4,RECORD-00231,1,,
O0620,Organization,New Haven Advocate,New Haven Advocate,Alternative Weekly,,5,RECORD-00231,1,,
O0621,Organization,Gotham Gazette,Gotham Gazette,Hyperlocal Website,,4,RECORD-00231,1,,
O0622,Organization,Voices of San Diego,Voices of San Diego,Hyperlocal Website,,4,RECORD-00231,1,,
O0623,Organization,Universal Health Care Foundation of Connecticut,Universal Health Care Foundation of Connecticut,Foundation,,4,RECORD-00231,1,,
O0624,Organization,Westport Now,Westport Now,Hyperlocal Website,,4,RECORD-00231,1,,
O0625,Organization,Local TV stations,Local TV stations,News Outlet,,7,,1,,
O0626,Organization,Unity,Unity,Journalism Organization,,9,RECORD-00234,2,,
O0628,Organization,TPM,TPM,News Organization,,5,RECORD-00238,1,,
O0629,Organization,The Corner,The Corner,Blog,,4,RECORD-00238,1,,
O0630,Organization,The Raw Story,The Raw Story,News Organization,,3,RECORD-00238,2,,
O0631,Organization,Central Intelligence Agency,Central Intelligence Agency,Government Agency,,8,RECORD-00239,2,,
O0632,Organization,FBI,FBI,Law Enforcement,,4,RECORD-00239,1,,
O0633,Organization,The American News Project,The American News Project,News Organization,,6,RECORD-00241,1,,
O0634,Organization,The Atlantic Philanthropies,The Atlantic Philanthropies,Foundation,,6,RECORD-00241,1,,
O0635,Organization,The Huffington Post Investigative Fund,The Huffington Post Investigative Fund,News Organization,,10,RECORD-00241,1,,
O0636,Organization,Spokane Spokesman_Review,Spokane Spokesman_Review,Newspaper,,3,RECORD-00241,1,,
O0637,Organization,The American Spectator,The American Spectator,Magazine,,4,RECORD-00241,1,,
O0638,Organization,Open Society Institute,Open Society Institute,Foundation,,3,RECORD-00241,1,,
O0639,Organization,Northwestern University,Northwestern University,University,,5,RECORD-00242,1,,
O0640,Organization,WGME,WGME,CBS Affiliate,,6,RECORD-00242,1,,
O0641,Organization,The Revealer,The Revealer,Website/Forum,,8,RECORD-00245,5,,
O0642,Organization,Pew Trusts,Pew Trusts,Foundation,,3,RECORD-00245,1,,
O0643,Organization,The Washington Monthly,The Washington Monthly,Magazine,,3,RECORD-00245,2,,
O0644,Organization,Ziff Davis,Ziff Davis,Publishing Company,,3,,1,,
O0646,Organization,Al Jazeera,Al Jazeera,News Organization,,4,RECORD-00247,1,,
O0647,Organization,Indianapolis Star Tribune,Indianapolis Star Tribune,,,4,RECORD-00251,1,,
O0648,Organization,Backfence,Backfence,Hyper-local user-as-producer start-up company,,10,RECORD-00252,1,,
O0649,Organization,SAS Investors,SAS Investors,Investment firm,,4,RECORD-00252,1,,
O0650,Organization,Omidyar Network,Omidyar Network,Investment firm,,4,RECORD-00252,1,,
O0651,Organization,Current TV,Current TV,Cable Channel,,8,RECORD-00254,1,,
O0652,Organization,CanWest,CanWest,Canadian Media Giant,,7,RECORD-00254,1,,
O0653,Organization,Dose magazine,Dose magazine,Newsmagazine,,8,RECORD-00254,1,,
O0654,Organization,AOL Time Warner,AOL Time Warner,Media Company,,4,RECORD-00254,1,,
O0655,Organization,Harvard Business School,Harvard Business School,Business School,,4,RECORD-00254,1,,
O0656,Organization,Thunderbird,Thunderbird,Online Magazine,,6,RECORD-00254,1,,
O0657,Organization,University of British Columbia,University of British Columbia,University,,4,RECORD-00254,1,,
O0658,Organization,Greensboro101.com,Greensboro101.com,Local Blog Directory,,6,RECORD-00254,1,,
O0659,Organization,Charlotte 101,Charlotte 101,Local Blog Directory,,5,RECORD-00254,1,,
O0660,Organization,Nashville 101,Nashville 101,Local Blog Directory,,5,RECORD-00254,1,,
O0661,Organization,Stanford University,Stanford University,University,,5,RECORD-00255,2,,
O0662,Organization,Nieman Reports,Nieman Reports,Journalism Publication,,5,RECORD-00255,2,,
O0663,Organization,United Press International,United Press International,News Agency,,2,RECORD-00256,1,,
O0664,Organization,Corpus Christi Caller-Times,Corpus Christi Caller-Times,Newspaper,,3,RECORD-00256,1,,
O0665,Organization,OhmyNews,OhmyNews,News Organization,,7,RECORD-00257,4,,
O0666,Organization,Global Voices Online,Global Voices Online,Media Organization,,6,RECORD-00257,2,,
O0667,Organization,Heights Observer,Heights Observer,Place Blog,,6,RECORD-00257,1,,
O0668,Organization,BBC Radio 4,BBC Radio 4,Radio Station,,6,RECORD-00257,1,,
O0669,Organization,The Uptake,The Uptake,Media Organization,,5,RECORD-00257,1,,
O0670,Organization,Boston Phoenix,Boston Phoenix,Alternative Weekly,,5,RECORD-00259,1,,
O0671,Organization,Virginian-Pilot,Virginian-Pilot,Newspaper,,4,RECORD-00259,1,,
O0672,Organization,Badger Herald,Badger Herald,Student Publication,,4,RECORD-00259,1,,
O0673,Organization,Media Bloggers Association,Media Bloggers Association,Organization,,4,RECORD-00259,2,,
O0674,Organization,Zubr Communications,Zubr Communications,Communication Company,,4,RECORD-00259,1,,
O0675,Organization,Halliburton,Halliburton,Corporation,,3,,1,,
O0676,Organization,Office of Legal Counsel,Office of Legal Counsel,Government,,7,RECORD-00261,1,,
O0677,Organization,Institute (in Los Angeles),Institute (in Los Angeles),Unknown,,4,RECORD-00262,1,,
O0678,Organization,American mainstream media,American mainstream media,Media Industry,,7,RECORD-00262,1,,
O0679,Organization,Yahoo! News,Yahoo! News,News Aggregator,,7,RECORD-00262,2,,
O0680,Organization,Google News,Google News,News Aggregator,,7,RECORD-00262,1,,
O0681,Organization,BOP News,BOP News,Blog,,3,RECORD-00263,1,,
O0682,Organization,Center for Digital Democracy,Center for Digital Democracy,Advocacy Group,,4,RECORD-00263,1,,
O0683,Organization,Blog For America,Blog For America,Political Campaign Organization,,6,RECORD-00264,1,,
O0684,Organization,Steve Gilliard’s News Blog,Steve Gilliard’s News Blog,Blog,,6,RECORD-00264,1,,
O0685,Organization,Eschaton,Eschaton,Blog,,7,RECORD-00264,1,,
O0686,Organization,Liberal Pride,Liberal Pride,Blog,,5,RECORD-00264,1,,
O0687,Organization,Atlanta Constitution,Atlanta Constitution,News Organization,,5,RECORD-00264,1,,
O0688,Organization,Halley's Comment,Halley's Comment,Blog,,5,RECORD-00264,1,,
O0689,Organization,Broken Hammock,Broken Hammock,Blog,,4,RECORD-00264,1,,
O0690,Organization,Poliwonks,Poliwonks,Resource Site,,4,RECORD-00264,1,,
O0691,Organization,HuffPost,HuffPost,News Website,,3,RECORD-00265,1,,
O0692,Organization,Big Journalism,Big Journalism,Media Industry,,7,RECORD-00266,1,,
O0693,Organization,CBS Evening News,CBS Evening News,News Organization,,5,RECORD-00266,3,,
O0694,Organization,Texas Tech,Texas Tech,University,,4,RECORD-00267,1,,
O0695,Organization,Univ. of Tennessee-Knoxville,Univ. of Tennessee-Knoxville,University,,4,RECORD-00267,1,,
O0696,Organization,Washington-Post-Newsweek-Interactive,Washington-Post-Newsweek-Interactive,Media Company,,4,RECORD-00267,1,,
O0697,Organization,Washington Post-Newsweek Interactive (WPNI),Washington Post-Newsweek Interactive (WPNI),Media Company,,6,RECORD-00269,1,,
O0699,Organization,DailyKos,DailyKos,Blog,,4,RECORD-00269,1,,
O0700,Organization,American Journalism Review,American Journalism Review,Journalism Review,,3,RECORD-00269,4,,
O0701,Organization,Political press,Political press,,,9,RECORD-00270,1,,
O0702,Organization,AIG,AIG,Corporation,,5,RECORD-00270,1,,
O0703,Organization,Texas Monthly,Texas Monthly,Magazine,,4,RECORD-00271,1,,
O0704,Organization,Washington College,Washington College,College,,3,RECORD-00271,1,,
O0706,Organization,FCC,FCC,Government Agency,,3,RECORD-00274,2,,
O0707,Organization,Sunlight,Sunlight,Non-profit organization,,10,RECORD-00275,1,,
O0708,Organization,House of Representatives,House of Representatives,Government body,,6,RECORD-00275,1,,
O0709,Organization,Time,Time,News Magazine,,4,RECORD-00276,6,,
O0710,Organization,Berkman Center on Internet and Society,Berkman Center on Internet and Society,Research Center,,3,RECORD-00276,1,,
O0711,Organization,Opinion Journal,Opinion Journal,Online Forum,,3,,3,,
O0712,Organization,Maynard Institute,Maynard Institute,Journalism organization,,5,RECORD-00279,1,,
O0713,Organization,The Post Bulletin,The Post Bulletin,Newspaper,,6,RECORD-00280,1,,
O0714,Organization,Amnesty International,Amnesty International,NGO,,4,RECORD-00280,1,,
O0715,Organization,Human Rights Watch,Human Rights Watch,NGO,,4,RECORD-00280,1,,
O0716,Organization,International Criminal Court,International Criminal Court,International Court,,4,RECORD-00280,1,,
O0717,Organization,Slate Magazine,Slate Magazine,Online Magazine,,7,RECORD-00283,1,,
O0718,Organization,Chamber of Commerce,Chamber of Commerce,Business organization,,5,,1,,
O0719,Organization,Rotary,Rotary,Civic organization,,4,,1,,
O0720,Organization,Harpers,Harpers,Magazine,,3,RECORD-00286,1,,
O0722,Organization,Magazine,Magazine,Media Organization,,4,,1,,
O0723,Organization,CUNY Graduate School of Journalism,CUNY Graduate School of Journalism,Journalism School,,4,RECORD-00291,1,,
O0724,Organization,Capital New York,Capital New York,News Site,,4,RECORD-00291,1,,
O0725,Organization,The Awl,The Awl,Website,,4,RECORD-00291,1,,
O0726,Organization,NOW Legal Defense and Education Fund,NOW Legal Defense and Education Fund,Advocacy Group,,6,RECORD-00293,1,,
O0727,Organization,"Oh, That Liberal Media","Oh, That Liberal Media",Weblog,,6,RECORD-00293,1,,
O0728,Organization,Feedster,Feedster,Blog aggregator,,4,RECORD-00294,1,,
O0729,Organization,Democratic National Convention (DNC),Democratic National Convention (DNC),Political Organization,,6,RECORD-00294,1,,
O0730,Organization,The Gillmor Gang,The Gillmor Gang,Podcast/Online Show,,4,RECORD-00294,1,,
O0731,Organization,Republican National Convention (RNC),Republican National Convention (RNC),Political Organization,,4,RECORD-00294,1,,
O0732,Organization,Al Qaeda,Al Qaeda,Terrorist Organization,,6,RECORD-00295,3,,
O0733,Organization,Killing the Buddha,Killing the Buddha,"Website, Journal",,8,,2,,
O0734,Organization,Free Press,Free Press,Publisher,,3,,2,,
O0735,Organization,The Chicago Reader,The Chicago Reader,Newspaper,,5,RECORD-00297,1,,
O0736,Organization,The Village Voice,The Village Voice,Newspaper,,5,RECORD-00299,1,,
O0737,Organization,Reason Online,Reason Online,Website,,5,RECORD-00299,1,,
O0738,Organization,Harvard Crimson,Harvard Crimson,Newspaper,,3,RECORD-00300,1,,
O0739,Organization,Volokh Conspiracy,Volokh Conspiracy,Blog,,5,RECORD-00303,1,,
O0740,Organization,Blog Pulse,Blog Pulse,Blog tracking service,,4,RECORD-00303,1,,
O0741,Organization,U.S. Chamber of Commerce,U.S. Chamber of Commerce,Business Organization,,5,RECORD-00304,1,,
O0742,Organization,National Association of Manufacturers,National Association of Manufacturers,Business Organization,,4,RECORD-00304,1,,
O0743,Organization,Progress for America,Progress for America,Political Organization,,5,RECORD-00304,1,,
O0744,Organization,People for the American Way,People for the American Way,Political Organization,,4,RECORD-00304,1,,
O0745,Organization,National Abortion Rights Action League,National Abortion Rights Action League,Political Organization,,4,RECORD-00304,1,,
O0746,Organization,Naral Pro-Choice America,Naral Pro-Choice America,Political Organization,,4,RECORD-00304,1,,
O0747,Organization,Independent Women’s Forum,Independent Women’s Forum,Political Organization,,4,RECORD-00304,1,,
O0748,Organization,National Organization for Women,National Organization for Women,Political Organization,,4,RECORD-00304,1,,
O0749,Organization,Americans for Tax Reform,Americans for Tax Reform,Political Organization,,4,RECORD-00304,1,,
O0750,Organization,The Digital Edge,The Digital Edge,Publication,,5,RECORD-00305,1,,
O0751,Organization,OffTheBus.Net,OffTheBus.Net,News organization,,8,RECORD-00305,3,,
O0752,Organization,Redstate,Redstate,Political Blog,,5,RECORD-00305,1,,
O0753,Organization,TPM Cafe,TPM Cafe,Political Blog,,5,RECORD-00305,2,,
O0754,Organization,Good Morning Silicon Valley,Good Morning Silicon Valley,News outlet,,5,RECORD-00305,1,,
O0755,Organization,The New Standard,The New Standard,News Organization,,3,RECORD-00306,1,,
O0756,Organization,Rhetorica,Rhetorica,Organization,,3,RECORD-00306,1,,
O0757,Organization,Aljazeera,Aljazeera,News Organization,,4,RECORD-00309,1,,
O0758,Organization,TomDispatch,TomDispatch,Website,,3,RECORD-00312,1,,
O0759,Organization,NBC Nightly News,NBC Nightly News,Television News Program,,4,RECORD-00313,1,,
O0760,Organization,Oxford University Press,Oxford University Press,Publisher,,3,RECORD-00313,1,,
O0761,Organization,Baristanet.com,Baristanet.com,Neighborhood news site,,10,RECORD-00315,1,,
O0762,Organization,National Press Club,National Press Club,Press organization,,5,RECORD-00315,2,,
O0763,Organization,The Atlantic Monthly,The Atlantic Monthly,Media organization,,6,RECORD-00316,2,,
O0764,Organization,"University of California, Berkeley","University of California, Berkeley",University,,8,RECORD-00318,2,,
O0765,Organization,Harvard University's Kennedy School of Government,Harvard University's Kennedy School of Government,University,,7,RECORD-00318,1,,
O0766,Organization,University of Southern California,University of Southern California,University,,6,RECORD-00318,1,,
O0767,Organization,60 Minutes,60 Minutes,TV Program,,4,RECORD-00318,3,,
O0768,Organization,Boston University Journalism Department Faculty,Boston University Journalism Department Faculty,Academic Department,,9,RECORD-00320,1,,
O0769,Organization,Government Accountability Office (GAO),Government Accountability Office (GAO),Government Agency,,4,RECORD-00320,1,,
O0770,Organization,Radio and Television News Directors Association (RTNDA),Radio and Television News Directors Association (RTNDA),Professional Association,,4,RECORD-00320,1,,
O0771,Organization,Columbia University’s Graduate School of Journalism,Columbia University’s Graduate School of Journalism,Journalism School,,4,RECORD-00320,1,,
O0772,Organization,J-Lab,J-Lab,Research Center,,6,RECORD-00321,1,,
O0773,Organization,Twin Cities Daily Planet,Twin Cities Daily Planet,News Website,,6,RECORD-00321,1,,
O0774,Organization,Buffalo Bills,Buffalo Bills,Sports Team,,4,RECORD-00321,1,,
O0775,Organization,Outside.in,Outside.in,Website,,5,RECORD-00321,1,,
O0776,Organization,Idea Lab,Idea Lab,Group Blog,,6,RECORD-00321,2,,
O0778,Organization,The McClatchy Company,The McClatchy Company,Newspaper Company,,6,RECORD-00321,1,,
O0779,Organization,TPM Media,TPM Media,News organization,,8,RECORD-00323,2,,
O0780,Organization,KCRW,KCRW,Radio station,,3,RECORD-00323,1,,
O0781,Organization,Emporia Gazette,Emporia Gazette,Newspaper,,4,RECORD-00323,1,,
O0782,Organization,Clinton School of Public Service,Clinton School of Public Service,School,,4,RECORD-00323,1,,
O0783,Organization,Wikileaks,Wikileaks,News Organization/Platform,,10,RECORD-00325,1,,
O0784,Organization,Der Spiegel,Der Spiegel,News Organization,,7,RECORD-00325,1,,
O0785,Organization,Politico.com,Politico.com,News Organization,,5,RECORD-00325,1,,
O0786,Organization,OMB Watch,OMB Watch,Government Watchdog Organization,,6,RECORD-00326,1,,
O0787,Organization,Center for Citizen Media,Center for Citizen Media,Media Organization,,7,RECORD-00326,1,,
O0788,Organization,Yahoo!,Yahoo!,Internet Company,,5,RECORD-00326,2,,
O0789,Organization,Media Shift,Media Shift,News Organization,,5,RECORD-00326,2,,
O0790,Organization,The Hill,The Hill,Newspaper,,5,RECORD-00327,1,,
O0791,Organization,Kent State University,Kent State University,University,,4,RECORD-00329,1,,
O0792,Organization,San Francisco Examiner,San Francisco Examiner,Newspaper,,6,RECORD-00330,1,,
O0793,Organization,Morph,Morph,Blog,,3,RECORD-00330,1,,
O0794,Organization,Rocky Mountain News,Rocky Mountain News,Newspaper,,3,RECORD-00330,1,,
O0795,Organization,Captain's Quarters,Captain's Quarters,Weblog,,3,RECORD-00330,1,,
O0796,Organization,Gothamist,Gothamist,Blog,,3,RECORD-00330,1,,
O0797,Organization,Infothought,Infothought,Blog,,3,RECORD-00330,1,,
O0798,Organization,Boing Boing,Boing Boing,Blog,,6,RECORD-00331,1,,
O0799,Organization,CBSMarketWatch,CBSMarketWatch,Financial News Website,,7,RECORD-00331,1,,
O0800,Organization,Topix,Topix,News Aggregator,,7,RECORD-00331,1,,
O0801,Organization,Civic Space Labs,Civic Space Labs,Software Development Company,,6,RECORD-00332,2,,
O0802,Organization,Howard Dean campaign,Howard Dean campaign,Political Campaign,,5,RECORD-00332,1,,
O0803,Organization,Lawrence Journal-World,Lawrence Journal-World,Newspaper,,5,RECORD-00332,1,,
O0804,Organization,Philly Future,Philly Future,Local Aggregator,,5,RECORD-00332,2,,
O0805,Organization,Knight Fellowships at Stanford University,Knight Fellowships at Stanford University,Fellowship Program,,9,RECORD-00333,1,,
O0806,Organization,University of Michigan,University of Michigan,University,,4,RECORD-00333,1,,
O0807,Organization,Nieman Foundation,Nieman Foundation,Fellowship Program,,6,RECORD-00333,1,,
O0808,Organization,Nieman Journalism Lab,Nieman Journalism Lab,Blog,,5,RECORD-00333,1,,
O0809,Organization,MediaNews,MediaNews,Newspaper Company,,4,RECORD-00333,1,,
O0810,Organization,Portland Oregonian,Portland Oregonian,Newspaper,,5,RECORD-00333,1,,
O0811,Organization,The Week,The Week,Magazine,,4,RECORD-00333,1,,
O0812,Organization,U.S. Dept. of Education,U.S. Dept. of Education,Government Body,,8,RECORD-00337,1,,
O0813,Organization,Omnicom,Omnicom,Media Services Conglomerate,,7,RECORD-00337,2,,
O0814,Organization,Council of Public Relations Firms,Council of Public Relations Firms,Industry Association,,6,RECORD-00337,1,,
O0815,Organization,PRSA,PRSA,Professional Organization,,5,RECORD-00337,1,,
O0816,Organization,Museum of Television and Radio,Museum of Television and Radio,Museum,,4,RECORD-00338,1,,
O0817,Organization,The Media Center,The Media Center,Media Research Organization,,4,RECORD-00338,1,,
O0818,Organization,Slashdot,Slashdot,Website,,6,RECORD-00339,1,,
O0819,Organization,Jane's Intelligence Review,Jane's Intelligence Review,Journal,,7,RECORD-00339,1,,
O0820,Organization,Christian Broadcasting Network,Christian Broadcasting Network,Media Organization,,4,RECORD-00340,1,,
O0821,Organization,Democracy Now,Democracy Now,News Program,,4,RECORD-00340,1,,
O0822,Organization,McClatchy Newspapers,McClatchy Newspapers,Newspaper company,,3,RECORD-00340,1,,
O0823,Organization,RedState.com,RedState.com,Blog,,4,RECORD-00345,3,,
O0825,Organization,University of Maryland,University of Maryland,University,,5,RECORD-00347,3,,
O0826,Organization,Ithaca College,Ithaca College,College,,4,RECORD-00347,1,,
O0827,Organization,Citizens Against Government Waste,Citizens Against Government Waste,Advocacy group,,7,RECORD-00348,1,,
O0828,Organization,Porkbusters,Porkbusters,Website/Organization,,7,RECORD-00348,1,,
O0829,Organization,Examiner Newspapers,Examiner Newspapers,Newspaper chain,,8,RECORD-00348,1,,
O0830,Organization,Club for Growth,Club for Growth,Political organization,,6,RECORD-00348,1,,
O0831,Organization,Human Events Online,Human Events Online,Website,,6,RECORD-00348,1,,
O0832,Organization,The Heritage Foundation,The Heritage Foundation,Think tank,,7,RECORD-00348,1,,
O0833,Organization,Washington Examiner,Washington Examiner,Newspaper,,8,RECORD-00348,1,,
O0834,Organization,ePluribus Media,ePluribus Media,Citizen Journalism Organization,,7,RECORD-00348,2,,
O0835,Organization,Suburban Guerilla,Suburban Guerilla,Blog,,6,RECORD-00348,2,,
O0836,Organization,MacArthur Foundation,MacArthur Foundation,Foundation,,6,RECORD-00348,1,,
O0837,Organization,Harvard,Harvard,University,,3,RECORD-00349,3,,
O0838,Organization,Watertown TAB,Watertown TAB,Newspaper,,7,RECORD-00350,2,,
O0839,Organization,GateHouse Media,GateHouse Media,Newspaper conglomerate,,10,RECORD-00350,1,,
O0840,Organization,TownOnline,TownOnline,Online portal,,8,RECORD-00350,1,,
O0841,Organization,WickedLocal.com,WickedLocal.com,Online portal,,7,RECORD-00350,1,,
O0842,Organization,Zope,Zope,Open-source web framework,,7,RECORD-00350,1,,
O0843,Organization,YouTube,YouTube,Video platform,,5,RECORD-00350,1,,
O0844,Organization,Scripps,Scripps,Media company,,5,RECORD-00350,1,,
O0845,Organization,Gannett,Gannett,Media company,,5,RECORD-00350,1,,
O0846,Organization,Fortress Investment Group,Fortress Investment Group,Investment Firm,,6,RECORD-00350,1,,
O0847,Organization,Bakersfield Californian,Bakersfield Californian,Newspaper,,6,RECORD-00350,1,,
O0848,Organization,Herald Media,Herald Media,Media Company,,5,RECORD-00350,1,,
O0849,Organization,Boston Herald,Boston Herald,Newspaper,,5,RECORD-00350,1,,
O0850,Organization,Enterprise News Media,Enterprise News Media,Media Company,,6,RECORD-00350,1,,
O0851,Organization,Mainstream News Organizations,Mainstream News Organizations,Media Organizations,,6,RECORD-00351,1,,
O0852,Organization,CNN/US,CNN/US,News Organization,,5,RECORD-00351,3,,
O0853,Organization,Public Radio International,Public Radio International,Radio Organization,,4,RECORD-00351,1,,
O0855,Organization,USA Today.com,USA Today.com,Online News Organization,,5,RECORD-00351,1,,
O0856,Organization,The Wall Street Journal Online,The Wall Street Journal Online,Online News Organization,,5,RECORD-00351,1,,
O0857,Organization,U.S. media,U.S. media,Media Industry,,8,RECORD-00352,1,,
O0858,Organization,Congressional Quarterly,Congressional Quarterly,News Organization,,4,RECORD-00353,1,,
O0859,Organization,Knight News Challenge Fund,Knight News Challenge Fund,Grant Foundation,,4,RECORD-00354,1,,
O0861,Organization,Journalism Leaders Forum,Journalism Leaders Forum,Forum,,3,RECORD-00354,1,,
O0862,Organization,George Mason University,George Mason University,University,,2,RECORD-00356,1,,
O0863,Organization,International Herald Tribune (IHT),International Herald Tribune (IHT),Newspaper,,2,RECORD-00356,1,,
O0864,Organization,PaidContent.org,PaidContent.org,Media Website,,2,RECORD-00356,2,,
O0865,Organization,Kausfiles,Kausfiles,Blog,,2,RECORD-00356,1,,
O0866,Organization,Never Pay Retail,Never Pay Retail,Website,,2,RECORD-00356,1,,
O0867,Organization,Media Bistro,Media Bistro,Website,,2,RECORD-00356,1,,
O0868,Organization,FEMA,FEMA,Government Agency,,2,RECORD-00356,1,,
O0869,Organization,Museum of Broadcasting,Museum of Broadcasting,Museum,,4,RECORD-00357,1,,
O0870,Organization,Attytood,Attytood,Blog,,3,RECORD-00358,2,,
O0871,Organization,University of Missouri's Journalism School,University of Missouri's Journalism School,Journalism School,,6,RECORD-00359,1,,
O0872,Organization,World Media Assembly,World Media Assembly,International group of media professionals,,6,RECORD-00359,1,,
O0873,Organization,National Catholic Reporter,National Catholic Reporter,News Organization,,5,RECORD-00359,1,,
O0874,Organization,The Atlanta Journal-Constitution,The Atlanta Journal-Constitution,Newspaper,,4,RECORD-00360,1,,
O0875,Organization,Washington Week,Washington Week,TV Program,,4,RECORD-00360,2,,
O0876,Organization,Institute of Politics at Harvard,Institute of Politics at Harvard,Academic Institution,,4,RECORD-00360,1,,
O0877,Organization,CBS Marketwatch,CBS Marketwatch,Financial News,,4,RECORD-00360,1,,
O0879,Organization,The Tuscaloosa News,The Tuscaloosa News,Newspaper,,4,RECORD-00360,1,,
O0880,Organization,NewsTrust.Net,NewsTrust.Net,News Organization,,9,RECORD-00361,1,,
O0881,Organization,NewsJunk.Com,NewsJunk.Com,News Website,,6,RECORD-00361,1,,
O0882,Organization,Washingtonian Magazine,Washingtonian Magazine,Magazine,,4,RECORD-00362,1,,
O0883,Organization,The Note,The Note,Political Newsletter,,3,RECORD-00362,2,,
O0884,Organization,Chicago Sun Times,Chicago Sun Times,Newspaper,,4,RECORD-00362,1,,
O0885,Organization,Center for Media & Community,Center for Media & Community,Educational Nonprofit,,7,RECORD-00363,1,,
O0886,Organization,EDC,EDC,Educational Nonprofit,,6,RECORD-00363,1,,
O0887,Organization,Ajax,Ajax,Unspecified Event Sponsor,,5,RECORD-00363,1,,
O0888,Organization,Reason,Reason,Publication,,5,RECORD-00363,2,,
O0889,Organization,Twisted Spinster,Twisted Spinster,Blog,,4,RECORD-00363,1,,
O0890,Organization,Simon & Schuster,Simon & Schuster,Publishing House,,4,RECORD-00364,1,,
O0891,Organization,Greensboro News-Record,Greensboro News-Record,Newspaper,,9,RECORD-00366,2,,
O0892,Organization,Liberation,Liberation,French Daily,,3,RECORD-00366,1,,
O0893,Organization,Penguin Books,Penguin Books,Publisher,,3,RECORD-00367,1,,
O0894,Organization,Fishbowl DC,Fishbowl DC,Blog/Website,,3,RECORD-00368,1,,
O0895,Organization,Inside the Briefing,Inside the Briefing,Blog/Website,,3,RECORD-00368,1,,
O0896,Organization,CNet,CNet,Tech News Website,,3,RECORD-00368,1,,
O0897,Organization,Federal Election Commission,Federal Election Commission,Government Body,,3,RECORD-00368,1,,
O0898,Organization,Winds of Change,Winds of Change,Website/Blog,,3,RECORD-00368,1,,
O0899,Organization,WatchingAmerica.com,WatchingAmerica.com,News Website,,4,RECORD-00368,1,,
O0900,Organization,Craig's List,Craig's List,Classifieds Website,,3,RECORD-00368,2,,
O0901,Organization,FactCheck.org,FactCheck.org,Fact-Checking Website,,4,RECORD-00368,1,,
O0902,Organization,Fresno Famous,Fresno Famous,Blog,,4,RECORD-00370,1,,
O0903,Organization,Scripps-Howard,Scripps-Howard,News Organization,,8,RECORD-00374,1,,
O0904,Organization,The Daily Peg,The Daily Peg,Web-based News Organization,,7,RECORD-00374,1,,
O0905,Organization,E.W. Scripps Company,E.W. Scripps Company,Media Conglomerate,,5,RECORD-00374,1,,
O0906,Organization,Cincinnati Post,Cincinnati Post,Newspaper,,4,RECORD-00374,1,,
O0907,Organization,Memphis Commercial-Appeal,Memphis Commercial-Appeal,Newspaper,,4,RECORD-00374,1,,
O0908,Organization,Ventura Country Star,Ventura Country Star,Newspaper,,6,RECORD-00374,1,,
O0909,Organization,Pegasus News,Pegasus News,Web-based News Company,,6,RECORD-00374,3,,
O0910,Organization,Forbes.com,Forbes.com,Website,,6,RECORD-00374,1,,
O0911,Organization,Editor and Publisher,Editor and Publisher,Trade Publication,,5,RECORD-00374,3,,
O0912,Organization,Fortune,Fortune,Magazine,,9,RECORD-00377,1,,
O0913,Organization,Santa Barbara News-Press,Santa Barbara News-Press,Newspaper,,7,RECORD-00377,1,,
O0914,Organization,Gannett Company,Gannett Company,Media Corporation,,4,RECORD-00377,1,,
O0915,Organization,PMH,PMH,Company,,4,RECORD-00377,1,,
O0916,Organization,Berkman Center (for Internet and Society),Berkman Center (for Internet and Society),Research Center,,7,RECORD-00380,1,,
O0917,Organization,World Editors Forum,World Editors Forum,Organization for newspaper editors,,6,RECORD-00380,1,,
O0918,Organization,OhmyNews International,OhmyNews International,News site,,4,RECORD-00380,1,,
O0921,Organization,Star-Ledger of Newark,Star-Ledger of Newark,Newspaper,,7,RECORD-00383,1,,
O0922,Organization,Cincinnati Enquirer,Cincinnati Enquirer,Newspaper,,7,RECORD-00383,1,,
O0923,Organization,ESPN.com,ESPN.com,Website,,7,RECORD-00383,1,,
O0924,Organization,Education Week's Digital Directions,Education Week's Digital Directions,Website,,7,RECORD-00383,1,,
O0925,Organization,News-Press of Ft. Myers,News-Press of Ft. Myers,Newspaper,,7,RECORD-00383,1,,
O0926,Organization,"The Patriot-News of Harrisburg, PA","The Patriot-News of Harrisburg, PA",Newspaper,,6,RECORD-00383,1,,
O0927,Organization,MTV News,MTV News,News outlet,,6,RECORD-00383,1,,
O0928,Organization,Chronicle of Higher Education,Chronicle of Higher Education,Publication,,6,RECORD-00383,1,,
O0929,Organization,Lawrence.com,Lawrence.com,Hyperlocal Entertainment Site,,6,RECORD-00384,1,,
O0930,Organization,LiveJournal,LiveJournal,Blog Platform,,3,RECORD-00384,1,,
O0931,Organization,Northwest Voice,Northwest Voice,News Organization,,3,RECORD-00384,1,,
O0932,Organization,Sioux Falls Argus Leader,Sioux Falls Argus Leader,Newspaper,,6,RECORD-00385,1,,
O0933,Organization,ChapterThree,ChapterThree,Software Development Company,,5,RECORD-00386,1,,
O0934,Organization,Acorn,Acorn,Community organization,,3,RECORD-00388,1,,
O0935,Organization,Berkman Center,Berkman Center,Research Center,,3,RECORD-00389,1,,
O0936,Organization,h2otown.info,h2otown.info,Hyperlocal Blog,,7,RECORD-00389,1,,
O0937,Organization,School Information System,School Information System,Weblog,,7,RECORD-00389,1,,
O0938,Organization,The Star Ledger,The Star Ledger,Newspaper,,4,RECORD-00389,1,,
O0939,Organization,BBC Radio,BBC Radio,Radio Station,,3,RECORD-00390,1,,
O0940,Organization,New Media Federation,New Media Federation,Trade Group,,3,RECORD-00390,1,,
O0941,Organization,Viacom,Viacom,Media Conglomerate,,4,RECORD-00391,2,,
O0942,Organization,"UNITY: Journalists of Color, Inc.","UNITY: Journalists of Color, Inc.",Journalism Organization,,9,RECORD-00393,2,,
O0943,Organization,Infinity Broadcasting,Infinity Broadcasting,Radio Broadcasting Company,,9,RECORD-00394,1,,
O0944,Organization,KYCY-AM,KYCY-AM,Radio Station,,8,RECORD-00394,1,,
O0945,Organization,E.W. Scripps,E.W. Scripps,Media Company,,5,RECORD-00394,1,,
O0946,Organization,Newsvine,Newsvine,News aggregator/social news website,,8,RECORD-00397,1,,
O0947,Organization,Worcester Telegram & Gazette,Worcester Telegram & Gazette,News Outlet,,8,RECORD-00398,1,,
O0948,Organization,Memphis Commercial Appeal,Memphis Commercial Appeal,News Outlet,,4,RECORD-00398,1,,
O0949,Organization,Prints the Chaff,Prints the Chaff,Blog,,3,RECORD-00398,1,,
O0950,Organization,Chicago Public Radio,Chicago Public Radio,Radio Network,,3,RECORD-00398,1,,
O0951,Organization,Radio Shack,Radio Shack,Retail Company,,3,,1,,
O0952,Organization,Center for Citizens Media,Center for Citizens Media,Organization,,6,RECORD-00400,1,,
O0953,Organization,Drupal,Drupal,Software,,4,RECORD-00400,1,,
O0954,Organization,Bryght,Bryght,Team,,4,RECORD-00400,1,,
O0955,Organization,Fresno Bee,Fresno Bee,Newspaper,,5,RECORD-00400,1,,
O0956,Organization,Daily News,Daily News,Newspaper,,3,RECORD-00400,1,,
O0957,Organization,Media Nation,Media Nation,Blog,,4,RECORD-00400,2,,
O0958,Organization,Commonwealth Magazine,Commonwealth Magazine,Magazine,,3,RECORD-00400,1,,
O0959,Organization,Information Week,Information Week,Publication,,3,RECORD-00400,1,,
O0960,Organization,MySpace,MySpace,Social Media,,3,RECORD-00400,1,,
O0961,Organization,Blinq,Blinq,,,3,RECORD-00400,1,,
O0962,Organization,E-Media blog,E-Media blog,Blog,,3,RECORD-00400,1,,
O0963,Organization,Wired News blog,Wired News blog,Blog,,3,RECORD-00400,1,,
O0964,Organization,Monkey Bites,Monkey Bites,Blog,,3,RECORD-00400,1,,
O0965,Organization,SocialTech,SocialTech,Website,,3,RECORD-00400,1,,
O0966,Organization,Lexblog,Lexblog,Legal Blog,,4,RECORD-00400,1,,
O0967,Organization,Muncie Free Press,Muncie Free Press,Placeblog,,3,RECORD-00400,1,,
O0968,Organization,Common Sense Journalism,Common Sense Journalism,Blog/Website,,6,RECORD-00402,1,,
O0969,Organization,Campaign Desk,Campaign Desk,News Organization,,7,RECORD-00402,4,,
O0970,Organization,Belmont Club,Belmont Club,Blog,,6,RECORD-00402,1,,
O0971,Organization,A isen blog,A isen blog,Blog,,6,RECORD-00402,1,,
O0972,Organization,BlogPulse,BlogPulse,Blog Analysis Tool,,6,RECORD-00402,1,,
O0973,Organization,US Army Corps of Engineers,US Army Corps of Engineers,Government organization,,5,,1,,
O0974,Organization,Nation of Islam,Nation of Islam,Religious Group,,4,,1,,
O0975,Organization,The Scobleizer,The Scobleizer,Blog,,3,RECORD-00406,1,,
O0976,Organization,al-Arabiya,al-Arabiya,Arabic Satellite Channel,,7,RECORD-00408,1,,
O0977,Organization,Random House,Random House,Publisher,,4,RECORD-00409,1,,
O0978,Organization,Office of the Public Editor,Office of the Public Editor,Internal Review Body,The New York Times,8,RECORD-00410,1,,
O0979,Organization,OC Register,OC Register,Newspaper,,5,RECORD-00410,1,,
O0980,Organization,NYT News Service,NYT News Service,News Agency,The New York Times,6,RECORD-00410,1,,
O0981,Organization,Department of Health and Human Services (HHS),Department of Health and Human Services (HHS),Government Agency,,8,RECORD-00411,1,,
O0982,Organization,General Accounting Office,General Accounting Office,Government Agency,,3,RECORD-00411,1,,
O0983,Organization,CNBC,CNBC,Television Network,,2,RECORD-00411,1,,
O0984,Organization,Television Week,Television Week,Trade Publication,,2,RECORD-00411,1,,
O0985,Organization,The Daily Show,The Daily Show,Television Program,,2,RECORD-00411,3,,
O0986,Organization,Lycos,Lycos,Search Engine,,4,RECORD-00412,1,,
O0987,Organization,Seldom Sober,Seldom Sober,Weblog,,4,RECORD-00412,1,,
O0988,Organization,The Newshour with Jim Lehrer,The Newshour with Jim Lehrer,News Program,,5,RECORD-00414,1,,
O0989,Organization,BlueEar.com,BlueEar.com,Website,,3,RECORD-00414,1,,
O0990,Organization,SITE Institute,SITE Institute,Think Tank,,4,RECORD-00414,1,,
O0991,Organization,Pakistan,Pakistan,Country,,4,RECORD-00414,1,,
O0992,Organization,U.S. officials,U.S. officials,Government,,4,RECORD-00414,1,,
O0993,Organization,Homeland Security,Homeland Security,Government Agency,,4,RECORD-00414,1,,
O0994,Organization,WBDJ-TV,WBDJ-TV,Television Station,,2,RECORD-00415,1,,
O0995,Organization,CBS Affiliates Association,CBS Affiliates Association,Affiliate Group,,3,RECORD-00415,1,,
O0996,Organization,Yale Law School,Yale Law School,Law School,,2,RECORD-00415,1,,
O0997,Organization,Corante,Corante,Blog,,2,RECORD-00415,2,,
O0998,Organization,Syracuse University J-school,Syracuse University J-school,Journalism School,,3,RECORD-00416,1,,
O1000,Organization,Rolling Stone,Rolling Stone,Magazine,,7,RECORD-00420,1,,
O1001,Organization,Foreign Policy magazine,Foreign Policy magazine,Magazine,,6,RECORD-00420,1,,
O1002,Organization,Berkman Center for Internet & Society,Berkman Center for Internet & Society,Research Center,,7,RECORD-00421,1,,
O1003,Organization,Meetup.org,Meetup.org,Organization,,3,RECORD-00421,1,,
O1004,Organization,USNews.com,USNews.com,News Website,,3,RECORD-00422,1,,
O1005,Organization,TPM Café,TPM Café,Forum Site,,5,RECORD-00422,1,,
O1006,Organization,Military Reporters and Editors,Military Reporters and Editors,Journalism Association,,5,RECORD-00423,1,,
O1007,Organization,San Antonio Express-News,San Antonio Express-News,News Organization,,3,RECORD-00423,1,,
O1008,Organization,Harvard's Kennedy School of Government,Harvard's Kennedy School of Government,University Department,,3,RECORD-00423,1,,
O1009,Organization,Allbritton Communications,Allbritton Communications,Media company,,8,RECORD-00424,1,,
O1010,Organization,Roll Call,Roll Call,Newspaper,,4,RECORD-00424,1,,
O1011,Organization,The Hill Newspaper,The Hill Newspaper,Newspaper,,4,RECORD-00424,1,,
O1012,Organization,Democratic Leadership Council,Democratic Leadership Council,Political organization,,5,RECORD-00425,1,,
O1013,Organization,BBC World Service,BBC World Service,Media Organization,,7,RECORD-00429,1,,
O1014,Organization,Weblogsinc.com,Weblogsinc.com,Online Publication,,4,RECORD-00430,1,,
O1015,Organization,New York Press,New York Press,Newspaper,,6,RECORD-00433,1,,
O1016,Organization,WashingtonMonthly.com,WashingtonMonthly.com,Website,,6,RECORD-00433,1,,
O1017,Organization,Human Events,Human Events,Website,,5,RECORD-00433,1,,
O1018,Organization,NY Times,NY Times,Newspaper,,6,RECORD-00433,1,,
O1019,Organization,Balloon Juice,Balloon Juice,Blog,,5,RECORD-00433,1,,
O1020,Organization,Republican convention,Republican convention,Political event,,6,RECORD-00434,1,,
O1021,Organization,UN,UN,International Organization,,4,RECORD-00436,1,,
O1022,Organization,Biosecurity and Bioterrorism,Biosecurity and Bioterrorism,Academic Journal,,4,RECORD-00436,1,,
O1023,Organization,Russian WTO,Russian WTO,Trade organization,,3,RECORD-00439,1,,
O1024,Organization,Times Books,Times Books,Book Publisher,,9,RECORD-00440,1,,
O1025,Organization,Henry Holt,Henry Holt,Publishing House,,8,RECORD-00440,1,,
O1026,Organization,Holtzbrinck Publishers,Holtzbrinck Publishers,Media Company,,4,RECORD-00440,1,,
O1027,Organization,U.S. Government,U.S. Government,Government,,6,RECORD-00442,1,,
O1028,Organization,Department of Education,Department of Education,Government Agency,,8,RECORD-00445,2,,
O1029,Organization,Edelman,Edelman,Public Relations Agency,,7,RECORD-00445,1,,
O1030,Organization,PR Week,PR Week,Trade Journal,,6,RECORD-00445,1,,
O1031,Organization,The Holmes Report,The Holmes Report,Industry newsletter,,4,RECORD-00445,1,,
O1032,Organization,Beatblogging.org,Beatblogging.org,Project/Website,,10,RECORD-00446,1,,
O1033,Organization,Patriot-News,Patriot-News,News Organization,,4,RECORD-00446,1,,
O1034,Organization,WiredJournalists.com,WiredJournalists.com,Website/Community,,6,RECORD-00446,1,,
O1035,Organization,Texas Air National Guard,Texas Air National Guard,Military Organization,,5,RECORD-00451,1,,
O1036,Organization,Committee of Concerned Journalists,Committee of Concerned Journalists,Journalism Organization,,5,RECORD-00451,1,,
O1037,Organization,Brill's Content,Brill's Content,Media Publication,,3,RECORD-00451,2,,
O1038,Organization,Organization of Newspaper Ombudsmen,Organization of Newspaper Ombudsmen,Organization,,5,RECORD-00453,1,,
O1039,Organization,Forbes,Forbes,Media Organization,,9,RECORD-00455,1,,
O1040,Organization,Interfax,Interfax,News Agency,,3,RECORD-00455,1,,
O1041,Organization,Forbes Russia,Forbes Russia,Media Organization,,6,RECORD-00455,1,,
O1042,Organization,Russia Journal,Russia Journal,Media Organization,,4,RECORD-00455,1,,
O1043,Organization,This American Life,This American Life,Radio program,,8,RECORD-00456,3,,
O1044,Organization,Apture,Apture,,,5,RECORD-00456,1,,
O1045,Organization,ContentNext Media,ContentNext Media,,,4,RECORD-00456,1,,
O1046,Organization,Post-Dispatch,Post-Dispatch,,,7,RECORD-00457,1,,
O1047,Organization,St. Louis Platform,St. Louis Platform,,,7,RECORD-00457,1,,
O1048,Organization,KETC,KETC,public TV station,,7,RECORD-00457,1,,
O1049,Organization,Voice of America,Voice of America,,,7,RECORD-00457,1,,
O1050,Organization,Defense Intelligence Agency,Defense Intelligence Agency,Government Agency,,4,RECORD-00458,1,,
O1051,Organization,Defense Threat Reduction Agency,Defense Threat Reduction Agency,Government Agency,,4,RECORD-00458,1,,
O1052,Organization,NABJ,NABJ,Journalism Organization,,7,RECORD-00460,1,,
O1053,Organization,AAJA,AAJA,Journalism Organization,,7,RECORD-00460,1,,
O1054,Organization,NAJA,NAJA,Journalism Organization,,7,RECORD-00460,1,,
O1055,Organization,ASNE,ASNE,Journalism Organization,,6,RECORD-00460,1,,
O1056,Organization,NAA,NAA,Journalism Organization,,5,RECORD-00460,1,,
O1057,Organization,RTNDA,RTNDA,Journalism Organization,,5,RECORD-00460,1,,
O1058,Organization,SPJ,SPJ,Journalism Organization,,5,RECORD-00460,1,,
O1059,Organization,University of Texas,University of Texas,University,,6,RECORD-00460,1,,
O1060,Organization,IRE,IRE,Journalism Organization,,4,RECORD-00460,1,,
O1061,Organization,Riehl World View,Riehl World View,Blog,,5,RECORD-00461,1,,
O1062,Organization,Journal & Courier,Journal & Courier,Newspaper,,5,RECORD-00462,1,,
O1063,Organization,Santa Cruz Sentinel,Santa Cruz Sentinel,News Organization,,3,RECORD-00463,1,,
O1064,Organization,ArtsJournal.com,ArtsJournal.com,Website,,3,RECORD-00463,1,,
O1065,Organization,University of Central Lancashire,University of Central Lancashire,University,,2,RECORD-00463,1,,
O1066,Organization,Law.com,Law.com,Legal Website,,4,RECORD-00465,1,,
O1067,Organization,Knight Ridder Digital,Knight Ridder Digital,News Organization,,4,RECORD-00465,1,,
O1068,Organization,Truth Laid Bear,Truth Laid Bear,Blog,,4,RECORD-00465,1,,
O1069,Organization,NewsMax,NewsMax,News Website,,6,RECORD-00466,1,,
O1070,Organization,Daily Variety,Daily Variety,News Organization,,2,RECORD-00468,1,,
O1071,Organization,Catholic News Service,Catholic News Service,News Organization,,2,RECORD-00468,1,,
O1072,Organization,Baptist Press,Baptist Press,News Organization,,2,RECORD-00468,1,,
O1073,Organization,World,World,Magazine,,2,RECORD-00468,1,,
O1074,Organization,Christianity Today,Christianity Today,Magazine,,2,RECORD-00468,1,,
O1075,Organization,GetReligion,GetReligion,Blog,,3,RECORD-00468,1,,
O1076,Organization,Marketwatch.com,Marketwatch.com,Financial News Website,,3,RECORD-00471,1,,
O1078,Organization,University of Maryland’s International Center for Media and the Public Agenda,University of Maryland’s International Center for Media and the Public Agenda,University Research Center,,3,RECORD-00472,1,,
O1079,Organization,Sky News,Sky News,News Organization,,2,RECORD-00472,1,,
O1080,Organization,ITN,ITN,News Organization,,2,RECORD-00472,1,,
O1081,Organization,Al Jazeera (English),Al Jazeera (English),News Organization,,2,RECORD-00472,1,,
O1082,Organization,The Post,The Post,News Organization,,5,RECORD-00473,1,,
O1083,Organization,Mississippi Public Broadcasting,Mississippi Public Broadcasting,Public Broadcasting,,2,RECORD-00474,1,,
O1084,Organization,New Criterion,New Criterion,Literary and Cultural Magazine,,6,RECORD-00474,2,,
O1085,Organization,pandagon.net,pandagon.net,Blog,,3,RECORD-00475,1,,
O1086,Organization,Electablog,Electablog,Blog,,3,RECORD-00475,1,,
O1087,Organization,protein wisdom,protein wisdom,Blog,,3,RECORD-00475,1,,
O1088,Organization,College Media Advisers,College Media Advisers,Organization for College Media,,4,RECORD-00476,1,,
O1089,Organization,Gawker,Gawker,Website,,3,RECORD-00476,1,,
O1090,Organization,Harvard's Institute of Politics,Harvard's Institute of Politics,Academic Institution,,6,RECORD-00510,1,,
O1091,Organization,Greensboro newspaper,Greensboro newspaper,Newspaper,,5,RECORD-00511,1,,
O1092,Organization,Canadian newspaper blogs,Canadian newspaper blogs,Newspaper Blogs,,5,RECORD-00511,1,,
O1093,Organization,American Friends Service Committee,American Friends Service Committee,Activist Group,,5,RECORD-00512,1,,
O1094,Organization,National Basketball Association,National Basketball Association,Sports Organization,,3,RECORD-00512,1,,
O1095,Organization,BlogHer,BlogHer,Conference,,3,RECORD-00513,1,,
O1096,Organization,Newspaper Chains,Newspaper Chains,Media company,,6,RECORD-00513,1,,
O1097,Organization,Town Hall,Town Hall,Government building,,3,RECORD-00513,1,,
O1098,Organization,Diebold,Diebold,Voting machine company,,3,RECORD-00513,1,,
O1099,Organization,Community News Company,Community News Company,Media company,,7,RECORD-00513,1,,
O1100,Organization,Fidelity,Fidelity,Financial services company,,4,RECORD-00513,1,,
O1101,Organization,Belmont Citizen,Belmont Citizen,Newspaper,,3,RECORD-00513,1,,
O1102,Organization,Woburn Daily Times & Chronicle,Woburn Daily Times & Chronicle,Newspaper,,5,RECORD-00513,1,,
O1103,Organization,Swift Boat Veterans,Swift Boat Veterans,Political group,,8,RECORD-00514,1,,
O1104,Organization,Association of Tight-Assed Editors of America,Association of Tight-Assed Editors of America,Satirical organization,,5,RECORD-00515,1,,
O1105,Organization,Columbia's Graduate School of Journalism,Columbia's Graduate School of Journalism,Journalism School,,4,RECORD-00516,1,,
O1107,Organization,DailyKos.com,DailyKos.com,Blog,,5,RECORD-00520,1,,
O1108,Organization,Pew Internet & American Life Project,Pew Internet & American Life Project,Research Organization,,5,,1,,
O1109,Organization,Duke University,Duke University,University,,3,,1,,
O1110,Organization,Minnesota Public Radio,Minnesota Public Radio,Radio Station,,4,,1,,
O1111,Organization,Poynter Online,Poynter Online,Website,,3,,1,,
O1112,Organization,Examiner,Examiner,News outlet,,6,RECORD-00524,1,,
O1113,Organization,openDemocracy.net,openDemocracy.net,Website,,5,RECORD-00524,1,,
O1114,Organization,The Blog Reader,The Blog Reader,Blog,,4,RECORD-00524,1,,
O1115,Organization,Wired News,Wired News,News organization,,5,RECORD-00524,1,,
O1116,Organization,Progress and Freedom Foundation,Progress and Freedom Foundation,Think tank,,4,RECORD-00524,1,,
O1118,Organization,Monacle,Monacle,Magazine,,3,,1,,
O1119,Organization,Today Show,Today Show,Television Program,,5,RECORD-00528,1,,
O1120,Organization,U.S. military,U.S. military,Military,,7,RECORD-00530,1,,
O1121,Organization,International Olympic Committee,International Olympic Committee,Sports Organization,,3,RECORD-00530,1,,
O1122,Organization,BOP (The Blogging of the President),BOP (The Blogging of the President),Website/Blog,,4,RECORD-00531,1,,
O1123,Organization,CAMERA,CAMERA,Media Watch Group,,5,RECORD-00532,1,,
O1124,Organization,Accuracy in Media,Accuracy in Media,Media Watch Group,,5,RECORD-00532,1,,
O1125,Organization,Radio Open Source,Radio Open Source,Radio Program,,5,RECORD-00533,1,,
O1126,Organization,Young America’s Foundation,Young America’s Foundation,Conservative Organization,,2,RECORD-00534,1,,
O1127,Organization,The Moderate Voice,The Moderate Voice,Publication,,2,RECORD-00534,1,,
O1128,Organization,Media Citizen,Media Citizen,Publication,,2,RECORD-00534,1,,
O1129,Organization,New Organizing Institute,New Organizing Institute,Training Institute,,5,RECORD-00536,1,,
O1130,Organization,PRWeek,PRWeek,Trade Publication,,6,RECORD-00538,1,,
O1131,Organization,Omnicom Group,Omnicom Group,Holding Company,,5,RECORD-00538,1,,
O1132,Organization,Tribune Media Services,Tribune Media Services,Media Company,,5,RECORD-00538,1,,
O1133,Organization,Bluffton Today,Bluffton Today,Newspaper,,9,RECORD-00539,1,,
O1134,Organization,Morris Digital Works,Morris Digital Works,Company,,4,RECORD-00539,1,,
O1135,Organization,LeMonde,LeMonde,Newspaper,,3,RECORD-00539,1,,
O1136,Organization,Mail and Guardian,Mail and Guardian,Newspaper,,3,RECORD-00539,1,,
O1137,Organization,SFGate.com,SFGate.com,Website,,6,RECORD-00542,1,,
O1138,Organization,"Shorenstein Center on the Press, Politics and Public Policy at Harvard","Shorenstein Center on the Press, Politics and Public Policy at Harvard",Research Center,,6,RECORD-00544,1,,
O1139,Organization,Tribune Company,Tribune Company,Media Conglomerate,,5,RECORD-00544,1,,
O1140,Organization,Investor's Business Daily,Investor's Business Daily,Newspaper,,3,RECORD-00545,1,,
O1141,Organization,townhall.com,townhall.com,Website,,3,RECORD-00545,1,,
O1142,Organization,All Things Considered,All Things Considered,Radio Program,,2,RECORD-00545,1,,
O1143,Organization,Hardball,Hardball,TV Show,,2,RECORD-00545,3,,
O1144,Organization,SMU Daily Campus,SMU Daily Campus,Newspaper,,2,RECORD-00545,1,,
O1145,Organization,Richmond Times Dispatch,Richmond Times Dispatch,Newspaper,,3,RECORD-00545,1,,
O1146,Organization,Access North Georgia,Access North Georgia,News Website,,2,RECORD-00545,1,,
O1147,Organization,Atlanta Journal Constitution,Atlanta Journal Constitution,Newspaper,,3,RECORD-00545,1,,
O1148,Organization,Real Clear Politics,Real Clear Politics,Website,,3,RECORD-00545,1,,
O1149,Organization,ConservativeGroundswell.com,ConservativeGroundswell.com,Website,,2,RECORD-00545,1,,
O1150,Organization,Gannett News,Gannett News,News Organization,,4,RECORD-00548,1,,
O1151,Organization,Memeorandum,Memeorandum,News aggregator,,4,RECORD-00551,1,,
O1152,Organization,Washington Redskins,Washington Redskins,Sports Team,,2,RECORD-00551,1,,
O1153,Organization,Tapped,Tapped,Blog,,3,RECORD-00551,1,,
O1154,Organization,Lawbeat,Lawbeat,Blog,,3,RECORD-00551,1,,
O1155,Organization,The American Lawyer,The American Lawyer,Legal Publication,,3,RECORD-00551,1,,
O1156,Organization,American Conservative,American Conservative,Magazine,,2,RECORD-00553,1,,
O1157,Organization,Radar magazine,Radar magazine,Magazine,,2,RECORD-00553,1,,
O1158,Organization,Corsair,Corsair,Satirical Publication,,2,RECORD-00553,1,,
O1159,Organization,Sports Illustrated,Sports Illustrated,Magazine,,2,RECORD-00553,1,,
O1160,Organization,The New York Herald Tribune,The New York Herald Tribune,Newspaper,,2,RECORD-00553,1,,
O1161,Organization,Assignment Zero,Assignment Zero,Collaborative Journalism Project,,9,RECORD-00554,13,,
O1162,Organization,Tree House Media Project,Tree House Media Project,Website/Project,,9,RECORD-00555,1,,
O1163,Organization,Tampa Tribune,Tampa Tribune,Newspaper,,7,RECORD-00555,1,,
O1164,Organization,TBO.com,TBO.com,Website,,6,RECORD-00555,1,,
O1165,Organization,WFLA,WFLA,Television Station,,4,RECORD-00555,1,,
O1166,Organization,BloggerCon III,BloggerCon III,Conference,,3,RECORD-00556,2,,
O1167,Organization,GetLocalNews.com,GetLocalNews.com,News Website,,4,RECORD-00556,1,,
O1168,Organization,NowPublic News,NowPublic News,News Website,,3,RECORD-00556,1,,
O1169,Organization,Metafilter,Metafilter,Online Community,,3,RECORD-00556,1,,
O1170,Organization,iVillage,iVillage,Website,,4,RECORD-00556,1,,
O1171,Organization,Esquire Magazine,Esquire Magazine,Magazine,,9,RECORD-00557,1,,
O1172,Organization,Open Left,Open Left,Blog/Online Community,,6,RECORD-00558,1,,
O1173,Organization,Chattanooga Times Free Press,Chattanooga Times Free Press,News Outlet,,5,RECORD-00559,1,,
O1174,Organization,The Inquirer,The Inquirer,Newspaper,,9,RECORD-00563,1,,
O1175,Organization,Broad Street Review,Broad Street Review,Publication,,3,RECORD-00563,1,,
O1176,Organization,Hearst,Hearst,Newspaper Chain,,3,RECORD-00563,1,,
O1177,Organization,The Day,The Day,Newspaper,,3,RECORD-00563,1,,
O1178,Organization,University of North Carolina,University of North Carolina,University,,3,RECORD-00563,1,,
O1179,Organization,News & Record in Greensboro,News & Record in Greensboro,News Organization,,7,RECORD-00564,1,,
O1180,Organization,University of California at Berkeley’s journalism school,University of California at Berkeley’s journalism school,University,,5,RECORD-00564,1,,
O1181,Organization,NBA’s Dallas Mavericks,NBA’s Dallas Mavericks,Sports Team,,4,RECORD-00564,1,,
O1182,Organization,Missouri School of Journalism,Missouri School of Journalism,Journalism School,,5,RECORD-00564,1,,
O1183,Organization,daily newspaper division,daily newspaper division,News Media,,6,RECORD-00567,1,,
O1184,Organization,The Learning Newsroom,The Learning Newsroom,Project,,6,RECORD-00567,1,,
O1185,Organization,Crawdaddy,Crawdaddy,Counterculture and Music Magazine,,4,RECORD-00568,1,,
O1186,Organization,U.S. Southern Command,U.S. Southern Command,Military Command,,7,RECORD-00569,1,,
O1187,Organization,Corporation for Public Broadcasting,Corporation for Public Broadcasting,Broadcasting Organization,,2,RECORD-00569,1,,
O1188,Organization,The National Debate,The National Debate,News Outlet,,4,,1,,
O1189,Organization,MediaChannel,MediaChannel,Media Organization,,5,,1,,
O1190,Organization,Harvard Kennedy School,Harvard Kennedy School,University Department,,4,RECORD-00571,2,,
O1191,Organization,World Wide Web,World Wide Web,Network,,7,RECORD-00571,1,,
O1192,Organization,Foreign Office,Foreign Office,Government Department,,3,RECORD-00571,1,,
O1193,Organization,tomdispatch.com,tomdispatch.com,Website,,3,RECORD-00571,1,,
O1194,Organization,Open Source,Open Source,Radio Program,,3,RECORD-00571,1,,
O1195,Organization,Washington Press,Washington Press,Media,,8,RECORD-00572,1,,
O1196,Organization,O’Reilly Books,O’Reilly Books,Publisher,,5,RECORD-00573,1,,
O1197,Organization,Blogger,Blogger,Software Program,,5,RECORD-00573,2,,
O1198,Organization,Movable Type,Movable Type,Software Program,,6,RECORD-00573,2,,
O1199,Organization,Kennedy School at Harvard,Kennedy School at Harvard,Academic Institution,,4,RECORD-00573,1,,
O1200,Organization,Tech President,Tech President,Website,,3,RECORD-00576,1,,
O1201,Organization,The Akron Beacon Journal,The Akron Beacon Journal,Newspaper,,5,RECORD-00577,1,,
O1202,Organization,Columbia J-school,Columbia J-school,Journalism School,,8,RECORD-00578,1,,
O1203,Organization,Century Club,Century Club,Club,,2,RECORD-00578,1,,
O1204,Organization,Trump Administration,Trump Administration,Government Administration,,7,RECORD-00579,1,,
O1205,Organization,This Week,This Week,Television Program,,4,RECORD-00581,1,,
O1206,Organization,Current,Current,Media Organization,,7,,1,,
O1207,Organization,Mercer University's Center for Collaborative Journalism,Mercer University's Center for Collaborative Journalism,University Center,,6,,1,,
O1208,Organization,US news organisations,US news organisations,Media,,7,RECORD-00589,1,,
O1209,Organization,NewsGuard,NewsGuard,Misinformation tracking company,,7,RECORD-00589,1,,
O1210,Organization,Project 2025,Project 2025,Conservative Planning Process,,7,RECORD-00589,2,,
O1211,Organization,Big Oil,Big Oil,Industry,,7,RECORD-00590,1,,
O1212,Organization,Advertising industry,Advertising industry,Industry,,5,RECORD-00590,1,,
O1213,Organization,PR industry,PR industry,Industry,,5,RECORD-00590,1,,
O1214,Organization,X (formerly Twitter),X (formerly Twitter),Social Media Platform,,10,RECORD-00592,1,,
O1215,Organization,Bluesky,Bluesky,Social Media Platform,,7,RECORD-00592,1,,
O1216,Organization,Inside Higher Ed,Inside Higher Ed,News Publication,,6,RECORD-00592,1,,
O1217,Organization,WashPo,WashPo,News Organization,,4,RECORD-00593,1,,
O1218,Organization,Spot-on,Spot-on,Company,,4,RECORD-00593,1,,
O1219,Organization,American newsroom,American newsroom,Media Organization,,7,RECORD-00594,1,,
O1220,Organization,UC-Berkeley,UC-Berkeley,University,,3,RECORD-00594,1,,
O1221,Organization,Center for Economic and Policy Research,Center for Economic and Policy Research,Think Tank,,4,RECORD-00594,1,,
O1222,Organization,In These Times,In These Times,Magazine,,3,RECORD-00594,1,,
O1223,Organization,Arizona State University,Arizona State University,University,,3,RECORD-00594,1,,
O1224,Organization,Esquire,Esquire,Magazine,,3,RECORD-00594,1,,
O1225,Organization,Posterous,Posterous,Social Media Platform,,4,RECORD-00595,1,,
O1226,Organization,Reuters Institute,Reuters Institute,Research Institute,,7,RECORD-00596,1,,
O1227,Organization,The Age,The Age,Newspaper,,3,RECORD-00597,1,,
O1228,Organization,The Sydney Morning Herald,The Sydney Morning Herald,Newspaper,,3,RECORD-00597,1,,
O1229,Organization,Morning Joe,Morning Joe,TV Show,,2,RECORD-00597,1,,
O1230,Organization,Brookings Institution,Brookings Institution,Think Tank,,5,RECORD-00601,1,,
O1231,Organization,Media executive,Media executive,Media,,8,RECORD-00602,1,,
O1232,Organization,Pew Research,Pew Research,Research organization,,8,RECORD-00603,1,,
O1233,Organization,TikTok,TikTok,Social media platform,,9,RECORD-00603,1,,
O1234,Organization,News Creator Corps,News Creator Corps,Nonprofit startup,,10,RECORD-00603,2,,
O1235,Organization,News Media,News Media,Media Industry,,9,RECORD-00604,1,,
O1236,Organization,Ipsos,Ipsos,Polling Firm,,5,RECORD-00604,1,,
O1237,Organization,Harvard's Berkman Center,Harvard's Berkman Center,Research Center,,5,RECORD-00607,1,,
O1238,Organization,The View,The View,TV Show,,8,RECORD-00612,1,,
O1308,Organization,Northeastern University,northeastern university,University,,3,RECORD-00350,1,,Auto-created during validation repair
O1309,Organization,Creative Commons Foundation,creative commons foundation,Non-profit organization,,8,RECORD-00350,1,,Created during relationship repair on 2026-01-06
O1310,Organization,Routledge,routledge,Academic Publisher,,7,RECORD-00414,1,,Created during relationship repair on 2026-01-06
P0001,Person,Eric Nelson,Eric Nelson,Senior Editor,John Wiley and Sons,10,RECORD-00002,2,,
P0002,Person,Digby,Digby,Blogger,None,7,RECORD-00002,3,,
P0003,Person,Paul Krugman,Paul Krugman,Columnist,The New York Times,6,RECORD-00002,13,,
P0004,Person,Kevin Drum,Kevin Drum,Blogger,None,5,RECORD-00002,4,,
P0005,Person,Jay Rosen,Jay Rosen,"Professor, Media Critic",None,6,RECORD-00002,377,,
P0006,Person,Daniel Radosh,Daniel Radosh,Blogger,None,4,RECORD-00002,2,,
P0007,Person,Ruy Teixiera,Ruy Teixiera,Blogger,None,4,RECORD-00002,2,,
P0008,Person,Josh Marshall,Josh Marshall,"Editor, Blogger","Talking Points Memo, The American Prospect",7,RECORD-00002,17,,
P0009,Person,Andrew Sullivan,Andrew Sullivan,"Blogger, Former Magazine Editor",None,6,RECORD-00002,8,,
P0010,Person,Jeff Jarvis,Jeff Jarvis,"Blogger, Former Magazine Editor",None,6,RECORD-00002,65,,
P0011,Person,Ken Smith,Ken Smith,Blogger,Weblogs in Higher Education,4,RECORD-00002,2,,
P0012,Person,Mark Glaser,Mark Glaser,Columnist,"Online Journalism Review, About.com",5,RECORD-00002,11,,
P0013,Person,Len Apcar,Len Apcar,Editor in Chief,NYTimes.com,5,RECORD-00002,8,,
P0014,Person,George W. Bush,George W. Bush,President of the United States,None,4,RECORD-00002,66,,
P0015,Person,David Bohrman,David Bohrman,Executive Producer,CNN,8,RECORD-00003,2,,
P0016,Person,Joe Hagan,Joe Hagan,Reporter,The New York Observer,5,RECORD-00003,2,,
P0017,Person,Chris Thompson,Chris Thompson,Writer,The East Bay Express,5,RECORD-00003,1,,
P0018,Person,Sarah Courtney,Sarah Courtney,Assignment Editor,Fox News,5,RECORD-00003,1,,
P0019,Person,Rich Lowry,Rich Lowry,Editor,National Review,4,RECORD-00003,3,,
P0020,Person,Steve Gray,Steve Gray,Staff,New York Post,4,RECORD-00003,1,,
P0021,Person,Robert Kaiser,Robert Kaiser,Associate Editor,The Washington Post,4,RECORD-00003,1,,
P0022,Person,Princell Hair,Princell Hair,Executive Vice President,CNN,4,RECORD-00003,4,,
P0023,Person,Greg Mitchell,Greg Mitchell,Editor,Editor & Publisher,4,RECORD-00003,3,,
P0024,Person,Bob Franken,Bob Franken,Correspondent,CNN,9,RECORD-00004,1,,
P0025,Person,Stephen Spruiell,Stephen Spruiell,Reporter/Blogger,National Review Online,8,RECORD-00004,5,,
P0026,Person,Alan Feuer,Alan Feuer,Reporter,The New York Times,8,RECORD-00004,2,,
P0027,Person,Catherine Mathis,Catherine Mathis,Spokeswoman,The New York Times,6,RECORD-00004,2,,
P0028,Person,Danny Pearl,Danny Pearl,Reporter,,7,RECORD-00004,1,,
P0029,Person,Tim Graham,Tim Graham,Contributor,National Review Online,6,RECORD-00004,10,,
P0030,Person,Bill Keller,Bill Keller,Executive Editor,The New York Times,10,RECORD-00005,34,,
P0031,Person,Arlen Specter,Arlen Specter,Senator,United States Senate,5,RECORD-00005,1,,
P0032,Person,Paul Farhi,Paul Farhi,Reporter,The Washington Post,5,RECORD-00005,3,,
P0033,Person,James Risen,James Risen,Reporter,The New York Times,8,RECORD-00005,4,,
P0034,Person,James Rainey,James Rainey,Reporter,Los Angeles Times,4,RECORD-00005,3,,
P0035,Person,John F. Kerry,John F. Kerry,Senator,United States Senate,4,RECORD-00005,1,,
P0036,Person,Jonathan Alter,Jonathan Alter,Journalist,Newsweek,4,RECORD-00005,2,,
P0037,Person,Gabriel Sherman,Gabriel Sherman,Journalist,New York Observer,5,RECORD-00005,2,,
P0038,Person,Phil Taubman,Phil Taubman,Washington Bureau Chief,The New York Times,5,RECORD-00005,1,,
P0039,Person,Arthur Sulzberger Jr.,Arthur Sulzberger Jr.,Publisher,The New York Times,5,RECORD-00005,9,,
P0040,Person,Tom Kunkel,Tom Kunkel,Dean of J-School,University of Maryland,4,RECORD-00005,1,,
P0041,Person,Al Siegal,Al Siegal,Deputy Managing Editor,The New York Times,4,RECORD-00005,5,,
P0042,Person,Farhad Manjoo,Farhad Manjoo,Journalist,Salon,4,RECORD-00005,2,,
P0043,Person,Kurt Eichenwald,Kurt Eichenwald,Reporter,The New York Times,5,RECORD-00005,1,,
P0044,Person,John Cornyn,John Cornyn,Senator,United States Senate,4,RECORD-00005,1,,
P0045,Person,David Folkenflik,David Folkenflik,Reporter,NPR,4,RECORD-00005,7,,
P0046,Person,Alex Jones,Alex Jones,Former Reporter,The New York Times,4,RECORD-00005,2,,
P0047,Person,Ken Auletta,Ken Auletta,Journalist,The New Yorker,4,RECORD-00005,2,,
P0048,Person,Ron Brynaert,Ron Brynaert,,,4,RECORD-00005,3,,
P0049,Person,Charlie Rose,Charlie Rose,TV Host,,4,RECORD-00005,1,,
P0050,Person,Jose Canseco,Jose Canseco,"Athlete, Author",Unknown,4,,1,,
P0051,Person,Jon Stewart,Jon Stewart,"Comedian, Television Host, Author",Unknown,4,RECORD-00135,8,,
P0053,Person,Michael Scherer,Michael Scherer,Writer,Time,7,RECORD-00468,2,,
P0054,Person,Brad DeLong,Brad DeLong,Blogger,,7,RECORD-00472,1,,
P0055,Person,Larry Kart,Larry Kart,Former Newspaper Journalist,,8,,1,,
P0056,Person,John Pomfret,John Pomfret,Editor,Washington Post,9,,1,,
P0057,Person,Laura Rozen,Laura Rozen,Journalist,,8,,1,,
P0058,Person,Charlotte Allen,Charlotte Allen,Author,,9,,1,,
P0059,Person,Glenn Reynolds,Glenn Reynolds,Blogger,,6,RECORD-00119,20,,
P0060,Person,Ed Morrissey,Ed Morrissey,Blogger,,6,RECORD-00330,1,,
P0061,Person,Jessica Valenti,Jessica Valenti,"Writer, Blogger",,6,,1,,
P0062,Person,Jay Newton-Small,Jay Newton-Small,Journalist,Time,6,,1,,
P0063,Person,Jane Hamsher,Jane Hamsher,Blogger,,6,RECORD-00469,5,,
P0064,Person,Rachel Sklar,Rachel Sklar,Journalist,,6,,1,,
P0065,Person,Lisa Schiffren,Lisa Schiffren,Writer,National Review,6,,1,,
P0066,Person,Michael Dobbs,Michael Dobbs,Reporter,Washington Post,7,,2,,
P0067,Person,Andrew Cline,Andrew Cline,Blogger,,6,RECORD-00306,3,,
P0068,Person,Howard Kurtz,Howard Kurtz,Journalist,,7,RECORD-00116,27,,
P0069,Person,Jim Hoagland,Jim Hoagland,Columnist,Washington Post,8,,1,,
P0070,Person,Matt Welch,Matt Welch,Journalist,,7,RECORD-00363,7,,
P0071,Person,Hilzoy,Hilzoy,Blogger,,7,,1,,
P0072,Person,Jeff Bezos,Jeff Bezos,Owner,"The Washington Post, Amazon",10,RECORD-00020,1,,
P0073,Person,Donald Trump,Donald Trump,Former President,Truth Social,8,RECORD-00020,264,,
P0074,Person,Kamala Harris,Kamala Harris,Candidate,None,3,RECORD-00020,1,,
P0075,Person,Eugene Meyer,Eugene Meyer,Publisher,The Washington Post,4,RECORD-00020,1,,
P0076,Person,Neil Bedi,Neil Bedi,Reporter,The New York Times,3,RECORD-00020,1,,
P0077,Person,Lazaro Gamio,Lazaro Gamio,Reporter,The New York Times,3,RECORD-00020,1,,
P0078,Person,Ishaan Jhaveri,Ishaan Jhaveri,Reporter,The New York Times,3,RECORD-00020,1,,
P0079,Person,Devon Lum,Devon Lum,Reporter,The New York Times,3,RECORD-00020,1,,
P0080,Person,Haley Willis,Haley Willis,Reporter,The New York Times,3,RECORD-00020,1,,
P0081,Person,Karen Yourish,Karen Yourish,Reporter,The New York Times,3,RECORD-00020,1,,
P0082,Person,Elon Musk,Elon Musk,,X,4,RECORD-00020,2,,
P0083,Person,David Gilbert,David Gilbert,Writer,Wired,4,RECORD-00020,1,,
P0084,Person,Spiro Agnew,Spiro Agnew,Vice President,None,3,RECORD-00020,4,,
P0085,Person,Ron DeSantis,Ron DeSantis,,None,3,RECORD-00020,1,,
P0086,Person,Joe Biden,Joe Biden,President of the United States,None,5,RECORD-00021,43,,
P0087,Person,Leonard Leo,Leonard Leo,Political Activist,None,4,RECORD-00021,1,,
P0088,Person,Barack Obama,Barack Obama,Former President of the United States,None,5,RECORD-00021,11,,
P0089,Person,Boris Johnson,Boris Johnson,Former Prime Minister of the United Kingdom,None,4,RECORD-00021,1,,
P0090,Person,Steve Bannon,Steve Bannon,Political Strategist,None,6,RECORD-00021,3,,
P0091,Person,Viktor Orban,Viktor Orban,Prime Minister of Hungary,None,3,RECORD-00021,1,,
P0092,Person,Rudy Giuliani,Rudy Giuliani,Political Figure,None,6,RECORD-00022,2,,
P0093,Person,Hillary Clinton,Hillary Clinton,Political Figure,None,4,RECORD-00022,1,,
P0094,Person,Greg Sargent,Greg Sargent,Journalist,The Washington Post,3,RECORD-00022,7,,
P0095,Person,Glenn Kessler,Glenn Kessler,Fact-checker,The Washington Post,4,RECORD-00022,3,,
P0096,Person,Sean Illing,Sean Illing,Interviewer,None,7,RECORD-00022,1,,
P0097,Person,Les Moonves,Les Moonves,Former CEO,CBS,3,RECORD-00022,5,,
P0098,Person,Dean Baquet,Dean Baquet,Editor,The New York Times,4,RECORD-00022,10,,
P0099,Person,Peter Baker,Peter Baker,Journalist,The New York Times,3,RECORD-00022,4,,
P0100,Person,Ron Brownstein,Ron Brownstein,Journalist,The Atlantic,7,RECORD-00023,3,,
P0101,Person,Michael Madrid,Michael Madrid,Political consultant,Lincoln Project,6,RECORD-00023,2,,
P0102,Person,Brian Stelter,Brian Stelter,Journalist,CNN,8,RECORD-00024,3,,
P0103,Person,Annie Linskey,Annie Linskey,White House Reporter,The Wall Street Journal,8,RECORD-00025,1,,
P0104,Person,Meridith McGraw,Meridith McGraw,National Political Correspondent,Politico,8,RECORD-00025,1,,
P0105,Person,Brian Hamilton,Brian Hamilton,Chair of History and Social Science Department,Deerfield Academy,5,RECORD-00025,1,,
P0106,Person,Rachel Maddow,Rachel Maddow,Host,MSNBC,9,RECORD-00026,1,,
P0107,Person,Sherilyn Ifill,Sherilyn Ifill,Civil Rights Lawyer,NA,8,RECORD-00027,1,,
P0108,Person,Craig Newmark,Craig Newmark,Founder,Craigslist,7,RECORD-00027,12,,
P0109,Person,Soledad O'Brien,Soledad O'Brien,"Documentary Filmmaker, Former CNN Anchor",CNN,7,RECORD-00027,3,,
P0110,Person,Nikole Hannah-Jones,Nikole Hannah-Jones,Journalist,"Howard University, Center for Journalism & Democracy",8,RECORD-00027,1,,
P0111,Person,Ruth Ben-Ghiat,Ruth Ben-Ghiat,Expert on Totalitarian Regimes,NA,6,RECORD-00027,1,,
P0112,Person,Matthew Sheffield,Matthew Sheffield,Journalist,Young Turks,5,RECORD-00027,3,,
P0113,Person,Ezra Klein,Ezra Klein,Host of The Ezra Klein Show,The New York Times,10,RECORD-00028,3,,
P0114,Person,Nicole Hemmer,Nicole Hemmer,"Author, Associate Research Scholar, Podcast Host","Columbia University, Past Present podcast",8,RECORD-00028,2,,
P0115,Person,Joe Manchin,Joe Manchin,U.S. Senator,,8,RECORD-00028,1,,
P0116,Person,Kyrsten Sinema,Kyrsten Sinema,U.S. Senator,,7,RECORD-00028,1,,
P0117,Person,Bill Clinton,Bill Clinton,Former U.S. President,,5,RECORD-00028,2,,
P0118,Person,Charlie Warzel,Charlie Warzel,Technology Writer,,5,RECORD-00028,1,,
P0119,Person,Thomas Mann,Thomas Mann,Think tank scholar,None,6,RECORD-00029,2,,
P0120,Person,Norman Ornstein,Norman Ornstein,Think tank scholar,None,6,RECORD-00029,2,,
P0121,Person,Dan Balz,Dan Balz,Political journalist,The Washington Post,7,RECORD-00029,4,,
P0122,Person,Corey Lewandowski,Corey Lewandowski,Political Contributor,CNN,6,RECORD-00029,1,,
P0123,Person,Bryan Curtis,Bryan Curtis,Writer,The Ringer,5,RECORD-00029,1,,
P0124,Person,Marco Rubio,Marco Rubio,Politician,Republican Party,5,RECORD-00029,1,,
P0125,Person,Nate Silver,Nate Silver,"Statistician, Pundit",None,5,RECORD-00029,1,,
P0126,Person,Lester Holt,Lester Holt,News Anchor,NBC,6,RECORD-00029,1,,
P0127,Person,Kellyanne Conway,Kellyanne Conway,Campaign Manager,Donald Trump Campaign,7,RECORD-00029,1,,
P0128,Person,Dan Gillmor,Dan Gillmor,Reporter,San Jose Mercury News,8,RECORD-00030,35,,
P0129,Person,Maria Bustillos,Maria Bustillos,Founder,Brickhouse,8,RECORD-00031,1,,
P0130,Person,Gabe Schneider,Gabe Schneider,Journalist and Media Critic,The Objective,6,RECORD-00031,1,,
P0131,Person,Borja Echevarria,Borja Echevarria,Vice President of Digital,Univision News,7,RECORD-00032,1,,
P0132,Person,Peter Beinart,Peter Beinart,Professor and Columnist,CUNY J-School,7,RECORD-00032,2,,
P0133,Person,Ben Domenech,Ben Domenech,Founder and Publisher,The Federalist,7,RECORD-00032,2,,
P0134,Person,Julia Gillard,Julia Gillard,Prime Minister (Implied),,5,RECORD-00033,1,,
P0135,Person,Tony Abbott,Tony Abbott,Opposition Leader (Implied),,5,RECORD-00033,1,,
P0136,Person,Michael Schudson,Michael Schudson,,,5,RECORD-00034,2,,
P0137,Person,Claire Wardle,Claire Wardle,Research and Strategy Director,First Draft,6,RECORD-00034,2,,
P0138,Person,Arzu Geybulla,Arzu Geybulla,Freelance Writer,Azerbaijan,8,RECORD-00034,1,,
P0139,Person,Parker Higgens,Parker Higgens,Director of Special Projects,Freedom of the Press Foundation,5,RECORD-00034,1,,
P0140,Person,Sylvia Weisbord,Sylvia Weisbord,Professor,George Washington University,5,RECORD-00034,1,,
P0141,Person,Mitchell Arnstein,Mitchell Arnstein,Professor,University of Pennsylvania,8,RECORD-00035,1,,
P0142,Person,Azizy,Azizy,Professor and Head of Communication Department,University of Illinois Chicago,8,RECORD-00035,1,,
P0143,Person,Vivian Schiller,Vivian Schiller,Executive,Aspen Digital,8,RECORD-00036,2,,
P0144,Person,Gabe,Gabe,Speaker at a conference,Not specified,6,RECORD-00037,1,,
P0145,Person,Eric Lichtblau,Eric Lichtblau,Journalist,The New York Times,7,RECORD-00037,3,,
P0146,Person,James Rosen,James Rosen,Journalist,Not specified,8,RECORD-00037,1,,
P0147,Person,Jill Abramson,Jill Abramson,Editor,"The New York Times, Washington bureau",6,RECORD-00037,7,,
P0148,Person,Condoleezza Rice,Condoleezza Rice,Government Official,Not specified,6,RECORD-00037,1,,
P0149,Person,General Hayden,General Hayden,Government Official,Not specified,6,RECORD-00037,1,,
P0150,Person,Gloria Steinem,Gloria Steinem,"Activist, Writer, Editor",,3,RECORD-00038,1,,
P0151,Person,"Arthur Schlesinger, Jr.","Arthur Schlesinger, Jr.",Historian,,3,RECORD-00038,1,,
P0152,Person,Michael Sandel,Michael Sandel,Academic,,3,RECORD-00038,1,,
P0153,Person,Theodore Lowi,Theodore Lowi,Academic,,3,RECORD-00038,1,,
P0154,Person,Robert Putnam,Robert Putnam,Academic,,3,RECORD-00038,1,,
P0155,Person,E.J. Dionne,E.J. Dionne,Journalist,,3,RECORD-00038,4,,
P0156,Person,William Greider,William Greider,Journalist,,3,RECORD-00038,1,,
P0157,Person,Thomas Patterson,Thomas Patterson,Academic,,3,RECORD-00038,1,,
P0158,Person,Larry Sabato,Larry Sabato,Academic,,3,RECORD-00038,1,,
P0159,Person,James Fallows,James Fallows,Journalist,,3,RECORD-00038,5,,
P0160,Person,David Broder,David Broder,Journalist,,5,RECORD-00038,4,,
P0161,Person,Michael Janeway,Michael Janeway,"Journalist, Academic",,3,RECORD-00038,1,,
P0162,Person,Ted Koppel,Ted Koppel,Journalist,,4,RECORD-00038,6,,
P0163,Person,Davis 'Buzz' Merritt,Davis 'Buzz' Merritt,"Editor, The Wichita Eagle",The Wichita Eagle,6,RECORD-00038,2,,
P0164,Person,John Dewey,John Dewey,"Philosopher, Educational Reformer",,5,RECORD-00038,5,,
P0165,Person,Walter Lippmann,Walter Lippmann,"Writer, Reporter, Political Commentator",,5,RECORD-00038,5,,
P0166,Person,James Carey,James Carey,"Professor, Journalism Dean",Columbia University,5,RECORD-00038,3,,
P0167,Person,Ronald Heifetz,Ronald Heifetz,Leadership Guru,Kennedy School,4,RECORD-00038,1,,
P0168,Person,Jake Tapper,Jake Tapper,Show Host,CNN,6,RECORD-00039,1,,
P0169,Person,Chris Wallace,Chris Wallace,Show Host,,6,RECORD-00039,2,,
P0170,Person,George Lakoff,George Lakoff,,,7,RECORD-00039,1,,
P0171,Person,Viviane Schiller,Viviane Schiller,Executive Director,Aspen Digital,7,RECORD-00039,1,,
P0172,Person,Jeff Zucker,Jeff Zucker,Former President,CNN,7,RECORD-00042,3,,
P0173,Person,Cesar Sayoc,Cesar Sayoc,N/A,N/A,5,RECORD-00042,1,,
P0174,Person,Chris Licht,Chris Licht,President,CNN,6,RECORD-00042,1,,
P0175,Person,John Malone,John Malone,Shareholder,CNN,6,RECORD-00042,1,,
P0176,Person,Jonathan Karl,Jonathan Karl,White House Correspondent,ABC News,8,RECORD-00042,2,,
P0177,Person,Paul Taylor,Paul Taylor,Political Reporter,The Washington Post,4,RECORD-00043,9,,
P0178,Person,Herbert Gans,Herbert Gans,Sociologist,None,3,RECORD-00043,1,,
P0179,Person,Gaye Tuchman,Gaye Tuchman,Sociologist,None,3,RECORD-00043,1,,
P0180,Person,Neil Postman,Neil Postman,Media Critic,New York University,8,RECORD-00045,5,,
P0181,Person,Raymond Williams,Raymond Williams,Sociologist,,7,RECORD-00045,5,,
P0182,Person,Jim Romenesko,Jim Romenesko,"Journalist, Blogger",Media News,7,RECORD-00045,1,,
P0183,Person,Arianna Huffington,Arianna Huffington,Co-publisher of Huffington Post,,7,RECORD-00045,7,,
P0184,Person,Amanda Michel,Amanda Michel,Project director,Off the Bus,6,RECORD-00045,7,,
P0185,Person,Rush Limbaugh,Rush Limbaugh,Talk Radio Host,Premiere Radio Networks,5,RECORD-00046,1,,
P0186,Person,Richard Nixon,Richard Nixon,President of the United States,United States Government,5,RECORD-00046,6,,
P0187,Person,Barry Goldwater,Barry Goldwater,U.S. Senator,Republican Party,4,RECORD-00046,1,,
P0188,Person,Sean Spicer,Sean Spicer,White House Press Secretary,Trump Administration,4,RECORD-00046,1,,
P0189,Person,Sarah Huckabee Sanders,Sarah Huckabee Sanders,White House Press Secretary,Trump Administration,4,RECORD-00046,1,,
P0190,Person,Michael Lewis,Michael Lewis,Author,N/A,4,RECORD-00046,1,,
P0191,Person,Marty Baron,Marty Baron,Editor,The Washington Post,5,RECORD-00046,4,,
P0192,Person,Bob Corker,Bob Corker,U.S. Senator,Republican Party,4,RECORD-00046,1,,
P0193,Person,Chris Cillizza,Chris Cillizza,Journalist,None,5,RECORD-00047,4,,
P0194,Person,Mark Halperin,Mark Halperin,Journalist,None,5,RECORD-00047,9,,
P0195,Person,Ronald Reagan,Ronald Reagan,Former President of the United States,Republican Party,5,RECORD-00047,4,,
P0196,Person,Tip O'Neill,Tip O'Neill,Former Speaker of the House,Democratic Party,5,RECORD-00047,1,,
P0197,Person,Chris Matthews,Chris Matthews,Journalist,None,4,RECORD-00047,2,,
P0198,Person,Hedrick Smith,Hedrick Smith,Journalist,None,5,RECORD-00047,1,,
P0199,Person,Newt Gingrich,Newt Gingrich,Former Speaker of the House,Republican Party,5,RECORD-00047,1,,
P0200,Person,Mitt Romney,Mitt Romney,Politician,Republican Party,4,RECORD-00047,1,,
P0201,Person,Norm Ornstein,Norm Ornstein,Political Scientist,None,5,RECORD-00047,2,,
P0202,Person,Masha Gessen,Masha Gessen,Journalist and Author,None,7,RECORD-00048,1,,
P0203,Person,Daniel Dale,Daniel Dale,Reporter,CNN,6,RECORD-00048,1,,
P0204,Person,Marjorie Taylor Greene,Marjorie Taylor Greene,Congresswoman,None,6,RECORD-00048,1,,
P0205,Person,Benjamin Franklin,Benjamin Franklin,Founding Father of the United States,None,5,RECORD-00048,1,,
P0206,Person,Ian Dunt,Ian Dunt,Editor,Politics.co.uk,7,RECORD-00048,1,,
P0207,Person,Sarah Oates,Sarah Oates,Press Scholar,None,6,RECORD-00048,1,,
P0208,Person,Abby Phillip,Abby Phillip,CNN White House Correspondent,CNN,6,RECORD-00048,1,,
P0209,Person,Ben Smith,Ben Smith,Columnist,The New York Times,5,RECORD-00048,2,,
P0210,Person,Norm Pearlstine,Norm Pearlstine,Editor,Los Angeles Times,6,RECORD-00048,1,,
P0211,Person,Josh Mandel,Josh Mandel,Candidate for United States Senate in Ohio,,7,RECORD-00049,1,,
P0212,Person,Sherrod Brown,Sherrod Brown,Senator,,3,RECORD-00049,1,,
P0213,Person,Rob Portman,Rob Portman,Senator,,3,RECORD-00049,1,,
P0214,Person,Mike DeWine,Mike DeWine,Ohio Governor,,6,RECORD-00049,1,,
P0215,Person,Chris Quinn,Chris Quinn,Editor,The Cleveland Plain Dealer,7,RECORD-00049,1,,
P0216,Person,Jessica Huseman,Jessica Huseman,Editorial Director,Votebeat.org,6,RECORD-00049,1,,
P0217,Person,Mehdi Hasan,Mehdi Hasan,Host,"Peacock, MSNBC",8,RECORD-00049,1,,
P0218,Person,Marc Elias,Marc Elias,Lawyer,,4,RECORD-00049,1,,
P0219,Person,Michael Gerson,Michael Gerson,Columnist,Washington Post,7,RECORD-00050,1,,
P0220,Person,Tucker Carlson,Tucker Carlson,Television Host,Fox News,7,RECORD-00050,4,,
P0221,Person,Casey Newton,Casey Newton,Tech Journalist,Platformer,9,RECORD-00051,1,,
P0222,Person,Walter Cronkite,Walter Cronkite,News Anchor,,3,RECORD-00051,2,,
P0223,Person,Ida Tarbell,Ida Tarbell,Investigative Journalist,,3,RECORD-00051,1,,
P0224,Person,Lincoln Steffens,Lincoln Steffens,Investigative Journalist,,3,RECORD-00051,1,,
P0225,Person,S. S. McClure,S. S. McClure,Publisher,,3,RECORD-00051,1,,
P0226,Person,David Weinberger,David Weinberger,,,5,RECORD-00051,9,,
P0227,Person,Lewis Raven Wallace,Lewis Raven Wallace,Journalist,,3,RECORD-00051,1,,
P0228,Person,Joy Mayer,Joy Mayer,,,3,RECORD-00051,1,,
P0229,Person,Sally Lehrman,Sally Lehrman,,,3,RECORD-00051,1,,
P0230,Person,Tara McGowan,Tara McGowan,Founder and Publisher,Courier Newsroom,4,RECORD-00051,1,,
P0231,Person,Sara Fischer,Sara Fischer,Journalist,Axios,3,RECORD-00051,1,,
P0232,Person,George Soros,George Soros,Funder,,3,RECORD-00051,1,,
P0233,Person,Reid Hoffman,Reid Hoffman,Funder,,3,RECORD-00051,1,,
P0234,Person,Sammy Roth,Sammy Roth,Energy Correspondent,Los Angeles Times,4,RECORD-00051,1,,
P0235,Person,Richard Oppel,Richard Oppel,Editor,Charlotte Observer,8,RECORD-00052,3,,
P0236,Person,Terry Sanford,Terry Sanford,Senator,North Carolina,8,RECORD-00052,2,,
P0237,Person,Tom Barrett,Tom Barrett,Mayor of Milwaukee,Milwaukee,6,RECORD-00052,1,,
P0238,Person,Margaret Sullivan,Margaret Sullivan,"Journalist, Media Critic",,7,RECORD-00053,2,,
P0239,Person,Mark Jacob,Mark Jacob,Former editor,Chicago Tribune and Sun-Times,10,RECORD-00054,3,,
P0240,Person,Rahm Emanuel,Rahm Emanuel,Mayor of Chicago,None,6,RECORD-00054,1,,
P0241,Person,Jason Stanley,Jason Stanley,Author of How Fascism Works,None,5,RECORD-00054,1,,
P0242,Person,William Shirer,William Shirer,Author of Rise and Fall of the Third Reich,None,5,RECORD-00054,1,,
P0243,Person,Adolf Hitler,Adolf Hitler,Former leader of Nazi Germany,None,5,RECORD-00054,1,,
P0244,Person,Judy Woodruff,Judy Woodruff,Journalist,PBS NewsHour,7,RECORD-00245,3,,
P0245,Person,Michael Eisner,Michael Eisner,CEO,Disney,8,RECORD-00056,5,,
P0246,Person,Walt Disney,Walt Disney,Founder,Disney,5,RECORD-00056,3,,
P0247,Person,John Ziegler,John Ziegler,Conservative Radio Host,None,5,RECORD-00057,1,,
P0248,Person,Sean Hannity,Sean Hannity,Television Host,Fox News,7,RECORD-00057,2,,
P0249,Person,Salena Zito,Salena Zito,Journalist,None,6,RECORD-00057,1,,
P0250,Person,Peter Thiel,Peter Thiel,Billionaire,None,6,RECORD-00057,1,,
P0251,Person,Charles Pierce,Charles Pierce,Writer,Esquire,5,RECORD-00057,1,,
P0252,Person,Reince Priebus,Reince Priebus,Politician,None,6,RECORD-00057,1,,
P0253,Person,Ken Doctor,Ken Doctor,News Industry Analyst,None,5,RECORD-00057,1,,
P0254,Person,Jeffrey Lord,Jeffrey Lord,Political Commentator,CNN,5,RECORD-00057,1,,
P0255,Person,Jim Rutenberg,Jim Rutenberg,Columnist,The New York Times,6,RECORD-00057,6,,
P0256,Person,Dave Weigel,Dave Weigel,Reporter,None,5,RECORD-00058,2,,
P0257,Person,Bernie Sanders,Bernie Sanders,Senator,None,4,RECORD-00058,1,,
P0258,Person,Elizabeth Warren,Elizabeth Warren,Senator,None,4,RECORD-00058,1,,
P0259,Person,David Fahrenthold,David Fahrenthold,Reporter,The Washington Post,9,RECORD-00058,1,,
P0260,Person,John Oliver,John Oliver,Entertainer,None,5,RECORD-00058,1,,
P0261,Person,C. Wright Mills,C. Wright Mills,Sociologist,None,5,RECORD-00058,1,,
P0262,Person,Andrew Haeg,Andrew Haeg,CEO,Groundsource,5,RECORD-00058,1,,
P0263,Person,Ariel Zirulnick,Ariel Zirulnick,Author,Membership Puzzle Project,7,RECORD-00059,1,,
P0264,Person,Emily Goligoski,Emily Goligoski,Author,Membership Puzzle Project,7,RECORD-00059,1,,
P0265,Person,Ben Thompson,Ben Thompson,Founder,Stratechery,6,RECORD-00059,1,,
P0266,Person,Praveen Krishnan,Praveen Krishnan,Head of Product,The Ken,6,RECORD-00059,1,,
P0267,Person,Steve Katz,Steve Katz,Publisher,Mother Jones,6,RECORD-00059,1,,
P0268,Person,Brian Hiatt,Brian Hiatt,Marketing Director,Mother Jones,6,RECORD-00059,1,,
P0269,Person,Janine Gibson,Janine Gibson,Editor-in-chief,Guardian US,5,RECORD-00060,1,,
P0270,Person,Jim Brady,Jim Brady,Editor-in-chief,Digital First Media,5,RECORD-00060,9,,
P0271,Person,Rick Santorum,Rick Santorum,Senator,None,6,RECORD-00061,1,,
P0272,Person,Michael Browne,Michael Browne,Twitter user,Twitter,6,RECORD-00061,1,,
P0273,Person,Erik Wemple,Erik Wemple,Media Blogger,The Washington Post,6,RECORD-00062,1,,
P0274,Person,Andrew Rasiej,Andrew Rasiej,Co-founder,techpresident.com,5,RECORD-00062,1,,
P0275,Person,San Feist,San Feist,Washington bureau chief,CNN,7,RECORD-00062,1,,
P0276,Person,Laura Edwins,Laura Edwins,Reporter,Studio 20,5,RECORD-00062,1,,
P0277,Person,John King,John King,Host,CNN,6,RECORD-00062,1,,
P0278,Person,Philip Bump,Philip Bump,Media critic,Unclear from text,6,RECORD-00062,1,,
P0279,Person,Candy Crowley,Candy Crowley,Moderator,CNN,10,RECORD-00063,1,,
P0280,Person,Jim Lehrer,Jim Lehrer,Moderator,PBS,8,RECORD-00063,5,,
P0281,Person,Martha Raddatz,Martha Raddatz,Moderator,Unspecified,7,RECORD-00063,1,,
P0282,Person,Rick Perry,Rick Perry,Governor of Texas,Texas,5,RECORD-00063,1,,
P0283,Person,Matthew Green,Matthew Green,Professor of Computer Science,Johns Hopkins University,10,RECORD-00064,1,,
P0284,Person,Andrew Douglas,Andrew Douglas,Interim Dean,Johns Hopkins University,6,RECORD-00064,1,,
P0285,Person,Dennis O'Shea,Dennis O'Shea,Spokesman,Johns Hopkins University,7,RECORD-00064,1,,
P0286,Person,Jim Rainey,Jim Rainey,Reporter,LA Times,6,RECORD-00065,1,,
P0287,Person,Tom Curley,Tom Curley,CEO,Associated Press,6,RECORD-00070,7,,
P0288,Person,Mark Thompson,Mark Thompson,Director General,BBC,5,RECORD-00070,2,,
P0289,Person,Rupert Murdoch,Rupert Murdoch,Media executive,News Corporation (implied),5,RECORD-00070,6,,
P0290,Person,Dave Winer,Dave Winer,"Blogger, software developer",Founder of blogging,6,RECORD-00070,25,,
P0291,Person,Tom Glocer,Tom Glocer,Head,Reuters,5,RECORD-00070,3,,
P0292,Person,John Fithian,John Fithian,President,National Association of Theater Owners,4,RECORD-00070,1,,
P0293,Person,Ann Kirschner,Ann Kirschner,Vice President,National Football League,4,RECORD-00070,1,,
P0294,Person,William James,William James,Philosopher,None,5,RECORD-00071,1,,
P0295,Person,Jonah Lehrer,Jonah Lehrer,Science Writer,None,3,RECORD-00071,1,,
P0296,Person,Nick Clegg,Nick Clegg,Politician,None,3,RECORD-00071,1,,
P0297,Person,David Cameron,David Cameron,Politician,None,3,RECORD-00071,1,,
P0298,Person,Gordon Brown,Gordon Brown,Politician,None,3,RECORD-00071,1,,
P0299,Person,Chris Mooney,Chris Mooney,Writer,None,3,RECORD-00071,2,,
P0300,Person,Pierre Omidyar,Pierre Omidyar,Founder,First Look Media,6,RECORD-00072,3,,
P0301,Person,Richard Stallman,Richard Stallman,"Software Freedom Activist, Programmer",None,4,RECORD-00073,1,,
P0302,Person,Eric Umansky,Eric Umansky,Senior Editor,ProPublica,6,RECORD-00074,1,,
P0303,Person,Richard Jones,Richard Jones,"Editor, Former Times Reporter",The New York Times,5,RECORD-00074,1,,
P0304,Person,Gideon Lichfield,Gideon Lichfield,Deputy Digital Editor,The Economist,5,RECORD-00074,1,,
P0305,Person,Matylda Czarnecka,Matylda Czarnecka,"MediaShift contributor, Graduate Assistant",Studio 20,6,RECORD-00074,1,,
P0306,Person,Anjali Mullany,Anjali Mullany,"Student, Social Media Manager","Studio 20, New York Daily News",6,RECORD-00074,1,,
P0307,Person,Cody Brown,Cody Brown,Founder,"NYU Local, Kommons",5,RECORD-00074,1,,
P0308,Person,Ethan Zuckerman,Ethan Zuckerman,,None,8,RECORD-00075,5,,
P0309,Person,Mike Daisey,Mike Daisey,Actor and playwright,None,7,RECORD-00075,1,,
P0310,Person,Clay Shirky,Clay Shirky,Author,None,5,RECORD-00075,2,,
P0311,Person,Juan Williams,Juan Williams,Senior News Analyst,NPR,6,RECORD-00076,3,,
P0312,Person,Thomas Nagel,Thomas Nagel,Philosopher,None,7,RECORD-00076,1,,
P0313,Person,Keith Olbermann,Keith Olbermann,Commentator,MSNBC,4,RECORD-00076,4,,
P0315,Person,Joe Scarborough,Joe Scarborough,Opinion Host,NBC News,4,RECORD-00077,1,,
P0316,Person,Peter S. Goodman,Peter S. Goodman,"Business Editor, National Economics Correspondent","Huffington Post, The New York Times",7,RECORD-00077,1,,
P0317,Person,Tom Paine,Tom Paine,Pamphleteer,None,7,RECORD-00078,2,,
P0318,Person,Glenn Greenwald,Glenn Greenwald,Journalist,The Guardian,9,RECORD-00078,9,,
P0319,Person,Roger Cohen,Roger Cohen,Columnist,The New York Times,6,RECORD-00078,1,,
P0320,Person,Edward Snowden,Edward Snowden,Whistleblower,None,6,RECORD-00078,1,,
P0321,Person,Bob Woodward,Bob Woodward,Journalist,The Washington Post,6,RECORD-00078,7,,
P0322,Person,Laura Poitras,Laura Poitras,Film-maker,,7,RECORD-00079,1,,
P0323,Person,Jeremy Scahill,Jeremy Scahill,Former National Security Correspondent,The Nation,6,RECORD-00079,1,,
P0324,Person,Dan Froomkin,Dan Froomkin,Journalist,Huffington Post and Washington Post,6,RECORD-00079,18,,
P0325,Person,Brooke Gladstone,Brooke Gladstone,Host,WNYC,7,RECORD-00081,1,,
P0326,Person,Bob Garfield,Bob Garfield,Host,On the Media,5,RECORD-00081,2,,
P0327,Person,Guy Berger,Guy Berger,Director freedom of expression,UNESCO,5,RECORD-00082,1,,
P0328,Person,Julie Posetti,Julie Posetti,Journalism fellow,University of Wollongong,5,RECORD-00082,1,,
P0329,Person,Courtney Radsch,Courtney Radsch,Advocacy director,Committee to Protect Journalists,5,RECORD-00082,2,,
P0330,Person,Maria Ressa,Maria Ressa,CEO and executive editor,Rappler,5,RECORD-00082,1,,
P0331,Person,Jeffrey Jones,Jeffrey Jones,Executive Director,Peabody Awards,7,RECORD-00083,1,,
P0332,Person,Nancy Barnes,Nancy Barnes,Senior Vice President of News and Editorial Director,NPR,7,RECORD-00083,2,,
P0333,Person,Jessica Herrera-Flanigan,Jessica Herrera-Flanigan,Executive Vice President of Government and Corporate Affairs,Univision Communications Inc.,6,RECORD-00083,2,,
P0334,Person,Chris McCarthy,Chris McCarthy,President of Entertainment & Youth Brands,ViacomCBS Domestic Media Networks,6,RECORD-00083,2,,
P0335,Person,Connor Schell,Connor Schell,Executive Vice President of Content,ESPN,6,RECORD-00083,2,,
P0336,Person,Steven Lafferty,Steven Lafferty,Partner and Managing Director,Creative Artists Agency,6,RECORD-00083,1,,
P0337,Person,Paula Kerger,Paula Kerger,President and CEO,PBS,3,RECORD-00083,1,,
P0338,Person,John Huey,John Huey,Former Editor-in-Chief,Time Inc.,5,RECORD-00084,1,,
P0339,Person,David Thorburn,David Thorburn,Director of the MIT Communications Forum,MIT,7,RECORD-00085,1,,
P0340,Person,Phil Hiltz,Phil Hiltz,Director of the Knight Science Journalism Fellowship Program,MIT,7,RECORD-00085,1,,
P0341,Person,Hannah Arendt,Hannah Arendt,Political Philosopher,,7,RECORD-00085,3,,
P0342,Person,"Davis Merritt, Jr.","Davis Merritt, Jr.",Editor,Wichita Eagle,8,RECORD-00086,1,,
P0343,Person,Daniel Yankelovich,Daniel Yankelovich,Social Scientist,None,5,RECORD-00086,1,,
P0344,Person,Jurgen Habermas,Jurgen Habermas,Philosopher,None,6,RECORD-00086,1,,
P0345,Person,Alexis de Tocqueville,Alexis de Tocqueville,Political Scientist,None,5,RECORD-00086,1,,
P0346,Person,Bill Kovach,Bill Kovach,Journalist,None,8,RECORD-00087,3,,
P0347,Person,Tom Rosenstiel,Tom Rosenstiel,Journalist,None,8,RECORD-00087,6,,
P0348,Person,Chuck Todd,Chuck Todd,"Anchor, Host","NBC, MSNBC, Meet the Press",9,RECORD-00088,2,,
P0349,Person,Stephanie Ruhle,Stephanie Ruhle,MSNBC Host,MSNBC,7,RECORD-00090,1,,
P0350,Person,Jack Dorsey,Jack Dorsey,CEO,Twitter,10,RECORD-00091,1,,
P0351,Person,Peter Kafka,Peter Kafka,Host,Recode Media,3,RECORD-00091,1,,
P0352,Person,Ben Brandstein,Ben Brandstein,Audio Production,NYU,2,RECORD-00091,1,,
P0353,Person,Adam Sharp,Adam Sharp,Head of News,Twitter,3,RECORD-00091,1,,
P0354,Person,Osama bin Laden,Osama bin Laden,Terrorist Leader,Al-Qaeda,3,RECORD-00091,1,,
P0355,Person,Ev Williams,Ev Williams,Founder,"blogger.com, Twitter, Medium",5,RECORD-00092,1,,
P0356,Person,Kristin Welker,Kristin Welker,Host,"Meet the Press, NBC",8,RECORD-00094,1,,
P0357,Person,Oliver Darcy,Oliver Darcy,Media Writer,CNN,7,RECORD-00094,1,,
P0358,Person,Bill Carter,Bill Carter,Former Media Reporter,The New York Times,6,RECORD-00094,1,,
P0359,Person,Molly Jong-Fast,Molly Jong-Fast,Writer,Vanity Fair,6,RECORD-00094,1,,
P0360,Person,Jonathan Last,Jonathan Last,Writer,The Bulwark,6,RECORD-00094,2,,
P0361,Person,Christiane Amanpour,Christiane Amanpour,Correspondent,CNN,7,RECORD-00094,1,,
P0362,Person,Joe McCarthy,Joe McCarthy,Senator,,7,RECORD-00094,1,,
P0363,Person,Edward R. Murrow,Edward R. Murrow,Journalist,CBS,7,RECORD-00094,1,,
P0364,Person,Tom Cotton,Tom Cotton,Senator,The New York Times,6,RECORD-00094,1,,
P0365,Person,Kevin Williamson,Kevin Williamson,Writer,The Atlantic,6,RECORD-00094,1,,
P0366,Person,Megyn Kelly,Megyn Kelly,Journalist,,7,RECORD-00094,1,,
P0367,Person,Jacob Sullum,Jacob Sullum,Writer,,6,RECORD-00094,1,,
P0368,Person,Corbin Bolies,Corbin Bolies,Writer,The Daily Beast,6,RECORD-00094,1,,
P0369,Person,Catharine R. Stimpson,Catharine R. Stimpson,English Professor,New York University,7,RECORD-00095,1,,
P0370,Person,Ulrich Baer,Ulrich Baer,"Professor of Comparative Literature, German, and English",New York University,7,RECORD-00095,1,,
P0371,Person,Lawrence White,Lawrence White,Professor,"Stern School of Business, New York University",6,RECORD-00095,1,,
P0372,Person,Mary Miller,Mary Miller,Associate Dean,"Stern School of Business, New York University",6,RECORD-00095,1,,
P0373,Person,Bill Lucia,Bill Lucia,Writer,Washington Square News,5,RECORD-00095,1,,
P0374,Person,Matt Murphy,Matt Murphy,Writer,Washington Square News,5,RECORD-00095,1,,
P0375,Person,Carol Tosone,Carol Tosone,Professor,"Silver School of Social Work, New York University",6,RECORD-00095,1,,
P0376,Person,Barton Gellman,Barton Gellman,"Journalist, Staff Writer","The Atlantic, former The Washington Post",10,RECORD-00096,2,,
P0377,Person,Van Langevelde,Van Langevelde,Republican Functionary,Michigan Board of State Canvassers,6,RECORD-00096,1,,
P0378,Person,Katie Hobbs,Katie Hobbs,Secretary of State,Arizona,7,RECORD-00096,1,,
P0379,Person,Doug Ducey,Doug Ducey,Governor,Arizona,6,RECORD-00096,1,,
P0380,Person,Brad Raffensperger,Brad Raffensperger,Secretary of State,Georgia,6,RECORD-00096,1,,
P0381,Person,Daniel Patrick Moynihan,Daniel Patrick Moynihan,Politician,U.S. Senator,4,RECORD-00097,1,,
P0382,Person,Katy Tur,Katy Tur,Reporter,NBC,6,RECORD-00097,1,,
P0383,Person,Rob Ford,Rob Ford,Politician,Mayor of Toronto,4,RECORD-00097,1,,
P0384,Person,Jeff Zeleny,Jeff Zeleny,Political Reporter,"ABC News, CNN",6,RECORD-00097,1,,
P0385,Person,Roger Ailes,Roger Ailes,Executive,Fox News,7,RECORD-00097,7,,
P0386,Person,Jorge Ramos,Jorge Ramos,Anchor,Univision,8,RECORD-00097,1,,
P0387,Person,Karen Tumulty,Karen Tumulty,Journalist,The Washington Post,5,RECORD-00097,1,,
P0388,Person,David Roberts,David Roberts,Journalist,Vox,6,RECORD-00097,2,,
P0389,Person,David A. Hopkins,David A. Hopkins,Political Scientist,Unspecified,5,RECORD-00097,1,,
P0390,Person,Jonathan Chait,Jonathan Chait,Journalist,New York Magazine,6,RECORD-00097,2,,
P0391,Person,Amy Coney Barrett,Amy Coney Barrett,Supreme Court Justice,,4,RECORD-00098,1,,
P0392,Person,Brian Beutler,Brian Beutler,Journalist,Crooked Media,6,RECORD-00098,1,,
P0393,Person,Joan Walsh,Joan Walsh,Columnist,None,7,RECORD-00099,1,,
P0394,Person,Steven Greenhouse,Steven Greenhouse,Former Reporter,The New York Times,5,RECORD-00099,1,,
P0395,Person,Ashley Feinberg,Ashley Feinberg,,Slate,5,RECORD-00099,1,,
P0396,Person,Mickey Kaus,Mickey Kaus,Political Commentator,None,8,RECORD-00100,6,,
P0397,Person,Peter King,Peter King,"Writer, Journalist",None,9,RECORD-00100,2,,
P0398,Person,Amygdala,Amygdala,Blogger,,5,RECORD-00101,1,,
P0399,Person,Al Franken,Al Franken,Comedian,,8,RECORD-00101,5,,
P0400,Person,Neil Pollack,Neil Pollack,Writer,,7,RECORD-00101,1,,
P0401,Person,Randy Rathbun,Randy Rathbun,Blogger,,5,RECORD-00101,1,,
P0402,Person,Cobb,Cobb,Blogger,,5,RECORD-00101,1,,
P0403,Person,Jeff Cooper,Jeff Cooper,Blogger,,5,RECORD-00101,1,,
P0404,Person,Mark Kleiman,Mark Kleiman,Blogger,,5,RECORD-00101,1,,
P0405,Person,Matthew Yglesias,Matthew Yglesias,Blogger,,5,RECORD-00101,1,,
P0406,Person,Hugh Hewitt,Hugh Hewitt,Radio Host,None,4,RECORD-00103,7,,
P0407,Person,Eric Alterman,Eric Alterman,Media Critic,None,5,RECORD-00103,6,,
P0408,Person,Phil Williams,Phil Williams,Investigative Journalist,None,5,RECORD-00103,1,,
P0409,Person,John Paton,John Paton,CEO,Digital First Media,7,RECORD-00103,1,,
P0410,Person,Jonathan Ladd,Jonathan Ladd,Political Scientist,None,7,RECORD-00103,1,,
P0411,Person,Jayson Blair,Jayson Blair,Journalist,None,4,RECORD-00103,9,,
P0412,Person,Craig Silverman,Craig Silverman,Journalist,None,6,RECORD-00103,1,,
P0413,Person,Roy Peter Clark,Roy Peter Clark,Journalist,Poynter,6,RECORD-00103,6,,
P0414,Person,Marcy Wheeler,Marcy Wheeler,"Blogger, Journalist",None,4,RECORD-00103,1,,
P0415,Person,Tom Watson,Tom Watson,,None,4,RECORD-00103,1,,
P0416,Person,John Robinson,John Robinson,,None,4,RECORD-00103,8,,
P0417,Person,Chris Anderson,Chris Anderson,,None,4,RECORD-00103,2,,
P0418,Person,Andrew Tyndall,Andrew Tyndall,,None,4,RECORD-00103,1,,
P0419,Person,Thomas Paine,Thomas Paine,Political journalist,None,6,,2,,
P0420,Person,Charlie Reina,Charlie Reina,Former News Producer,Fox News,9,RECORD-00109,2,,
P0421,Person,Don Russell,Don Russell,Reader,Philadelphia Daily News,4,RECORD-00109,1,,
P0422,Person,Sharri Berg,Sharri Berg,VP-News Operations,Fox News Channel,6,RECORD-00109,2,,
P0423,Person,Trent Lott,Trent Lott,Politician,,5,RECORD-00109,4,,
P0424,Person,Strom Thurmond,Strom Thurmond,Politician,,5,RECORD-00109,1,,
P0425,Person,Matthew L. Wald,Matthew L. Wald,Reporter,The New York Times,6,RECORD-00110,2,,
P0426,Person,Chris Allbritton,Chris Allbritton,"Reporter, War Correspondent","AP, New York Daily News, back-to-iraq.com",9,RECORD-00110,7,,
P0427,Person,Spencer E. Ante,Spencer E. Ante,Reporter,Business Week,5,RECORD-00110,2,,
P0428,Person,Jay Leno,Jay Leno,Talk show host,None,3,RECORD-00110,1,,
P0429,Person,Howell Raines,Howell Raines,Editor,The New York Times,6,RECORD-00110,10,,
P0430,Person,Jason Blair,Jason Blair,Reporter,The New York Times,7,RECORD-00110,4,,
P0431,Person,Rick Bragg,Rick Bragg,Reporter,The New York Times,6,RECORD-00110,2,,
P0432,Person,Mitchell Stephens,Mitchell Stephens,Author,None,4,RECORD-00110,3,,
P0433,Person,Robert Fulford,Robert Fulford,Columnist,National Post,5,RECORD-00111,1,,
P0434,Person,William Woo,William Woo,Former Editor,St. Louis Post-Dispatch,5,RECORD-00111,1,,
P0435,Person,Richard S. Dunham,Richard S. Dunham,Reporter,Business Week,4,RECORD-00111,3,,
P0436,Person,Mike Burbach,Mike Burbach,Editor,Columbus (GA) Ledger-Enquirer,5,RECORD-00111,1,,
P0437,Person,Jean-François Lyotard,Jean-François Lyotard,Author,Academic,4,RECORD-00111,1,,
P0438,Person,John Ashcroft,John Ashcroft,Attorney General,United States Department of Justice,10,RECORD-00112,9,,
P0439,Person,Howard Altman,Howard Altman,Reporter,City Paper,8,RECORD-00112,1,,
P0440,Person,Geneva Overholser,Geneva Overholser,Former Ombudsman,The Washington Post,7,RECORD-00113,8,,
P0441,Person,Daniel Weintraub,Daniel Weintraub,Reporter,Sacramento Bee,9,RECORD-00114,11,,
P0442,Person,Arnold Schwarzenegger,Arnold Schwarzenegger,Candidate (Governor),None,7,RECORD-00114,9,,
P0443,Person,Michelle Nicolosi,Michelle Nicolosi,"Editor, Founder, Teacher","Online Journalism Review, Japan Media Review, USC",10,RECORD-00115,2,,
P0444,Person,Romenesko,Romenesko,Publisher/Journalist,None,7,RECORD-00115,1,,
P0445,Person,Barbara Comstock,Barbara Comstock,Spokeswoman,Justice Department,8,RECORD-00116,6,,
P0446,Person,Todd Gitlin,Todd Gitlin,Professor of journalism and sociology,Columbia University,9,RECORD-00117,5,,
P0447,Person,Tony Marcano,Tony Marcano,ombudsman,Sacramento Bee,9,RECORD-00118,2,,
P0448,Person,Amy Chance,Amy Chance,political editor,Sacramento Bee,8,RECORD-00118,2,,
P0449,Person,Bill Simon,Bill Simon,Candidate,None,4,RECORD-00118,1,,
P0450,Person,Bustamante,Bustamante,Candidate,California Recall Election,5,RECORD-00118,1,,
P0451,Person,Thomas Boswell,Thomas Boswell,Sportswriter,The Washington Post,5,RECORD-00119,2,,
P0452,Person,Jack Shafer,Jack Shafer,Columnist,Slate,10,RECORD-00121,16,,
P0453,Person,Matt Miller,Matt Miller,Columnist,Unknown,5,RECORD-00121,2,,
P0454,Person,Brian Bennett,Brian Bennett,Reporter,Time magazine,7,RECORD-00122,2,,
P0456,Person,John Burns,John Burns,Journalist,The New York Times,4,RECORD-00122,3,,
P0457,Person,David Halberstam,David Halberstam,Journalist,None,4,RECORD-00122,1,,
P0458,Person,Tom Regan,Tom Regan,Journalist,Christian Science Monitor,3,RECORD-00122,3,,
P0459,Person,Alissa Rubin,Alissa Rubin,Journalist,Los Angeles Times,3,RECORD-00122,2,,
P0460,Person,Howard Dean,Howard Dean,Politician,,4,RECORD-00123,19,,
P0461,Person,Michael Rosenblum,Michael Rosenblum,Proprietor of DV Dojo,,6,RECORD-00123,1,,
P0462,Person,Merrill Brown,Merrill Brown,Former editor-in-chief,"MSNBC.com, Channels, Court TV, RealNetworks, The Washington Post",10,RECORD-00124,4,,
P0463,Person,Steven Brill,Steven Brill,Founder,Court TV,4,RECORD-00124,2,,
P0464,Person,Peter Jennings,Peter Jennings,Journalist,ABC News,4,RECORD-00125,6,,
P0465,Person,Don Imus,Don Imus,Radio Host,Imus in the Morning,2,RECORD-00125,1,,
P0466,Person,Richard Hofstadter,Richard Hofstadter,Historian,,3,RECORD-00125,3,,
P0467,Person,William Langewiesche,William Langewiesche,Writer,The Atlantic,10,RECORD-00126,2,,
P0468,Person,Donald Rumsfeld,Donald Rumsfeld,United States Secretary of Defense,None,3,RECORD-00126,3,,
P0469,Person,Michael Falcone,Michael Falcone,Journalist,The New York Times,8,RECORD-00127,2,,
P0470,Person,Dan Weintraub,Dan Weintraub,"Blogger, Political Reporter","California Insider, Sacramento Bee",9,RECORD-00127,4,,
P0471,Person,Mr. Dube,Mr. Dube,Journalist,Cyberjournalist.net,3,RECORD-00127,1,,
P0472,Person,Cruz Bustamante,Cruz Bustamante,Politician,State government,3,RECORD-00127,1,,
P0473,Person,Tom McClintock,Tom McClintock,Politician,State government,3,RECORD-00127,1,,
P0474,Person,Al Gore,Al Gore,Vice President of the United States,None,7,RECORD-00128,5,,
P0475,Person,Matthew Miller,Matthew Miller,Commentator,None,5,RECORD-00128,3,,
P0476,Person,Joe Lieberman,Joe Lieberman,United States Senator,None,6,RECORD-00128,1,,
P0477,Person,Vaclav Havel,Vaclav Havel,"Playwright, Political Opponent, President",None,6,RECORD-00128,2,,
P0478,Person,Aaron Sorkin,Aaron Sorkin,Creator,None,5,RECORD-00128,2,,
P0479,Person,Martin Sheen,Martin Sheen,Actor,None,4,RECORD-00128,1,,
P0480,Person,John Kerry,John Kerry,Politician,None,4,RECORD-00128,12,,
P0481,Person,Betty Ann Bowser,Betty Ann Bowser,Journalist,None,5,RECORD-00128,1,,
P0482,Person,Cassandra Mapes,Cassandra Mapes,Undecided Voter,None,4,RECORD-00128,1,,
P0483,Person,Jeffrey Dvorkin,Jeffrey Dvorkin,Ombudsman,NPR,10,RECORD-00129,9,,
P0484,Person,Daniel Schorr,Daniel Schorr,Veteran reporter-commentator,"CBS, NPR",6,RECORD-00129,2,,
P0485,Person,Leonard Downie Jr.,Leonard Downie Jr.,Editor,The Washington Post,10,RECORD-00130,2,,
P0486,Person,Louis Seltzer,Louis Seltzer,Editor,Cleveland Press,3,RECORD-00130,1,,
P0487,Person,John Stufflebeem,John Stufflebeem,Rear Admiral,Pentagon,2,RECORD-00130,1,,
P0488,Person,Karl Rove,Karl Rove,Political strategist,White House,8,RECORD-00131,12,,
P0489,Person,Chris Lydon,Chris Lydon,Journalist,Former New York Times reporter,9,RECORD-00131,5,,
P0490,Person,Zack Rosen,Zack Rosen,Programmer,Dean Campaign,7,RECORD-00131,6,,
P0491,Person,Timothy Crouse,Timothy Crouse,Author,None,6,RECORD-00131,2,,
P0492,Person,Joan Didion,Joan Didion,Writer,None,7,RECORD-00131,3,,
P0493,Person,Miles Rapoport,Miles Rapoport,Former Secretary of State,Demos,6,RECORD-00131,1,,
P0494,Person,"Stanley Kelley, Jr.","Stanley Kelley, Jr.",Author,None,5,RECORD-00131,1,,
P0495,Person,George McGovern,George McGovern,Politician,None,4,RECORD-00131,1,,
P0496,Person,Robert Phelps,Robert Phelps,Political editor,The New York Times,4,RECORD-00131,1,,
P0497,Person,Hubert Humphrey,Hubert Humphrey,Politician,None,4,RECORD-00131,1,,
P0498,Person,Ed Cone,Ed Cone,"Journalist, weblogger, tech thinker, biz writer","Greensboro (NC) News & Record, Ziff Davis's Baseline magazine",10,RECORD-00132,14,,
P0499,Person,Zephyr Teachout,Zephyr Teachout,Director of Internet organizing,Howard Dean presidential campaign,5,RECORD-00132,6,,
P0500,Person,Gordon Russell,Gordon Russell,Reporter,Times-Picayune,6,RECORD-00133,2,,
P0501,Person,John Carroll,John Carroll,Editor,Los Angeles Times,4,RECORD-00133,8,,
P0502,Person,Albert O. Hirschman,Albert O. Hirschman,Economist,None,5,RECORD-00133,2,,
P0503,Person,Matt Gross,Matt Gross,"Former Fox News employee, Assistant Editor",New York magazine,9,RECORD-00134,2,,
P0504,Person,Al Sharpton,Al Sharpton,Political Activist,None,2,RECORD-00134,1,,
P0505,Person,Tom Tomorrow,Tom Tomorrow,Cartoonist,Salon,8,RECORD-00135,2,,
P0506,Person,Ralph Nader,Ralph Nader,Presidential Candidate,Green Party,7,RECORD-00135,1,,
P0507,Person,Chuck Raasch,Chuck Raasch,Journalist,USA Today,6,RECORD-00135,2,,
P0508,Person,Pauline Kael,Pauline Kael,Film Critic,,5,RECORD-00135,1,,
P0509,Person,Walter Hill,Walter Hill,Director,,4,RECORD-00135,1,,
P0510,Person,Dave Eggers,Dave Eggers,Writer,,4,RECORD-00135,1,,
P0511,Person,Adam Nagourney,Adam Nagourney,Journalist,Miami Herald,5,RECORD-00135,9,,
P0512,Person,Paul Begala,Paul Begala,Political Commentator,Crossfire,5,RECORD-00135,2,,
P0513,Person,John Markoff,John Markoff,Technology Reporter,The New York Times,7,RECORD-00137,4,,
P0514,Person,Daniel Okrent,Daniel Okrent,"Writer, Public Editor","Time Magazine, The New York Times",9,RECORD-00137,14,,
P0515,Person,Robert Kohn,Robert Kohn,Author,,6,RECORD-00137,1,,
P0516,Person,Tom Mangan,Tom Mangan,"Editor, Weblogger",None,7,RECORD-00138,5,,
P0517,Person,Bill O'Reilly,Bill O'Reilly,Television Host,Fox News,7,RECORD-00138,12,,
P0518,Person,Terry Gross,Terry Gross,Host of Fresh Air,NPR,4,RECORD-00138,8,,
P0519,Person,Michael Klein,Michael Klein,Reporter,Philadelphia Inquirer,3,RECORD-00138,1,,
P0520,Person,Jon Fleischman,Jon Fleischman,Former executive director,California Republican Party,5,RECORD-00139,2,,
P0521,Person,Gray Davis,Gray Davis,Governor of California,None,4,RECORD-00139,1,,
P0522,Person,Noam Chomsky,Noam Chomsky,"Academic, Linguist",None,3,RECORD-00139,1,,
P0523,Person,Gary Cohn,Gary Cohn,Reporter,None,4,RECORD-00139,1,,
P0524,Person,Victor Navasky,Victor Navasky,Publisher,The Nation,4,RECORD-00140,1,,
P0525,Person,Bertrand Russell,Bertrand Russell,Philosopher,,4,RECORD-00140,1,,
P0526,Person,George Orwell,George Orwell,Author,,4,RECORD-00140,2,,
P0527,Person,G.K. Chesterton,G.K. Chesterton,Author,,4,RECORD-00140,1,,
P0528,Person,George Bernard Shaw,George Bernard Shaw,Playwright,,4,RECORD-00140,1,,
P0529,Person,Alfred North Whitehead,Alfred North Whitehead,Philosopher,,3,RECORD-00140,1,,
P0530,Person,Sigmund Freud,Sigmund Freud,Psychologist,,3,RECORD-00140,1,,
P0531,Person,Karl Marx,Karl Marx,Philosopher,,3,RECORD-00140,1,,
P0532,Person,Marshall McLuhan,Marshall McLuhan,Media Theorist,,6,RECORD-00140,2,,
P0533,Person,Esther Dyson,Esther Dyson,Commentator,None,6,RECORD-00141,5,,
P0534,Person,Scott Rosenberg,Scott Rosenberg,Writer,Salon,4,RECORD-00141,15,,
P0535,Person,Eric Foley,Eric Foley,Democratic National Committee,Democratic National Committee,4,RECORD-00141,2,,
P0536,Person,Maureen Ryan,Maureen Ryan,Reporter,Chicago Tribune,4,RECORD-00141,3,,
P0537,Person,Chris Locke,Chris Locke,Author,None,4,RECORD-00141,2,,
P0538,Person,Cliff Stearns,Cliff Stearns,Republican Congressman,Florida,5,RECORD-00143,1,,
P0539,Person,Elizabeth Spiers,Elizabeth Spiers,"Journalist, Blogger",N/A,4,RECORD-00144,1,,
P0540,Person,Larry Lessig,Larry Lessig,"Law Professor, Activist",N/A,4,RECORD-00144,1,,
P0541,Person,Dave Weiner,Dave Weiner,"Software Developer, Blogger",N/A,4,RECORD-00144,1,,
P0542,Person,Adam Clayton Powell,Adam Clayton Powell,Interviewer,Online Journalism Review,5,RECORD-00144,1,,
P0543,Person,Norbert Specker,Norbert Specker,Contributor,Poynter,5,RECORD-00144,1,,
P0544,Person,James Taranto,James Taranto,Columnist,The Wall Street Journal,6,RECORD-00145,3,,
P0545,Person,Nicholas Kristof,Nicholas Kristof,Opinion Columnist,The New York Times,7,RECORD-00145,2,,
P0546,Person,Adam Curry,Adam Curry,Weblogger,None,6,RECORD-00146,2,,
P0547,Person,Michael Jackson,Michael Jackson,Musician,None,4,RECORD-00146,1,,
P0548,Person,Walter Shapiro,Walter Shapiro,Journalist,USA Today,4,RECORD-00146,3,,
P0549,Person,Cole Campbell,Cole Campbell,Former editor,"St. Louis Post-Dispatch, Norfolk Virginian-Pilot",10,RECORD-00147,2,,
P0550,Person,Esther Thorson,Esther Thorson,Professor,University of Missouri,4,RECORD-00147,2,,
P0551,Person,John Danforth,John Danforth,Former Senator,St. Louis 2004,5,RECORD-00147,2,,
P0552,Person,John Hersey,John Hersey,Author,None,4,RECORD-00147,1,,
P0553,Person,David Mathews,David Mathews,Of the Kettering Foundation,Kettering Foundation,4,RECORD-00147,1,,
P0554,Person,Howard Beale,Howard Beale,Character,Network (movie),4,RECORD-00149,1,,
P0555,Person,Dan Rather,Dan Rather,Anchor,CBS,6,RECORD-00149,19,,
P0556,Person,Tom Brokaw,Tom Brokaw,Anchor,NBC,6,RECORD-00149,2,,
P0557,Person,Jeff Sharlet,Jeff Sharlet,"Journalist, Guest Commentator","Killing the Bhudda, Chronicle of Higher Education",10,RECORD-00150,6,,
P0558,Person,Peter Manseau,Peter Manseau,Author,Free Press,4,RECORD-00150,1,,
P0559,Person,Gregg Easterbrook,Gregg Easterbrook,"Journalist, Writer","The New Republic, ESPN",9,RECORD-00150,2,,
P0560,Person,Harvey Weinstein,Harvey Weinstein,Executive,Miramax,7,RECORD-00150,2,,
P0561,Person,Leon Wieseltier,Leon Wieseltier,Journalist,The New Republic,5,RECORD-00150,1,,
P0562,Person,Quentin Tarantino,Quentin Tarantino,Director,,6,RECORD-00150,1,,
P0563,Person,Mel Gibson,Mel Gibson,"Actor, Director",,5,RECORD-00150,1,,
P0564,Person,Toby Usnik,Toby Usnik,Spokesman,The New York Times Company,5,RECORD-00151,2,,
P0565,Person,Brian Dominick,Brian Dominick,Online news editor,"ZNet, The NewStandard",10,RECORD-00152,4,,
P0566,Person,Bill Moyers,Bill Moyers,Journalist,,5,RECORD-00152,3,,
P0567,Person,Gerald Boyd,Gerald Boyd,Former Managing Editor,The New York Times,8,RECORD-00153,2,,
P0568,Person,Allan M. Siegal,Allan M. Siegal,Assistant Managing Editor,The New York Times,9,RECORD-00153,4,,
P0569,Person,David Shaw,David Shaw,Journalist,LA Times,5,RECORD-00153,8,,
P0570,Person,Hunter S. Thompson,Hunter S. Thompson,"Journalist, Author",None,8,RECORD-00154,4,,
P0571,Person,Jean Bethke Elshtain,Jean Bethke Elshtain,Political Philosopher,None,7,RECORD-00154,2,,
P0572,Person,James W. Carey,James W. Carey,,None,6,RECORD-00154,7,,
P0573,Person,Jane Pauley,Jane Pauley,Journalist,None,4,RECORD-00155,2,,
P0574,Person,Daniel Drezner,Daniel Drezner,,None,4,RECORD-00156,1,,
P0575,Person,Brian C. Anderson,Brian C. Anderson,Writer,None,4,RECORD-00156,1,,
P0576,Person,Bill Steigerwald,Bill Steigerwald,Columnist,Pittsburgh Tribune-Review,4,RECORD-00156,2,,
P0577,Person,Kate,Kate,Commenter,None,4,RECORD-00157,1,,
P0578,Person,George Bush,George Bush,President of the United States,None,5,RECORD-00157,2,,
P0579,Person,Doc Searls,Doc Searls,"Weblogger, Author",None,10,RECORD-00158,4,,
P0580,Person,Jonah Goldberg,Jonah Goldberg,Editor-at-large,National Review Online,6,RECORD-00159,2,,
P0581,Person,Max Boot,Max Boot,Commentator,"The Wall Street Journal, Council on Foreign Relations",6,RECORD-00159,1,,
P0582,Person,Michael Deaver,Michael Deaver,Political strategist,Reagan White House,5,RECORD-00159,2,,
P0583,Person,FDR,FDR,President,United States Government,5,RECORD-00159,1,,
P0584,Person,Clausewitz,Clausewitz,Military Theorist,None,5,RECORD-00159,1,,
P0585,Person,Anthony Smith,Anthony Smith,British Press Scholar,None,6,RECORD-00159,1,,
P0586,Person,Rick MacArthur,Rick MacArthur,Publisher,Harpers magazine,6,RECORD-00159,1,,
P0587,Person,Amy Goodman,Amy Goodman,Radio Host,None,5,RECORD-00159,1,,
P0588,Person,Susan Sontag,Susan Sontag,"Writer, Critic",None,6,RECORD-00159,2,,
P0589,Person,Robin Sloan,Robin Sloan,Journalist,Poynter,4,RECORD-00159,1,,
P0590,Person,David Akin,David Akin,Canadian Journalist,None,4,RECORD-00159,1,,
P0591,Person,Michael Wolff,Michael Wolff,Journalist,New York Magazine,5,RECORD-00159,1,,
P0592,Person,Samantha Shapiro,Samantha Shapiro,Journalist,The New York Times Magazine,8,RECORD-00160,4,,
P0593,Person,Theodore White,Theodore White,"Journalist, Historian",None,5,RECORD-00160,2,,
P0594,Person,Joe McGinnis,Joe McGinnis,Writer,None,5,RECORD-00160,2,,
P0595,Person,Dan Quayle,Dan Quayle,Vice President,Republican Party,4,RECORD-00160,1,,
P0596,Person,Clay Johnson,Clay Johnson,Staffer,Howard Dean Campaign,4,RECORD-00160,1,,
P0597,Person,Gray Brooks,Gray Brooks,Staffer,Howard Dean Campaign,4,RECORD-00160,1,,
P0598,Person,Lester Bangs,Lester Bangs,Rock Critic,None,5,RECORD-00160,1,,
P0599,Person,Thomas Jefferson,Thomas Jefferson,Founding Father,None,6,RECORD-00160,1,,
P0600,Person,Walter Pincus,Walter Pincus,Journalist,None,6,RECORD-00161,4,,
P0601,Person,Len Downie,Len Downie,Journalist,The Washington Post,5,RECORD-00161,5,,
P0602,Person,Woodward and Bernstein,Woodward and Bernstein,Journalists,None,6,RECORD-00161,1,,
P0603,Person,Chris Satullo,Chris Satullo,Journalist,None,5,RECORD-00161,3,,
P0604,Person,Tim Rutten,Tim Rutten,Media Columnist,Los Angeles Times,9,RECORD-00162,11,,
P0605,Person,William Safire,William Safire,Columnist,The New York Times,3,RECORD-00162,5,,
P0606,Person,Everett Erlich,Everett Erlich,Former Undersecretary of Commerce,Clinton administration,8,RECORD-00163,2,,
P0607,Person,Ryan Lizza,Ryan Lizza,Journalist,The New Republic,5,RECORD-00163,3,,
P0608,Person,John Edwards,John Edwards,Presidential Candidate,Democratic Party,4,RECORD-00163,1,,
P0609,Person,Wesley Clark,Wesley Clark,Presidential Candidate,Democratic Party,4,RECORD-00163,1,,
P0610,Person,Terry McAuliffe,Terry McAuliffe,Party Head,Democratic Party,4,RECORD-00163,1,,
P0611,Person,John Dvorak,John Dvorak,Columnist,PC Magazine,6,RECORD-00163,2,,
P0612,Person,Frank Rich,Frank Rich,Columnist,None,10,RECORD-00164,8,,
P0613,Person,James Reston,James Reston,Columnist,The New York Times,3,RECORD-00164,1,,
P0614,Person,Carl Cameron,Carl Cameron,Political Correspondent,Fox News,3,RECORD-00164,1,,
P0615,Person,Steven Johnson,Steven Johnson,Author,None,5,RECORD-00164,3,,
P0616,Person,Mary Hodder,Mary Hodder,Blogger,UC Berkeley,4,RECORD-00164,1,,
P0617,Person,Gary Hart,Gary Hart,Politician,None,3,RECORD-00164,1,,
P0618,Person,Sander Thoenes,Sander Thoenes,Journalist,Financial Times,10,RECORD-00165,2,,
P0619,Person,Quentin Peel,Quentin Peel,Editor,Financial Times,5,RECORD-00165,1,,
P0620,Person,James Miller,James Miller,Professor,Hampshire College,5,RECORD-00165,1,,
P0621,Person,Russell Baker,Russell Baker,"Former Columnist, Political Reporter",The New York Times,5,RECORD-00166,2,,
P0622,Person,Daniel Hallin,Daniel Hallin,Media Scholar,None,5,RECORD-00166,1,,
P0623,Person,James Wolcott,James Wolcott,Writer,Vanity Fair,4,RECORD-00167,1,,
P0624,Person,Dan Rosenbaum,Dan Rosenbaum,Blogger,Over the Edge,3,RECORD-00167,1,,
P0625,Person,Rebecca MacKinnon,Rebecca MacKinnon,Journalist,CNN,4,RECORD-00167,7,,
P0626,Person,Doc Searles,Doc Searles,,None,6,,1,,
P0627,Person,Nick Coleman,Nick Coleman,Metro Columnist,"Star-Tribune, St. Paul Pioneer Press",9,RECORD-00169,4,,
P0628,Person,Marvin Kitman,Marvin Kitman,N/A,Newsday,6,RECORD-00169,1,,
P0629,Person,Brent Bozell,Brent Bozell,Runs Media Research Center,Media Research Center,6,RECORD-00169,1,,
P0630,Person,Eason Jordan,Eason Jordan,Chief News Executive,CNN,10,RECORD-00170,9,,
P0631,Person,Rebecca Blood,Rebecca Blood,Blogger,None,5,RECORD-00170,7,,
P0632,Person,Mark Adams,Mark Adams,Head of Media,World Economic Forum,6,RECORD-00170,1,,
P0633,Person,Tim Schmoyer,Tim Schmoyer,Blogger,None,4,RECORD-00170,2,,
P0634,Person,Rony Abovitz,Rony Abovitz,Blogger,Forumblog,7,RECORD-00170,1,,
P0635,Person,Bret Stephens,Bret Stephens,Editorial Page Writer,Wall Street Journal,4,RECORD-00170,2,,
P0636,Person,Michael Barone,Michael Barone,Columnist,US News,5,RECORD-00170,1,,
P0637,Person,Will Collier,Will Collier,Blogger,Vodka Pundit,6,RECORD-00170,2,,
P0638,Person,Steve Lovelady,Steve Lovelady,Writer,CJR Daily,7,RECORD-00170,5,,
P0639,Person,Jim Geraghty,Jim Geraghty,Writer,National Review Online,4,RECORD-00170,1,,
P0640,Person,David Gergen,David Gergen,Professor,Harvard's Kennedy School,4,RECORD-00170,3,,
P0641,Person,Terence Smith,Terence Smith,Host,PBS Newshour,4,RECORD-00170,1,,
P0642,Person,Charlie Madigan,Charlie Madigan,Senior Correspondent,Chicago Tribune,5,RECORD-00170,1,,
P0643,Person,Corey Pein,Corey Pein,,Romenesko's Letters,4,RECORD-00170,1,,
P0644,Person,Mike Moran,Mike Moran,,MSNBC's Hardblogger,4,RECORD-00170,1,,
P0645,Person,Anil Dash,Anil Dash,,None,4,RECORD-00170,1,,
P0646,Person,James Lileks,James Lileks,,None,4,RECORD-00170,1,,
P0647,Person,Lisa Stone,Lisa Stone,"PressThink contributor, Surfette blogger, legal journalist",,8,RECORD-00173,5,,
P0648,Person,Elisa Camahort,Elisa Camahort,Co-conspirator of BlogHer,,5,RECORD-00173,1,,
P0649,Person,Jory Des Jardins,Jory Des Jardins,Co-conspirator of BlogHer,,5,RECORD-00173,1,,
P0650,Person,Purvi Shah,Purvi Shah,Co-conspirator of BlogHer,,4,RECORD-00173,1,,
P0651,Person,Katrin Verclas,Katrin Verclas,Co-conspirator of BlogHer,,4,RECORD-00173,1,,
P0652,Person,Lauren Gelman,Lauren Gelman,,,4,RECORD-00173,1,,
P0653,Person,Wendy Seltzer,Wendy Seltzer,,,4,RECORD-00173,1,,
P0654,Person,Nancy White,Nancy White,,,3,RECORD-00173,1,,
P0655,Person,Mena Trott,Mena Trott,Co-founder of Six Apart,Six Apart,5,RECORD-00173,1,,
P0656,Person,Lisa Williams,Lisa Williams,Citizen Journalist,,5,RECORD-00173,5,,
P0657,Person,Emily Gordon,Emily Gordon,Author of emdashes,NYU,4,RECORD-00173,2,,
P0658,Person,Amy Gahran,Amy Gahran,New media wiz,Contentious,6,RECORD-00173,3,,
P0659,Person,Jeneane Sessum,Jeneane Sessum,,Allied,3,RECORD-00173,1,,
P0660,Person,Jenny D,Jenny D,Education Blogger,,4,RECORD-00173,1,,
P0661,Person,Jude Nagurney Camwell,Jude Nagurney Camwell,"The Rational Liberal, blogger",,4,RECORD-00173,1,,
P0662,Person,Chris Nolan,Chris Nolan,,,5,RECORD-00173,4,,
P0663,Person,Michelle Malkin,Michelle Malkin,,,3,RECORD-00173,1,,
P0664,Person,LaShawn Barber,LaShawn Barber,,,4,RECORD-00173,1,,
P0665,Person,Michelle Catalano,Michelle Catalano,,,3,RECORD-00173,1,,
P0666,Person,Betsy Newmark,Betsy Newmark,,,3,RECORD-00173,1,,
P0667,Person,Robin Burk,Robin Burk,,,4,RECORD-00173,1,,
P0668,Person,Ana Marie Cox,Ana Marie Cox,Wonkette,,4,RECORD-00173,1,,
P0669,Person,Renee Blodget,Renee Blodget,,,4,RECORD-00173,1,,
P0670,Person,Shelley Powers,Shelley Powers,,Burningbird,5,RECORD-00173,1,,
P0671,Person,Howard Fineman,Howard Fineman,Columnist,Newsweek,5,RECORD-00174,2,,
P0672,Person,Joe Gandelman,Joe Gandelman,Journalist,,4,RECORD-00174,1,,
P0673,Person,Linda Mason,Linda Mason,Vice President,CBS,4,RECORD-00174,2,,
P0674,Person,Austin Bay,Austin Bay,"Writer, Commentator, Iraq War Vet","Weekly Standard, NPR, Army Reserve",9,RECORD-00175,2,,
P0675,Person,Dean Esmay,Dean Esmay,Blogger,None,7,RECORD-00175,1,,
P0676,Person,Saddam Hussein,Saddam Hussein,Dictator,None,4,RECORD-00176,2,,
P0677,Person,Vladimir Putin,Vladimir Putin,President of Russia,None,3,RECORD-00176,1,,
P0678,Person,Clara Jeffery,Clara Jeffery,Editor-in-Chief,Mother Jones,9,RECORD-00177,1,,
P0679,Person,Jerome Armstrong,Jerome Armstrong,Blogger,MyDD,6,RECORD-00177,1,,
P0680,Person,Chris Rabb,Chris Rabb,Writer,Afro-Netizen,5,RECORD-00177,1,,
P0681,Person,Kevin Rose,Kevin Rose,Entrepreneur,Digg,5,RECORD-00177,1,,
P0682,Person,Grover Norquist,Grover Norquist,Activist,Not specified,5,RECORD-00177,1,,
P0683,Person,Phil de Vellis,Phil de Vellis,Political consultant,Not specified,6,RECORD-00177,1,,
P0684,Person,Mike Cornfield,Mike Cornfield,Professor,George Washington University,5,RECORD-00177,1,,
P0685,Person,Daniel Glover,Daniel Glover,Blogger,National Journal,6,RECORD-00177,2,,
P0686,Person,Daniel Schulman,Daniel Schulman,Reporter,Mother Jones,6,RECORD-00177,1,,
P0687,Person,Monika Bauerlein,Monika Bauerlein,Co-editor,Mother Jones,7,RECORD-00177,1,,
P0688,Person,Josh Harkinson,Josh Harkinson,Journalist,Mother Jones,4,RECORD-00177,1,,
P0689,Person,Alex Whalen,Alex Whalen,Blogger,None Specified,3,RECORD-00178,1,,
P0690,Person,Stephen Waters,Stephen Waters,"Blogger, Philosopher, Newspaper Publisher",None Specified,3,RECORD-00178,1,,
P0691,Person,Eric Enberg,Eric Enberg,Journalist,CBS,3,RECORD-00178,1,,
P0692,Person,Ernie Miller,Ernie Miller,Interviewer,Corante,3,RECORD-00178,1,,
P0693,Person,Diana West,Diana West,Writer,Town Hall,3,RECORD-00178,1,,
P0694,Person,Larry Kramer,Larry Kramer,Boss of CBS Digital,CBS Digital,7,RECORD-00179,1,,
P0695,Person,Dick Meyer,Dick Meyer,Editorial director,CBSNews.com,8,RECORD-00179,3,,
P0696,Person,Marcel Matley,Marcel Matley,Handwriting expert,,6,RECORD-00179,1,,
P0697,Person,Marian Carr Knox,Marian Carr Knox,Clerk and typist,,5,RECORD-00179,1,,
P0698,Person,Joseph M. Newcomer,Joseph M. Newcomer,Computer typesetting expert,,5,RECORD-00179,1,,
P0699,Person,Mary Mapes,Mary Mapes,Producer,60 Minutes,5,RECORD-00179,2,,
P0700,Person,John Roberts,John Roberts,Reporter,CBS News,5,RECORD-00179,1,,
P0701,Person,Vaughn Ververs,Vaughn Ververs,Staff,Public Eye,7,RECORD-00179,1,,
P0702,Person,Jessie Walker,Jessie Walker,Writer,Reason magazine,5,RECORD-00179,1,,
P0703,Person,Ingrid Ciprian-Matthews,Ingrid Ciprian-Matthews,Senior broadcast producer,CBS Evening News,6,RECORD-00179,1,,
P0704,Person,Bill Quick,Bill Quick,Proprietor,Daily Pundit,5,RECORD-00179,1,,
P0705,Person,Roger L. Simon,Roger L. Simon,Blogger,,4,RECORD-00180,1,,
P0706,Person,Mayhill Fowler,Mayhill Fowler,Participant,OffTheBus,3,RECORD-00180,3,,
P0707,Person,Marc Cooper,Marc Cooper,Participant,OffTheBus,3,RECORD-00180,3,,
P0708,Person,Roy Greenslade,Roy Greenslade,,,3,RECORD-00180,1,,
P0709,Person,Andy Card,Andy Card,White House Chief of Staff,Bush Administration,7,RECORD-00181,1,,
P0710,Person,Dana Milbank,Dana Milbank,Columnist,The Washington Post,7,RECORD-00181,5,,
P0711,Person,David Walker,David Walker,Comptroller General,,6,RECORD-00181,1,,
P0712,Person,Jim VandeHei,Jim VandeHei,Journalist,The Washington Post,5,RECORD-00181,5,,
P0713,Person,Doug McGill,Doug McGill,"Guest writer, ex-Timesman, reporter","The McGill Report, The New York Times, Bloomberg News",10,RECORD-00183,7,,
P0714,Person,Bruce Springsteen,Bruce Springsteen,Musician,,4,RECORD-00183,2,,
P0715,Person,Lex Alexander,Lex Alexander,Editor and blogger,News & Record,8,RECORD-00184,4,,
P0716,Person,Charles Stafford,Charles Stafford,Operations Manager,News & Record Interactive,5,RECORD-00184,1,,
P0717,Person,Steven Ben Deste,Steven Ben Deste,Unclear,,3,RECORD-00184,1,,
P0718,Person,"Roch Smith, Jr.","Roch Smith, Jr.",Founder,Greensboro101,7,RECORD-00184,3,,
P0719,Person,Andy Wismar,Andy Wismar,Tech Blogger,,5,RECORD-00184,1,,
P0720,Person,Jude Nagurney-Camwell,Jude Nagurney-Camwell,Blogger,,4,RECORD-00184,1,,
P0721,Person,Brian Lehrer,Brian Lehrer,Host,WNYC,4,RECORD-00184,2,,
P0722,Person,Wonkette,Wonkette,Blogger,,4,RECORD-00184,1,,
P0723,Person,Scott Johnson,Scott Johnson,Blogger,Powerline,4,RECORD-00184,1,,
P0724,Person,Dave Hoggard,Dave Hoggard,Blogger,,3,RECORD-00184,1,,
P0725,Person,Anna,Anna,Blogger,NC Focus,3,RECORD-00184,1,,
P0726,Person,David Cohn,David Cohn,Journalist,None,7,RECORD-00185,3,,
P0727,Person,Jeff Howe,Jeff Howe,Writer,None,7,RECORD-00185,2,,
P0728,Person,Derek Powazek,Derek Powazek,Contributor,Assignment Zero,6,RECORD-00185,2,,
P0729,Person,Evan Hansen,Evan Hansen,Editor-in-Chief,Wired.com,7,RECORD-00185,1,,
P0730,Person,Tish Grier,Tish Grier,,None,4,RECORD-00185,1,,
P0731,Person,Len Witt,Len Witt,,None,3,RECORD-00185,2,,
P0732,Person,David Leonhardt,David Leonhardt,Economics Writer,The New York Times,4,RECORD-00185,2,,
P0733,Person,Stephen Harper,Stephen Harper,Prime Minister,Canada,10,RECORD-00186,1,,
P0734,Person,Yves Malo,Yves Malo,President,Parliamentary Press Gallery,5,RECORD-00186,1,,
P0735,Person,Kevin Libin,Kevin Libin,Journalist,The Western Standard,7,RECORD-00186,1,,
P0736,Person,Derek Burney,Derek Burney,Chairman of the Board,CanWest,4,RECORD-00186,1,,
P0737,Person,Murray Waas,Murray Waas,"Independent Journalist, Staff Writer","National Journal, Atlantic Media Company",10,RECORD-00187,1,,
P0738,Person,Scooter Libby,Scooter Libby,Chief of Staff to the Vice President,United States Government,6,RECORD-00187,2,,
P0739,Person,Dick Cheney,Dick Cheney,Vice President,United States Government,5,RECORD-00187,10,,
P0740,Person,Jack Anderson,Jack Anderson,Columnist,,5,RECORD-00187,1,,
P0741,Person,Jeff Gannon,Jeff Gannon,White House reporter (fake),Talon News,9,RECORD-00189,2,,
P0742,Person,Andrew Card,Andrew Card,Chief of Staff,Bush Administration,7,RECORD-00189,1,,
P0743,Person,Eric Boehlert,Eric Boehlert,Journalist,Salon,6,RECORD-00189,5,,
P0744,Person,Lance Knobel,Lance Knobel,Speaker,Alfred Deakin Innovation Lectures,4,RECORD-00190,1,,
P0745,Person,Joi Ito,Joi Ito,Speaker,Alfred Deakin Innovation Lectures,3,RECORD-00190,2,,
P0746,Person,Leonard Witt,Leonard Witt,Guest Blogger,Public Journalism Network,7,RECORD-00190,3,,
P0747,Person,Amartya Sen,Amartya Sen,Economist,,5,RECORD-00190,1,,
P0748,Person,Cheryl Gibbs,Cheryl Gibbs,Journalism Professor,"Miami University, Ohio",3,RECORD-00190,1,,
P0749,Person,Mark Briggs,Mark Briggs,Editor,News Tribune,4,RECORD-00191,1,,
P0750,Person,Stowe Boyd,Stowe Boyd,,None,5,RECORD-00191,1,,
P0751,Person,Jeremie,Jeremie,,None,4,RECORD-00191,1,,
P0752,Person,Tim Porter,Tim Porter,,None,4,RECORD-00191,9,,
P0753,Person,Ulises Ali Mejias,Ulises Ali Mejias,,"Teachers College, Columbia University",4,RECORD-00191,1,,
P0754,Person,Jeffrey Team,Jeffrey Team,PR professional,None,4,RECORD-00191,1,,
P0755,Person,Dave LaFontaine,Dave LaFontaine,Independent journalist,None,4,RECORD-00191,1,,
P0756,Person,Dave Cormier,Dave Cormier,,None,4,RECORD-00191,1,,
P0757,Person,Tom Matrullo,Tom Matrullo,,None,4,RECORD-00191,1,,
P0758,Person,Jon Husband,Jon Husband,,None,4,RECORD-00191,1,,
P0759,Person,Scott Walters,Scott Walters,,None,4,RECORD-00191,1,,
P0760,Person,Ryan Sholin,Ryan Sholin,J-school student,None,4,RECORD-00191,3,,
P0761,Person,Billmon,Billmon,Blogger,None,4,RECORD-00191,2,,
P0762,Person,David Carr,David Carr,Columnist,The New York Times,8,RECORD-00192,7,,
P0763,Person,Stephen Colbert,Stephen Colbert,Comedian,,8,RECORD-00192,1,,
P0764,Person,Scott McClellan,Scott McClellan,Press Secretary,Bush Administration,6,RECORD-00192,13,,
P0765,Person,Lowell Bergman,Lowell Bergman,Correspondent,Frontline,7,RECORD-00192,1,,
P0766,Person,Ernest Sotomayor,Ernest Sotomayor,President,Unity: Journalists of Color,7,RECORD-00194,4,,
P0767,Person,Mark Memmott,Mark Memmott,,USA Today,5,RECORD-00194,2,,
P0768,Person,Akilah Johnson,Akilah Johnson,,Sun-Sentinel,5,RECORD-00194,1,,
P0769,Person,J. Patrick Coolican,J. Patrick Coolican,,Seattle Times,5,RECORD-00194,1,,
P0770,Person,Florangela Davila,Florangela Davila,,Seattle Times,5,RECORD-00194,1,,
P0771,Person,Bob Steele,Bob Steele,Ethics Specialist,Poynter Institute,7,RECORD-00194,2,,
P0772,Person,Michael Graham,Michael Graham,,National Review,5,RECORD-00194,1,,
P0773,Person,Donna Britt,Donna Britt,,The Washington Post,6,RECORD-00194,1,,
P0774,Person,Colin Powell,Colin Powell,Secretary of State,,4,RECORD-00194,1,,
P0775,Person,Darryl Fears,Darryl Fears,,Washington Post,5,RECORD-00194,1,,
P0776,Person,Roxanne Roberts,Roxanne Roberts,,Washington Post,5,RECORD-00194,1,,
P0777,Person,Dan Gilmor,Dan Gilmor,Author,N/A,5,RECORD-00195,1,,
P0778,Person,Renee Blodgett,Renee Blodgett,Blogger,Down the Avenue,3,RECORD-00195,1,,
P0779,Person,Tim Oren,Tim Oren,Writer,N/A,3,RECORD-00195,1,,
P0780,Person,David Kirkpatrick,David Kirkpatrick,Writer,Fortune Magazine,3,RECORD-00195,1,,
P0781,Person,Matthew Klam,Matthew Klam,Writer,New York Times Magazine,3,RECORD-00195,1,,
P0782,Person,Moulitsas,Moulitsas,Blogger,Daily Kos,4,RECORD-00195,1,,
P0783,Person,Atrios,Atrios,Blogger,N/A,4,RECORD-00195,3,,
P0784,Person,Leonard Cohen,Leonard Cohen,Singer/Songwriter,N/A,2,RECORD-00195,1,,
P0785,Person,Tom Oliphant,Tom Oliphant,Journalist,Boston Globe,5,RECORD-00196,1,,
P0786,Person,John O'Neill,John O'Neill,"Author, Veteran",Swift Boat Veterans for Truth,7,RECORD-00196,1,,
P0787,Person,Linda Feldmann,Linda Feldmann,Journalist,Christian Science Monitor,4,RECORD-00196,1,,
P0788,Person,Alison Mitchell,Alison Mitchell,Deputy National Editor,The New York Times,4,RECORD-00196,1,,
P0789,Person,Eric Bohlert,Eric Bohlert,Journalist,Salon,4,RECORD-00196,1,,
P0790,Person,Maria L. La Ganga,Maria L. La Ganga,Journalist,Los Angeles Times,5,RECORD-00196,1,,
P0791,Person,Stephen Braun,Stephen Braun,Journalist,Los Angeles Times,5,RECORD-00196,1,,
P0792,Person,Kate Zerkike,Kate Zerkike,Journalist,The New York Times,5,RECORD-00196,1,,
P0793,Person,James O'Shea,James O'Shea,Managing Editor,Chicago Tribune,5,RECORD-00196,1,,
P0794,Person,William Rood,William Rood,Editor,Chicago Tribune,5,RECORD-00196,1,,
P0795,Person,John Podhoretz,John Podhoretz,Columnist,New York Post,5,RECORD-00196,1,,
P0796,Person,John Hinderaker,John Hinderaker,"Blogger, Lawyer",Power Line,4,RECORD-00196,2,,
P0797,Person,Matt Wretchard,Matt Wretchard,Blogger,Belmont Club,4,RECORD-00196,1,,
P0798,Person,Jill Dougherty,Jill Dougherty,Journalist,CNN,4,RECORD-00196,1,,
P0799,Person,Kyra Phillips,Kyra Phillips,Journalist,CNN,4,RECORD-00196,1,,
P0800,Person,Alessandra Stanley,Alessandra Stanley,Journalist,The New York Times,4,RECORD-00196,2,,
P0801,Person,Susan Hammer,Susan Hammer,Former Mayor,San Jose,4,RECORD-00197,1,,
P0802,Person,Carl Guardino,Carl Guardino,CEO,Silicon Valley Leadership Group,4,RECORD-00197,1,,
P0803,Person,Pat Dando,Pat Dando,Head,Silicon Valley Chamber of Commerce,4,RECORD-00197,1,,
P0804,Person,Don Kassing,Don Kassing,President,San Jose State University,4,RECORD-00197,1,,
P0805,Person,Tom Campbell,Tom Campbell,Dean,U.C. Berkeley Haas School of Business,4,RECORD-00197,1,,
P0806,Person,David M. Kennedy,David M. Kennedy,History Professor,Stanford University,4,RECORD-00197,1,,
P0807,Person,Brian Tierney,Brian Tierney,Advertising Executive,Philadelphia,5,RECORD-00197,1,,
P0808,Person,Michael Shapiro,Michael Shapiro,,,6,RECORD-00197,1,,
P0809,Person,Gary Pruitt,Gary Pruitt,CEO,McClatchy,5,RECORD-00197,1,,
P0810,Person,Amanda Bennett,Amanda Bennett,Editor,The Philadelphia Inquirer,6,RECORD-00197,2,,
P0811,Person,Tony Ridder,Tony Ridder,Outgoing Boss,Knight-Ridder,4,RECORD-00197,1,,
P0812,Person,Dave Beal,Dave Beal,Columnist,St. Paul Pioneer Press,5,RECORD-00197,1,,
P0813,Person,John Welbes,John Welbes,Reporter,St. Paul Pioneer Press,4,RECORD-00197,1,,
P0814,Person,Jennifer Bjorhus,Jennifer Bjorhus,Reporter,St. Paul Pioneer Press,4,RECORD-00197,1,,
P0815,Person,Dan Foote,Dan Foote,President,Foote & Co.,4,RECORD-00197,1,,
P0816,Person,Par Ridder,Par Ridder,Publisher,St. Paul Pioneer Press,4,RECORD-00197,1,,
P0817,Person,Gene Carr,Gene Carr,Chief Executive,American Community Newspapers,5,RECORD-00197,1,,
P0818,Person,Diane Evans,Diane Evans,Columnist,Akron Beacon-Journal,5,RECORD-00197,1,,
P0819,Person,Jack Knight,Jack Knight,,,5,RECORD-00197,1,,
P0820,Person,Will Bunch,Will Bunch,Blogger,Philadelphia Daily News,5,RECORD-00197,4,,
P0821,Person,Andrew Heyward,Andrew Heyward,,CBS News,4,RECORD-00197,6,,
P0822,Person,Bob Stepno,Bob Stepno,,,3,RECORD-00197,1,,
P0823,Person,Jeff Grammage,Jeff Grammage,,The Philadelphia Inquirer,4,RECORD-00197,1,,
P0824,Person,John Chambers,John Chambers,,,3,RECORD-00197,1,,
P0825,Person,Andy Grove,Andy Grove,,,3,RECORD-00197,1,,
P0826,Person,John Doerr,John Doerr,,,3,RECORD-00197,1,,
P0827,Person,Weldon Berger,Weldon Berger,Blogger,BTC News,5,RECORD-00198,4,,
P0828,Person,Eric Brewer,Eric Brewer,White House Correspondent,BTC News,5,RECORD-00198,2,,
P0829,Person,Terry Teachout,Terry Teachout,Arts Blogger,About Last Night,5,RECORD-00198,3,,
P0830,Person,Laura Demanski,Laura Demanski,Contributor,About Last Night,4,RECORD-00198,1,,
P0831,Person,Alan Rusbridger,Alan Rusbridger,Editor,The Guardian,4,RECORD-00199,2,,
P0832,Person,John Nichols,John Nichols,Journalist,The Capital Times,6,RECORD-00199,1,,
P0833,Person,William T. Evjue,William T. Evjue,Founder,The Capital Times,8,RECORD-00199,1,,
P0834,Person,Robert M. La Follette,Robert M. La Follette,Politician,Wisconsin,3,RECORD-00199,1,,
P0835,Person,Joseph McCarthy,Joseph McCarthy,Senator,Wisconsin,3,RECORD-00199,1,,
P0836,Person,Dave Zweifel,Dave Zweifel,Editor Emeritus,The Capital Times,6,RECORD-00199,1,,
P0837,Person,Lew Friedland,Lew Friedland,Journalism Professor,University of Wisconsin-Madison,7,RECORD-00199,1,,
P0838,Person,Mark Eisen,Mark Eisen,Editor,Isthmus,5,RECORD-00199,1,,
P0839,Person,Sue Robinson,Sue Robinson,Journalism Researcher,The Capital Times,5,RECORD-00199,1,,
P0840,Person,Paul Fanlund,Paul Fanlund,Editor,The Capital Times,4,RECORD-00199,1,,
P0841,Person,Charles Nesson,Charles Nesson,Professor of Law,Harvard Law School; Berkman Center for Internet & Society,7,RECORD-00200,1,,
P0842,Person,Jimmy Wales,Jimmy Wales,Co-founder,Wikipedia; Wikimedia Foundation,9,RECORD-00200,4,,
P0843,Person,Jan Schaffer,Jan Schaffer,Executive Director,"J-Lab, The Institute for Interactive Journalism, University of Maryland",6,RECORD-00200,2,,
P0844,Person,Walter Bender,Walter Bender,Executive Director and Senior Research Scientist,MIT Media Lab,6,RECORD-00200,1,,
P0845,Person,Brendan Greeley,Brendan Greeley,"Site Editor, Writer, Radio Producer",Public Radio Exchange,5,RECORD-00200,1,,
P0846,Person,Jonathan Zittrain,Jonathan Zittrain,,None,5,RECORD-00200,1,,
P0847,Person,Brooks Jackson,Brooks Jackson,"Director, Former Investigative Reporter","factcheck.org, Associated Press, Wall Street Journal, CNN",6,RECORD-00200,1,,
P0848,Person,Wolf Blitzer,Wolf Blitzer,Anchor,CNN,10,RECORD-00201,3,,
P0849,Person,Dennis Kucinich,Dennis Kucinich,Congressman,Ohio,10,RECORD-00201,1,,
P0850,Person,Carol Moseley Braun,Carol Moseley Braun,,,4,RECORD-00201,1,,
P0851,Person,Dick Gephardt,Dick Gephardt,,,4,RECORD-00201,1,,
P0852,Person,Stirling Newberry,Stirling Newberry,,,4,RECORD-00201,1,,
P0853,Person,James Zogby,James Zogby,Pollster,None,4,RECORD-00202,1,,
P0854,Person,Judy Miller,Judy Miller,Reporter,The New York Times,10,RECORD-00203,7,,
P0855,Person,Jonathan Landman,Jonathan Landman,Deputy Managing Editor,The New York Times,7,RECORD-00203,3,,
P0856,Person,Adam Liptak,Adam Liptak,Reporter,The New York Times,5,RECORD-00203,1,,
P0857,Person,Don Van Natta Jr.,Don Van Natta Jr.,Reporter,The New York Times,5,RECORD-00203,1,,
P0858,Person,Janny Scott,Janny Scott,Writer,The New York Times,5,RECORD-00203,1,,
P0859,Person,David Johnston,David Johnston,Reporter,The New York Times,6,RECORD-00203,2,,
P0860,Person,Robert Bennett,Robert Bennett,Attorney,Attorney for Judy Miller,6,RECORD-00203,1,,
P0861,Person,Paul McLeary,Paul McLeary,Reporter/Editor,CJR Daily,4,RECORD-00203,1,,
P0862,Person,Barney Calame,Barney Calame,Public Editor,The New York Times,6,RECORD-00203,3,,
P0863,Person,Floyd Abrams,Floyd Abrams,Lawyer,None,4,RECORD-00203,1,,
P0864,Person,Bob Novak,Bob Novak,Journalist,None,3,RECORD-00203,1,,
P0865,Person,William Jackson,William Jackson,Columnist,Editor & Publisher,4,RECORD-00203,2,,
P0866,Person,Josef Hebert,Josef Hebert,Reporter,Associated Press,3,RECORD-00203,1,,
P0867,Person,Patricia Hurtado,Patricia Hurtado,Reporter,Newsday,3,RECORD-00203,1,,
P0868,Person,Bruce Sanford,Bruce Sanford,Lawyer,Baker and Hostetler,3,RECORD-00203,1,,
P0869,Person,Joe Trippi,Joe Trippi,Campaign Manager,Dean Campaign,10,RECORD-00204,2,,
P0870,Person,Ross Mayfield,Ross Mayfield,Blogger,,3,RECORD-00204,1,,
P0871,Person,Wes Boyd,Wes Boyd,Executive,MoveOn.org,3,RECORD-00204,1,,
P0872,Person,Scott Heiferman,Scott Heiferman,Executive,MeetUp.com,3,RECORD-00204,1,,
P0873,Person,David Sifry,David Sifry,Executive,Technorati,3,RECORD-00204,1,,
P0874,Person,Tim O’Reilly,Tim O’Reilly,Executive,O'Reilly Media,4,RECORD-00204,1,,
P0875,Person,Micah Sifry,Micah Sifry,Writer,The Nation,4,RECORD-00204,3,,
P0876,Person,Richard Gephardt,Richard Gephardt,Congressman,Democratic Party,3,RECORD-00204,1,,
P0877,Person,William Drenttel,William Drenttel,"Designer, Prime Mover","Design Observer, Winterhouse Institute",10,RECORD-00205,1,,
P0878,Person,Russ Walker,Russ Walker,Editor,Washingtonpost.com,5,RECORD-00205,1,,
P0879,Person,Virginia Postrel,Virginia Postrel,"Author, Columnist",The New York Times,7,RECORD-00206,1,,
P0880,Person,Richard Cohen,Richard Cohen,Columnist,None,5,RECORD-00206,1,,
P0881,Person,Peter Zollman,Peter Zollman,,None,4,RECORD-00206,1,,
P0882,Person,Jonathan V. Last,Jonathan V. Last,,Weekly Standard,4,RECORD-00206,1,,
P0883,Person,Debbie Galant,Debbie Galant,Blogger,Baristanet.net,4,RECORD-00206,4,,
P0884,Person,Christopher Carfi,Christopher Carfi,Blogger,None,4,RECORD-00206,1,,
P0885,Person,Rob Glaser,Rob Glaser,,Real Networks,4,RECORD-00206,1,,
P0886,Person,John C. Dvorak,John C. Dvorak,Columnist,PC Magazine,4,RECORD-00206,1,,
P0887,Person,Lesley Stahl,Lesley Stahl,Correspondent,CBS News,9,RECORD-00207,1,,
P0888,Person,Dick Darman,Dick Darman,White House Official,Reagan Administration,7,RECORD-00207,1,,
P0889,Person,Bob Somerby,Bob Somerby,Writer,The Daily Howler,4,RECORD-00207,1,,
P0890,Person,Martin Schram,Martin Schram,Journalist,None,3,RECORD-00207,1,,
P0891,Person,Kathleen Hall Jamieson,Kathleen Hall Jamieson,Communications Scholar,None,3,RECORD-00207,1,,
P0892,Person,Mark Hertsgaard,Mark Hertsgaard,Author,None,3,RECORD-00207,1,,
P0893,Person,David Burke,David Burke,Executive Vice President,ABC News,5,RECORD-00207,1,,
P0894,Person,Ben Bradlee,Ben Bradlee,Journalist,None,3,RECORD-00207,3,,
P0895,Person,Edward Kennedy,Edward Kennedy,Senator,None,3,RECORD-00207,1,,
P0896,Person,Clark Clifford,Clark Clifford,Advisor,None,3,RECORD-00207,1,,
P0897,Person,Mark Potts,Mark Potts,Co-founder,Backfence.com,8,RECORD-00208,3,,
P0898,Person,Steve Outing,Steve Outing,Journalist,N/A,4,RECORD-00208,3,,
P0899,Person,Susan DeFife,Susan DeFife,Co-founder,Backfence.com,3,RECORD-00208,1,,
P0900,Person,Mark Belling,Mark Belling,Host,CBS affiliate in Milwaukee,5,RECORD-00208,1,,
P0901,Person,Scott Smith,Scott Smith,President of publishing unit,Tribune,4,RECORD-00208,1,,
P0902,Person,Bob Benz,Bob Benz,N/A,E. W. Scripps,4,RECORD-00208,1,,
P0903,Person,Mike Phillips,Mike Phillips,N/A,E. W. Scripps,4,RECORD-00208,2,,
P0904,Person,Doug Fisher,Doug Fisher,N/A,,4,RECORD-00208,1,,
P0905,Person,Alan Mutter,Alan Mutter,N/A,,4,RECORD-00208,1,,
P0906,Person,Charles Johnson,Charles Johnson,Blogger,LittleGreenFootballs,5,RECORD-00208,1,,
P0907,Person,Marc Danziger,Marc Danziger,Blogger,Armed Liberal,4,RECORD-00208,1,,
P0908,Person,Roderick Boyd,Roderick Boyd,N/A,,4,RECORD-00208,1,,
P0909,Person,Mike Thomas,Mike Thomas,Columnist,Orlando Sentinel,5,RECORD-00208,1,,
P0910,Person,Olav Anders Øvrebø,Olav Anders Øvrebø,Critic and Blogger,Undercurrent,5,RECORD-00208,1,,
P0911,Person,Paul Graham,Paul Graham,Essayist,,5,RECORD-00208,1,,
P0912,Person,Bozell,Bozell,Conservative Activist,None,4,RECORD-00209,1,,
P0913,Person,Ed Herman,Ed Herman,Professor,University of Pennsylvania,5,RECORD-00209,1,,
P0914,Person,Nick Madigan,Nick Madigan,Journalist,Baltimore Sun,4,RECORD-00210,1,,
P0915,Person,Ari Fleischer,Ari Fleischer,White House Press Secretary,George W. Bush Administration,4,RECORD-00210,2,,
P0916,Person,John Harris,John Harris,Political Editor,The Washington Post,4,RECORD-00210,7,,
P0917,Person,Carl Bernstein,Carl Bernstein,Journalist,None,4,RECORD-00210,2,,
P0918,Person,Dick Polman,Dick Polman,Political Writer,Philadelphia Inquirer,4,RECORD-00210,2,,
P0919,Person,David Smith,David Smith,CEO,Sinclair Broadcast Group,8,RECORD-00211,1,,
P0920,Person,Mark Hyman,Mark Hyman,Vice President for Corporate Relations,Sinclair Broadcast Group,7,RECORD-00211,2,,
P0921,Person,Joe Flint,Joe Flint,Journalist,Wall Street Journal,4,RECORD-00211,1,,
P0922,Person,David Lieberman,David Lieberman,Journalist,USA Today,5,RECORD-00211,1,,
P0923,Person,Rob Owen,Rob Owen,Television Writer,Pittsburgh Post-Gazette,4,RECORD-00211,1,,
P0924,Person,Silvio Berlusconi,Silvio Berlusconi,Prime Minister,Italy,6,RECORD-00211,1,,
P0925,Person,Alexander Stille,Alexander Stille,Journalist and Writer,New York Review of Books,5,RECORD-00211,1,,
P0926,Person,Daniel Rubin,Daniel Rubin,Journalist,The Philadelphia Inquirer,7,RECORD-00212,2,,
P0927,Person,Peggy Noonan,Peggy Noonan,Columnist,The Wall Street Journal,6,RECORD-00212,3,,
P0928,Person,John Battelle,John Battelle,Founder,Federated Media,6,RECORD-00212,1,,
P0929,Person,Warren Buffet,Warren Buffet,CEO,Berkshire Hathaway,5,RECORD-00212,1,,
P0930,Person,Buffalo Geek,Buffalo Geek,Blogger,,7,RECORD-00212,1,,
P0931,Person,Emily Bell,Emily Bell,Executive Editor,The Guardian,8,RECORD-00212,1,,
P0932,Person,Simon Waldman,Simon Waldman,Director of Digital Publishing,The Guardian,7,RECORD-00212,4,,
P0933,Person,Dwight Silverman,Dwight Silverman,Interactive Editor,Houston Chronicle,7,RECORD-00212,1,,
P0934,Person,Steven Vass,Steven Vass,Media Correspondent,Sunday Herald,5,RECORD-00212,1,,
P0935,Person,Georgina Henry,Georgina Henry,Editor,The Guardian,6,RECORD-00212,1,,
P0936,Person,Daniel Conover,Daniel Conover,,Post-Courier,5,RECORD-00212,2,,
P0937,Person,Tom Fiedler,Tom Fiedler,Executive Editor,Miami Herald,10,RECORD-00213,2,,
P0938,Person,Ed Wasserman,Ed Wasserman,Columnist,None,6,RECORD-00213,2,,
P0939,Person,Jeffrey Schmalz,Jeffrey Schmalz,Reporter and Editor,The New York Times,6,RECORD-00213,1,,
P0940,Person,Dave Weinberger,Dave Weinberger,Blogger,Joho the Blog,6,RECORD-00214,1,,
P0941,Person,Jim Romensko,Jim Romensko,Journalist,None,6,RECORD-00214,1,,
P0942,Person,Karen Ryan,Karen Ryan,Narrator,US Department of Health and Human Services,9,RECORD-00215,3,,
P0943,Person,Ken Denney,Ken Denney,Public Relations Professional,None,7,RECORD-00215,1,,
P0944,Person,Catherine Bolton,Catherine Bolton,President,Public Relations Society of America,7,RECORD-00215,1,,
P0945,Person,Peter Bhattia,Peter Bhattia,Executive Editor,"Oregonian, American Society of Newspaper Editors",7,RECORD-00215,1,,
P0946,Person,Tommy Thompson,Tommy Thompson,HHS Secretary,US Department of Health and Human Services,6,RECORD-00215,1,,
P0947,Person,Alice Marshall,Alice Marshall,Weblog Writer,technoflak weblog,6,RECORD-00215,1,,
P0948,Person,Daniel Price,Daniel Price,Author,Abused by the News,6,RECORD-00215,1,,
P0949,Person,John McCain,John McCain,Senator,None,6,RECORD-00216,7,,
P0950,Person,Conan O'Brien,Conan O'Brien,"Comedian, Talk Show Host",NBC,5,RECORD-00216,1,,
P0951,Person,David D. Smith,David D. Smith,Executive,Sinclair Broadcasting,5,RECORD-00216,1,,
P0952,Person,Robert Cox,Robert Cox,Journalist,The National Debate,5,RECORD-00216,2,,
P0953,Person,Jeff Goldstein,Jeff Goldstein,Blogger,protein wisdom,6,RECORD-00216,2,,
P0954,Person,Peter Levine,Peter Levine,"Political Philosopher, Blogger",,5,RECORD-00216,1,,
P0955,Person,Farnaz Fassihi,Farnaz Fassihi,Reporter,The Wall Street Journal,10,RECORD-00217,1,,
P0956,Person,Matt Mendelsohn,Matt Mendelsohn,Writer,Romenesko's Letters,4,RECORD-00217,1,,
P0957,Person,Tom Scocca,Tom Scocca,Writer,The New York Observer,3,RECORD-00217,1,,
P0958,Person,Paul Steiger,Paul Steiger,Managing Editor,The Wall Street Journal,6,RECORD-00217,3,,
P0959,Person,Dexter Filkins,Dexter Filkins,Correspondent,New York Times,2,RECORD-00217,1,,
P0960,Person,Aly Colon,Aly Colon,Ethics Instructor,The Poynter Institute,3,RECORD-00217,1,,
P0961,Person,Richard Read,Richard Read,Reporter,The Oregonian,2,RECORD-00217,1,,
P0962,Person,Laurie Garrett,Laurie Garrett,Reporter,None,2,RECORD-00217,1,,
P0963,Person,Michael Skube,Michael Skube,Journalist,Los Angeles Times,8,RECORD-00218,3,,
P0964,Person,Joseph Newcomer,Joseph Newcomer,Computer Expert,,7,RECORD-00218,1,,
P0965,Person,Nick Anthis,Nick Anthis,"Graduate student, Science Blogger",,6,RECORD-00218,1,,
P0966,Person,George Deutsch,George Deutsch,Political Appointee,NASA,6,RECORD-00218,1,,
P0967,Person,Michael Yon,Michael Yon,Independent Journalist,,7,RECORD-00218,1,,
P0968,Person,Howard Kaloogian,Howard Kaloogian,Republican Congressional candidate,,6,RECORD-00218,1,,
P0969,Person,Philip Meyer,Philip Meyer,Scholar and Researcher,None,8,RECORD-00220,3,,
P0970,Person,Michael S. Malone,Michael S. Malone,Newspaper Commentator,ABCNews.com,6,RECORD-00220,1,,
P0971,Person,Michael E. Porter,Michael E. Porter,Harvard Professor,Harvard University,6,RECORD-00220,1,,
P0972,Person,Lauren Fine,Lauren Fine,Analyst,None,4,RECORD-00220,1,,
P0973,Person,Philip Anschutz,Philip Anschutz,Billionaire,None,5,RECORD-00220,1,,
P0974,Person,James Sheehan,James Sheehan,President,Retail Grocers Association of Greater Kansas City,4,RECORD-00220,1,,
P0975,Person,Anthony Ridder,Anthony Ridder,CEO,Knight Ridder,5,RECORD-00220,1,,
P0976,Person,Jim West,Jim West,Mayor of Spokane,City of Spokane,10,RECORD-00221,1,,
P0977,Person,Steve Smith,Steve Smith,Editor,The Spokesman-Review,10,RECORD-00221,3,,
P0978,Person,Tom Detzel,Tom Detzel,Oversees investigative projects,The Oregonian,6,RECORD-00221,1,,
P0979,Person,Bill Morlin,Bill Morlin,Reporter,The Spokesman-Review,7,RECORD-00221,1,,
P0980,Person,Karen Dorn Steele,Karen Dorn Steele,Reporter,The Spokesman-Review,5,RECORD-00221,1,,
P0981,Person,William Stacey Cowles,William Stacey Cowles,Publisher,The Spokesman-Review,6,RECORD-00221,1,,
P0982,Person,Bill Gates,Bill Gates,"Businessperson, Philanthropist",,3,RECORD-00223,1,,
P0983,Person,Loic Le Meur,Loic Le Meur,,,6,RECORD-00223,1,,
P0984,Person,Richard Sambrook,Richard Sambrook,Director of BBC News,BBC News,6,RECORD-00223,3,,
P0985,Person,Andrew Gilligan,Andrew Gilligan,Journalist,,4,RECORD-00223,1,,
P0986,Person,Dick Morris,Dick Morris,Political Consultant,,4,RECORD-00223,1,,
P0987,Person,Freeman Dyson,Freeman Dyson,Physicist,,4,RECORD-00223,1,,
P0988,Person,Steve Rubel,Steve Rubel,Writer,Micro Persuasion weblog,9,RECORD-00224,2,,
P0989,Person,Trevor Cook,Trevor Cook,,None,6,RECORD-00224,1,,
P0990,Person,JD Lassica,JD Lassica,,None,6,RECORD-00224,1,,
P0991,Person,I.F. Stone,I.F. Stone,,None,5,RECORD-00224,1,,
P0992,Person,John Stewart,John Stewart,,None,6,RECORD-00224,1,,
P0993,Person,Rob Anderson,Rob Anderson,Scholar,None,3,RECORD-00225,1,,
P0994,Person,Robert Dardenne,Robert Dardenne,Scholar,None,3,RECORD-00225,1,,
P0995,Person,George M. Killenberg,George M. Killenberg,Scholar,None,3,RECORD-00225,1,,
P0996,Person,Ken Layne,Ken Layne,Blogger,KenLayne.com,4,RECORD-00225,1,,
P0997,Person,Terry Heaton,Terry Heaton,Former TV News Director,None,5,RECORD-00225,4,,
P0998,Person,Henry Farrell,Henry Farrell,"Blogger, Academic",Crooked Timber,7,RECORD-00225,1,,
P0999,Person,Hugh Hewett,Hugh Hewett,Blogger,Weekly Standard,6,RECORD-00225,1,,
P1000,Person,Sam Feist,Sam Feist,Senior Executive Producer for Political Programming,CNN,9,RECORD-00226,1,,
P1001,Person,Dante Chinni,Dante Chinni,Writer,Christian Science Monitor,4,RECORD-00226,1,,
P1002,Person,Elizabeth Jensen,Elizabeth Jensen,Writer,Los Angeles Times,5,RECORD-00226,2,,
P1003,Person,Jim Nicholson,Jim Nicholson,Chairman,Republican National Committee,4,RECORD-00226,1,,
P1004,Person,Joe Strupp,Joe Strupp,Reporter,Editor & Publisher,5,RECORD-00228,2,,
P1005,Person,Shawn Moynihan,Shawn Moynihan,Reporter,Editor & Publisher,4,RECORD-00228,1,,
P1006,Person,Charles Geraci,Charles Geraci,Reporter,Editor & Publisher,4,RECORD-00228,1,,
P1007,Person,Dan Okrent,Dan Okrent,Public Editor,The New York Times,7,RECORD-00228,1,,
P1008,Person,John O’Connor,John O’Connor,Cardinal,Catholic Church,4,RECORD-00228,1,,
P1009,Person,Walter Ong,Walter Ong,Scholar,None,5,RECORD-00230,1,,
P1010,Person,Paul Bass,Paul Bass,"Reporter, Editor, Publisher",New Haven Independent,10,RECORD-00231,1,,
P1011,Person,Linda Picone,Linda Picone,"Journalist, Former Deputy Managing Editor",Star Tribune,7,RECORD-00234,1,,
P1012,Person,Jeff Shaw,Jeff Shaw,Journalist,Native American Journalists Association,7,RECORD-00234,1,,
P1013,Person,Perry Parks,Perry Parks,Journalism Professor,Michigan State,5,RECORD-00234,1,,
P1014,Person,Brian Monroe,Brian Monroe,"Unity Board Member, VP",National Association of Black Journalists,6,RECORD-00234,1,,
P1015,Person,Matthew Yglesisas,Matthew Yglesisas,Blogger,,4,,1,,
P1016,Person,Brett Oswego,Brett Oswego,Blogger,,4,,1,,
P1017,Person,Harris Meyer,Harris Meyer,Journalist,Florida journalist,4,RECORD-00237,1,,
P1018,Person,Douglas Cater,Douglas Cater,Media scholar,,3,RECORD-00237,1,,
P1019,Person,Mark Jurkowitz,Mark Jurkowitz,Journalist,Boston Globe,3,RECORD-00237,3,,
P1020,Person,Tim Russert,Tim Russert,Journalist,NBC,3,RECORD-00237,2,,
P1021,Person,Eric Litchblau,Eric Litchblau,Journalist,The New York Times,3,RECORD-00237,1,,
P1022,Person,Matt Bennett,Matt Bennett,Political consultant,None,2,RECORD-00237,1,,
P1023,Person,Bob Kerrey,Bob Kerrey,Commissioner,9/11 Commission,2,RECORD-00237,1,,
P1024,Person,Richard Ben-Veniste,Richard Ben-Veniste,Commissioner,9/11 Commission,2,RECORD-00237,1,,
P1025,Person,Jeremiah Wright,Jeremiah Wright,Reverend,Trinity United Church of Christ,7,RECORD-00238,1,,
P1026,Person,Charles Murray,Charles Murray,Political Scientist,The Corner,6,RECORD-00238,1,,
P1027,Person,Porter Goss,Porter Goss,CIA Director,Central Intelligence Agency,9,RECORD-00239,2,,
P1028,Person,Tony Snow,Tony Snow,White House Press Secretary,The White House,9,RECORD-00239,5,,
P1029,Person,Josh Bolten,Josh Bolten,White House Chief of Staff,The White House,5,RECORD-00239,2,,
P1030,Person,John Negroponte,John Negroponte,Director of National Intelligence,Office of the Director of National Intelligence,6,RECORD-00239,1,,
P1031,Person,Michael Hayden,Michael Hayden,General,None,6,RECORD-00239,1,,
P1032,Person,Helen Thomas,Helen Thomas,Reporter,None,5,RECORD-00239,1,,
P1033,Person,Kyle (Dusty) Foggo,Kyle (Dusty) Foggo,CIA Official,Central Intelligence Agency,4,RECORD-00239,1,,
P1034,Person,William Buckley,William Buckley,Founder,National Review,3,RECORD-00239,1,,
P1035,Person,John Kasich,John Kasich,Former Republican Congressman,None,4,RECORD-00239,1,,
P1036,Person,Bill Kristol,Bill Kristol,,Fox,4,RECORD-00239,1,,
P1037,Person,Nick Penniman,Nick Penniman,Founder,"The American News Project, The Huffington Post Investigative Fund",8,RECORD-00241,1,,
P1038,Person,Bill Mitchell,Bill Mitchell,Journalist,Poynter Institute,5,RECORD-00241,2,,
P1039,Person,Martin Bosworth,Martin Bosworth,Commentator,None,4,RECORD-00241,1,,
P1040,Person,Gara LaMarche,Gara LaMarche,Head,The Atlantic Philanthropies,4,RECORD-00241,1,,
P1041,Person,Jon Leiberman,Jon Leiberman,Former Washington bureau chief,Sinclair Broadcast Group,10,RECORD-00242,1,,
P1042,Person,Paula Zahn,Paula Zahn,Anchor,CNN,6,RECORD-00242,1,,
P1043,Person,Judith Miller,Judith Miller,Journalist,The New York Times,6,RECORD-00242,5,,
P1044,Person,Thomas Edsall,Thomas Edsall,Journalist,The Washington Post,4,RECORD-00244,3,,
P1045,Person,Rod Dreher,Rod Dreher,Editorial writer and columnist,The Dallas Morning News,5,RECORD-00245,4,,
P1046,Person,H.L. Mencken,H.L. Mencken,Writer,,4,RECORD-00245,1,,
P1047,Person,William Powers,William Powers,Columnist,National Journal,8,RECORD-00245,4,,
P1048,Person,Michael Kelly,Michael Kelly,Writer,The New York Times,6,RECORD-00245,1,,
P1049,Person,Amy Sullivan,Amy Sullivan,Editor,The Washington Monthly,5,RECORD-00245,1,,
P1050,Person,Dan Gilmour,Dan Gilmour,Journalist,,3,,1,,
P1051,Person,Michael Slackman,Michael Slackman,Writer,The New York Times,4,RECORD-00247,2,,
P1052,Person,Rod O’Connor,Rod O’Connor,CEO,Democratic Convention,4,RECORD-00247,3,,
P1053,Person,William D. Harris,William D. Harris,CEO,Republican Convention,3,RECORD-00247,1,,
P1054,Person,John Leo,John Leo,Columnist,US News,4,,1,,
P1055,Person,Ken Sands,Ken Sands,Practitioner,Public Journalism,7,RECORD-00251,3,,
P1056,Person,Mercedes Lynn de Uriarte,Mercedes Lynn de Uriarte,"Former Journalist, Academic",Los Angeles Times,5,RECORD-00251,2,,
P1057,Person,Michael Kinsley,Michael Kinsley,Colleague,Los Angeles Times,4,RECORD-00251,2,,
P1058,Person,Dennis R. Ryerson,Dennis R. Ryerson,Editor,Indianapolis Star Tribune,4,RECORD-00251,1,,
P1059,Person,Mark McKinnon,Mark McKinnon,Chief Media Adviser,George W. Bush Campaign,7,RECORD-00253,1,,
P1060,Person,Joel Hyatt,Joel Hyatt,Co-founder,Current TV,5,RECORD-00254,1,,
P1061,Person,Sandra Rowe,Sandra Rowe,Editor,The Oregonian,5,RECORD-00254,1,,
P1062,Person,Noah Godfrey,Noah Godfrey,Publisher,Dose magazine,5,RECORD-00254,1,,
P1063,Person,Leonard Asper,Leonard Asper,President and Chief Executive,CanWest,4,RECORD-00254,1,,
P1064,Person,Dave Beckwith,Dave Beckwith,Blogger,Charlotte 101,4,RECORD-00254,1,,
P1065,Person,Darryl Parker,Darryl Parker,Blogger,Charlotte 101,4,RECORD-00254,1,,
P1066,Person,Adam Gopnik,Adam Gopnik,Writer,The New Yorker,9,RECORD-00255,1,,
P1067,Person,Mandy Grunwald,Mandy Grunwald,Political Consultant,None,5,RECORD-00255,1,,
P1068,Person,Michael Tomasky,Michael Tomasky,"Writer, Critic",None,6,RECORD-00255,1,,
P1069,Person,Jody Wilgoren,Jody Wilgoren,Journalist,None,4,RECORD-00255,1,,
P1070,Person,Diane Sawyer,Diane Sawyer,Journalist,ABC News,7,RECORD-00255,1,,
P1071,Person,Brit Hume,Brit Hume,Anchor,Fox News,5,RECORD-00255,2,,
P1072,Person,Jim Bettinger,Jim Bettinger,Director,Knight Fellows program at Stanford University,6,RECORD-00255,2,,
P1073,Person,Marlin Fitzwater,Marlin Fitzwater,Former Press Secretary,Ronald Reagan and George H.W. Bush administrations,7,RECORD-00256,1,,
P1074,Person,Paul R. Pillar,Paul R. Pillar,Ex-CIA man,None,4,RECORD-00256,1,,
P1075,Person,Bill Plante,Bill Plante,White House Reporter,CBS News,3,RECORD-00256,1,,
P1076,Person,Britt Hume,Britt Hume,Journalist,Fox News,2,RECORD-00256,1,,
P1077,Person,Katharine Armstrong,Katharine Armstrong,Ranch Owner,,3,RECORD-00256,1,,
P1078,Person,David Sanger,David Sanger,Journalist,The New York Times,3,RECORD-00256,2,,
P1079,Person,Armstrong Williams,Armstrong Williams,Pundit,None,4,RECORD-00256,3,,
P1080,Person,Shayne Bowman,Shayne Bowman,,None,6,RECORD-00257,2,,
P1081,Person,Chris Willis,Chris Willis,,None,6,RECORD-00257,3,,
P1082,Person,Oh Yeon Ho,Oh Yeon Ho,Founder,OhmyNews,8,RECORD-00257,2,,
P1083,Person,Andy Dickinson,Andy Dickinson,,None,6,RECORD-00257,1,,
P1084,Person,Jeffrey Brown,Jeffrey Brown,Producer,PBS Newshour,6,RECORD-00257,1,,
P1085,Person,Daniel Bennett,Daniel Bennett,,None,6,RECORD-00257,1,,
P1086,Person,Kevin Marsh,Kevin Marsh,Former Editor,BBC,7,RECORD-00257,1,,
P1087,Person,Charlie Beckett,Charlie Beckett,,None,7,RECORD-00257,1,,
P1088,Person,Chuck Olsen,Chuck Olsen,,The Uptake,5,RECORD-00257,1,,
P1089,Person,Alexandre Gamela,Alexandre Gamela,"Blogger, journalist",None,5,RECORD-00257,1,,
P1090,Person,Michael Isikoff,Michael Isikoff,Reporter,Newsweek,5,RECORD-00258,2,,
P1091,Person,Gail Collins,Gail Collins,Editorial Page Editor,The New York Times,6,RECORD-00258,1,,
P1092,Person,Matt Cooper,Matt Cooper,Reporter,Time magazine,6,RECORD-00258,1,,
P1093,Person,Patrick Fitzgerald,Patrick Fitzgerald,Special Counsel,U.S. Department of Justice,7,RECORD-00258,1,,
P1094,Person,Jeralyn Merrit,Jeralyn Merrit,Blogger,None,4,RECORD-00258,1,,
P1095,Person,Dale Franks,Dale Franks,Blogger,None,4,RECORD-00258,1,,
P1096,Person,Tom Maguire,Tom Maguire,Blogger,None,4,RECORD-00258,1,,
P1097,Person,Nick Kristoff,Nick Kristoff,Columnist,The New York Times,4,RECORD-00258,1,,
P1098,Person,Dan Kennedy,Dan Kennedy,Media Critic,Boston Phoenix,6,RECORD-00259,6,,
P1099,Person,Kerry Sipe,Kerry Sipe,N/A,Virginian-Pilot,4,RECORD-00259,1,,
P1100,Person,John Zeratsky,John Zeratsky,N/A,N/A,4,RECORD-00259,1,,
P1101,Person,Wendy Hoke,Wendy Hoke,Writer,Creative Ink,4,RECORD-00259,1,,
P1102,Person,Bob Lutz,Bob Lutz,Vice Chairman,General Motors,4,RECORD-00259,1,,
P1103,Person,Charlie Savage,Charlie Savage,Reporter,Boston Globe,10,RECORD-00261,3,,
P1104,Person,David Addington,David Addington,Chief of Staff to the Vice President,Office of the Vice President,8,RECORD-00261,1,,
P1105,Person,Jack Goldsmith,Jack Goldsmith,Head of the Office of Legal Counsel,Justice Department,8,RECORD-00261,2,,
P1106,Person,Jehmu Greene,Jehmu Greene,Panelist,,4,RECORD-00262,1,,
P1107,Person,Bill Gannon,Bill Gannon,Editorial director and managing editor,Yahoo! News,6,RECORD-00262,3,,
P1108,Person,Nathan Stoll,Nathan Stoll,Product Manager,Google News,6,RECORD-00262,1,,
P1109,Person,Walter Mears,Walter Mears,Reporter,Associated Press,9,RECORD-00263,1,,
P1110,Person,Billy Crystal,Billy Crystal,"Comedian, Actor",,5,RECORD-00263,1,,
P1111,Person,Ben Affleck,Ben Affleck,Actor,,4,RECORD-00263,1,,
P1112,Person,Bill Maher,Bill Maher,"Comedian, Political Commentator",,4,RECORD-00263,1,,
P1113,Person,Meryl Streep,Meryl Streep,Actor,,4,RECORD-00263,1,,
P1114,Person,Bill Richardson,Bill Richardson,Politician,,4,RECORD-00263,1,,
P1115,Person,Elizabeth Wolfe,Elizabeth Wolfe,Reporter,Associated Press,5,RECORD-00263,1,,
P1116,Person,Jessamyn Charity West,Jessamyn Charity West,Blogger,librarian.net,5,RECORD-00263,1,,
P1117,Person,Matt Stoller,Matt Stoller,Writer,BOP News,3,RECORD-00263,2,,
P1118,Person,Jeff Chester,Jeff Chester,CEO,Center for Digital Democracy,3,RECORD-00263,1,,
P1119,Person,Jodi Wilgoren,Jodi Wilgoren,Reporter,The New York Times,9,RECORD-00264,1,,
P1120,Person,Steve Gilliard,Steve Gilliard,Blogger,Steve Gilliard’s News Blog,7,RECORD-00264,1,,
P1121,Person,Alan Judd,Alan Judd,Reporter,Atlanta Constitution,6,RECORD-00264,1,,
P1122,Person,Mona Charen,Mona Charen,Columnist,Creators Syndicate,6,RECORD-00264,1,,
P1123,Person,Al Giordano,Al Giordano,Journalist,None,5,RECORD-00264,1,,
P1124,Person,Rogers Cadenhead,Rogers Cadenhead,Former Newspaper Journalist,None,5,RECORD-00264,1,,
P1125,Person,Halley Suitt,Halley Suitt,Blogger,Halley's Comment,6,RECORD-00264,1,,
P1126,Person,Nick Douglas,Nick Douglas,Blogger,Broken Hammock,5,RECORD-00264,1,,
P1127,Person,Mike Adamick,Mike Adamick,Resource Site Creator,Poliwonks,5,RECORD-00264,1,,
P1128,Person,Calvin Woodward,Calvin Woodward,Reporter,AP,6,RECORD-00264,1,,
P1129,Person,Ceci Connolly,Ceci Connolly,Reporter,The Washington Post,5,RECORD-00264,1,,
P1130,Person,Warren Strobel,Warren Strobel,Journalist,Knight-Ridder (now McClatchy),5,RECORD-00265,2,,
P1131,Person,Stephen Hadley,Stephen Hadley,National Security Advisor,White House,3,RECORD-00265,1,,
P1132,Person,Dana Priest,Dana Priest,Journalist,Washington Post,4,RECORD-00265,2,,
P1133,Person,Jason Calacanis,Jason Calacanis,Writer,Wired Magazine,4,RECORD-00267,1,,
P1134,Person,Fred Vogelstein,Fred Vogelstein,Writer,Wired Magazine,4,RECORD-00267,1,,
P1135,Person,Neil Lewis,Neil Lewis,Reporter,The New York Times,5,RECORD-00267,1,,
P1136,Person,Mark Cuban,Mark Cuban,Owner,Dallas Mavericks,4,RECORD-00267,1,,
P1137,Person,Arianna Hufffington,Arianna Hufffington,Founder,Huffington Post,6,RECORD-00267,1,,
P1138,Person,Katharine Seelye,Katharine Seelye,Writer,The New York Times,4,RECORD-00267,5,,
P1139,Person,Robert Mills,Robert Mills,Interviewer,American Microphone,4,RECORD-00267,1,,
P1140,Person,Hillary Rosner,Hillary Rosner,Senior Editor,Assignment Zero,4,RECORD-00267,1,,
P1141,Person,Paul Lukasiak,Paul Lukasiak,Source,None,4,RECORD-00267,1,,
P1142,Person,Michael Getler,Michael Getler,Ombudsman,PBS,7,RECORD-00268,3,,
P1143,Person,Rich Little,Rich Little,Comedian,,4,RECORD-00268,1,,
P1144,Person,Deborah Howell,Deborah Howell,,None,5,RECORD-00269,4,,
P1145,Person,Will Femia,Will Femia,,MSNBC,3,RECORD-00269,1,,
P1146,Person,Rem Reider,Rem Reider,,American Journalism Review,3,RECORD-00269,1,,
P1147,Person,Ed Henry,Ed Henry,,CNN,7,RECORD-00270,3,,
P1148,Person,Anderson Cooper,Anderson Cooper,,CNN,5,RECORD-00270,2,,
P1149,Person,Bernard Goldberg,Bernard Goldberg,,Journalist,5,RECORD-00270,1,,
P1150,Person,Glenn Beck,Glenn Beck,,Commentator,5,RECORD-00270,1,,
P1151,Person,Jon Meacham,Jon Meacham,,Newsweek,6,RECORD-00270,1,,
P1152,Person,Sarah Palin,Sarah Palin,Politician,,6,RECORD-00270,2,,
P1153,Person,Lindsey Graham,Lindsey Graham,Senator,,5,RECORD-00270,1,,
P1154,Person,Gerald Ford,Gerald Ford,President of the United States,,5,RECORD-00270,1,,
P1155,Person,Richard Schweiker,Richard Schweiker,Senator,,5,RECORD-00270,1,,
P1156,Person,George H.W. Bush,George H.W. Bush,President of the United States,,5,RECORD-00270,1,,
P1157,Person,Mike Huckabee,Mike Huckabee,Politician,None,8,RECORD-00271,1,,
P1158,Person,Ross Douthat,Ross Douthat,Columnist,The Atlantic,6,RECORD-00271,1,,
P1159,Person,Dan Bartlett,Dan Bartlett,White House aide,None,7,RECORD-00271,2,,
P1160,Person,Richard Harwood,Richard Harwood,Editor/Ombudsman,The Washington Post,3,RECORD-00271,1,,
P1161,Person,Rick Kaplan,Rick Kaplan,Head of MSNBC,MSNBC,8,RECORD-00272,1,,
P1162,Person,Adrian Holovaty,Adrian Holovaty,Commentator,Lawrence.com,5,RECORD-00272,1,,
P1163,Person,Ron Suskind,Ron Suskind,,,5,RECORD-00274,4,,
P1164,Person,Brian Micklethwait,Brian Micklethwait,,,4,RECORD-00274,1,,
P1165,Person,Michael Powell,Michael Powell,Head of FCC,,3,RECORD-00274,3,,
P1166,Person,Jay Fienberg,Jay Fienberg,,,3,RECORD-00274,1,,
P1167,Person,Tom Brook,Tom Brook,BBC Reporter,BBC,5,RECORD-00274,1,,
P1168,Person,Bill Allison,Bill Allison,Staff,Sunlight,8,RECORD-00275,1,,
P1169,Person,Jerrold Nadler,Jerrold Nadler,Congressman,U.S. House of Representatives,5,RECORD-00275,1,,
P1170,Person,Joyce Miller,Joyce Miller,Spouse of Jerrold Nadler,None,4,RECORD-00275,1,,
P1171,Person,Micah Sifrey,Micah Sifrey,Consultant,Sunlight,5,RECORD-00275,1,,
P1172,Person,Ellen Miller,Ellen Miller,Executive director,Sunlight,5,RECORD-00275,4,,
P1173,Person,Janet Eden,Janet Eden,Commenter,Xark site,2,RECORD-00275,1,,
P1174,Person,"""Buzz"" Merritt","""Buzz"" Merritt",Journalist,Unclear,2,RECORD-00275,1,,
P1175,Person,John McQuaid,John McQuaid,"Investigative Reporter, Contributing Editor","Times-Picayune, NewAssignment.Net",9,RECORD-00276,4,,
P1176,Person,Donald Bartlett,Donald Bartlett,Journalist,"Philadelphia Inquirer, Time, Vanity Fair",6,RECORD-00276,1,,
P1177,Person,James Steele,James Steele,Journalist,"Philadelphia Inquirer, Time, Vanity Fair",6,RECORD-00276,1,,
P1178,Person,Barry Parr,Barry Parr,Commenter,,2,,1,,
P1179,Person,Randall Rothenberg,Randall Rothenberg,"Former reporter, columnist","New York Times, Ad Age",3,RECORD-00278,1,,
P1180,Person,David Horsey,David Horsey,Political cartoonist,Seattle Post-Intelligencer,3,RECORD-00278,1,,
P1181,Person,Martin Plissner,Martin Plissner,Executive Political Director,CBS News,4,RECORD-00278,1,,
P1182,Person,Richard Harris,Richard Harris,Producer,Nightline,3,RECORD-00278,1,,
P1183,Person,Dan Bricklin,Dan Bricklin,Tech Blogger,None,6,RECORD-00278,1,,
P1184,Person,Amy Wohl,Amy Wohl,Commentator,None,4,RECORD-00278,1,,
P1185,Person,Dana Goldstein,Dana Goldstein,Blogger,World Editors Weblog,3,RECORD-00278,1,,
P1186,Person,Henry Farrel,Henry Farrel,"Political Scientist, Blogger",None,3,RECORD-00278,1,,
P1187,Person,Richard Prince,Richard Prince,Journalist,Maynard Institute,6,RECORD-00279,1,,
P1188,Person,Vanessa Williams,Vanessa Williams,Columnist,The Washington Post,6,RECORD-00279,1,,
P1189,Person,Andres Martinez,Andres Martinez,J-student,NYU,5,RECORD-00279,1,,
P1190,Person,Cody Williams,Cody Williams,Reader,None,5,RECORD-00279,1,,
P1191,Person,Tom Friedman,Tom Friedman,Author,None,5,RECORD-00280,1,,
P1192,Person,Meles Zenawi,Meles Zenawi,Prime Minister of Ethiopia,Ethiopian government,5,RECORD-00280,1,,
P1193,Person,Paul Waldman,Paul Waldman,Author,None,4,RECORD-00281,1,,
P1194,Person,W. Russell Neuman,W. Russell Neuman,Media Scholar,None,4,RECORD-00283,1,,
P1195,Person,Dave Pell,Dave Pell,Blogger,The Blog Blog,3,RECORD-00283,1,,
P1196,Person,David Ignatius,David Ignatius,Columnist,The Washington Post,6,RECORD-00286,1,,
P1197,Person,Andrea Mitchell,Andrea Mitchell,Host,Meet the Press,5,RECORD-00286,1,,
P1198,Person,Nick Kristof,Nick Kristof,Columnist,The New York Times,6,RECORD-00286,1,,
P1199,Person,Heather MacDonald,Heather MacDonald,Writer,The Weekly Standard,6,RECORD-00286,1,,
P1200,Person,Matt Bai,Matt Bai,Politics,The New York Times Magazine,5,RECORD-00286,3,,
P1201,Person,David Remnick,David Remnick,Editor,The New Yorker,5,RECORD-00286,1,,
P1202,Person,George Packer,George Packer,Author,N/A,5,RECORD-00286,2,,
P1203,Person,Geoffrey Cowan,Geoffrey Cowan,Dean,USC,4,RECORD-00286,1,,
P1204,Person,Alex S. Jones,Alex S. Jones,Professor,Harvard's Kennedy School,4,RECORD-00286,4,,
P1205,Person,John Lavine,John Lavine,Dean,Northwestern,4,RECORD-00286,1,,
P1206,Person,Nicholas Lemann,Nicholas Lemann,Dean,Columbia,4,RECORD-00286,1,,
P1207,Person,Orville Schell,Orville Schell,Dean,Berkeley,4,RECORD-00286,3,,
P1208,Person,Christopher Hitchens,Christopher Hitchens,Writer,N/A,4,RECORD-00286,1,,
P1209,Person,Robert Novak,Robert Novak,Journalist,N/A,4,RECORD-00286,2,,
P1210,Person,Jacob Weisberg,Jacob Weisberg,Editor,Slate,4,RECORD-00286,1,,
P1211,Person,Kevin Baker,Kevin Baker,Writer,Harpers,4,RECORD-00286,1,,
P1212,Person,Felicity Barringer,Felicity Barringer,Writer,The New York Times,4,RECORD-00286,1,,
P1213,Person,Salaam Pax,Salaam Pax,Blogger,None,4,,1,,
P1214,Person,Nick Denton,Nick Denton,Blogger,None,3,,1,,
P1215,Person,David Corn,David Corn,Washington Bureau Chief,Mother Jones,7,RECORD-00288,1,,
P1216,Person,Pat Buchanan,Pat Buchanan,Political Commentator,Unclear,6,RECORD-00288,2,,
P1217,Person,Jonathan Stein,Jonathan Stein,Blogger,MoJo blog,5,RECORD-00288,1,,
P1218,Person,Jane Kim,Jane Kim,Writer,CJR's Campaign Desk,4,RECORD-00288,1,,
P1219,Person,Mitch Frank,Mitch Frank,Journalist,Time magazine,5,RECORD-00289,1,,
P1220,Person,Chuck Raach,Chuck Raach,Journalist,USA Today,5,RECORD-00289,1,,
P1221,Person,Mike O’Neill,Mike O’Neill,Former editor,New York Daily News,6,RECORD-00289,1,,
P1222,Person,Jim Schachter,Jim Schachter,Editor of digital initiative,The New York Times,5,RECORD-00291,1,,
P1223,Person,Richard G. Jones,Richard G. Jones,Editor,"The Local: East Village, New York University, The New York Times",7,RECORD-00291,1,,
P1224,Person,Mary Ann Giordano,Mary Ann Giordano,Deputy Metropolitan editor,The New York Times,6,RECORD-00291,1,,
P1225,Person,Jason Samuels,Jason Samuels,Colleague,"ABCNews.com, Studio 20 (NYU)",5,RECORD-00291,1,,
P1226,Person,Yvonne Latty,Yvonne Latty,Faculty member,New York University,4,RECORD-00291,1,,
P1227,Person,Darragh Worland,Darragh Worland,Faculty member,New York University,4,RECORD-00291,1,,
P1228,Person,Eliza Shapiro,Eliza Shapiro,Author,Capital New York,4,RECORD-00291,1,,
P1229,Person,Choire Sicha,Choire Sicha,Writer,The Awl,4,RECORD-00291,1,,
P1230,Person,Patterico,Patterico,Blogger,Patterico's Pontifications,10,RECORD-00293,1,,
P1231,Person,Ruth Bader Ginsberg,Ruth Bader Ginsberg,Supreme Court Justice,Supreme Court,8,RECORD-00293,1,,
P1232,Person,Antonin Scalia,Antonin Scalia,Supreme Court Justice,Supreme Court,6,RECORD-00293,1,,
P1233,Person,Richard A. Serrano,Richard A. Serrano,Staff Writer,Los Angeles Times,5,RECORD-00293,1,,
P1234,Person,David G. Savage,David G. Savage,Staff Writer,Los Angeles Times,5,RECORD-00293,2,,
P1235,Person,Harry Shearer,Harry Shearer,,None,3,RECORD-00293,1,,
P1236,Person,Kevin Roderick,Kevin Roderick,,LA Observed,3,RECORD-00293,1,,
P1237,Person,Seth Finkelstein,Seth Finkelstein,,Infothought,3,RECORD-00293,1,,
P1238,Person,Jeff Greenfield,Jeff Greenfield,Journalist,None,5,RECORD-00294,1,,
P1239,Person,Ben Franklin,Ben Franklin,Commenter,None,5,RECORD-00294,1,,
P1240,Person,Bill Riski,Bill Riski,Writer,None,4,RECORD-00294,1,,
P1241,Person,John Kennedy,John Kennedy,Former President of the United States,,4,RECORD-00295,1,,
P1242,Person,John Dickerson,John Dickerson,White House correspondent,Slate,5,RECORD-00295,1,,
P1243,Person,Seth Mnookin,Seth Mnookin,Author,None,5,RECORD-00297,1,,
P1244,Person,Chris Geidner,Chris Geidner,Blogger,None,5,RECORD-00297,1,,
P1245,Person,Jenny DeMonte,Jenny DeMonte,"Guest writer, education blogger, ex-reporter",None,6,RECORD-00298,1,,
P1246,Person,Irwin Gratz,Irwin Gratz,"Outgoing SPJ President, Morning Edition Producer","Society of Professional Journalists, Maine Public Radio",8,RECORD-00298,1,,
P1247,Person,Joseph Wilson IV,Joseph Wilson IV,Former Diplomat,State Department,5,RECORD-00298,1,,
P1248,Person,Maureen Dowd,Maureen Dowd,Colleague,None,5,RECORD-00298,1,,
P1249,Person,Zachary Roth,Zachary Roth,Campaign Desk Writer,Columbia Journalism Review,8,RECORD-00299,2,,
P1250,Person,Mike Hoyt,Mike Hoyt,Top Editor,Columbia Journalism Review,6,RECORD-00299,1,,
P1251,Person,Kos,Kos,,,7,RECORD-00299,2,,
P1252,Person,Cynthia Cotts,Cynthia Cotts,Journalist,The Village Voice,6,RECORD-00299,1,,
P1253,Person,Jeff Morley,Jeff Morley,Blogger,The Washington Post,4,RECORD-00300,1,,
P1254,Person,Edmund S. Morgan,Edmund S. Morgan,Historian,None,8,RECORD-00301,1,,
P1255,Person,Benedict Anderson,Benedict Anderson,Political Scientist,None,8,RECORD-00301,2,,
P1256,Person,Cal Thomas,Cal Thomas,Columnist,Fox News,3,,1,,
P1257,Person,Nick Lemann,Nick Lemann,Journalist,The New Yorker,6,RECORD-00303,3,,
P1258,Person,Michael Schrage,Michael Schrage,Researcher,MIT Media Lab,5,RECORD-00303,1,,
P1259,Person,Sandra Day O’Connor,Sandra Day O’Connor,Justice,,8,RECORD-00304,1,,
P1260,Person,Richard W. Stevenson,Richard W. Stevenson,Journalist,The New York Times,6,RECORD-00304,1,,
P1261,Person,Charles Babington,Charles Babington,Journalist,The Washington Post,5,RECORD-00304,1,,
P1262,Person,Mike Allen,Mike Allen,Journalist,The Washington Post,5,RECORD-00304,2,,
P1263,Person,William H. Rehnquist,William H. Rehnquist,Chief Justice,,5,RECORD-00304,1,,
P1264,Person,Tom Hamburger,Tom Hamburger,Journalist,L.A Times,6,RECORD-00304,1,,
P1265,Person,Stan Anderson,Stan Anderson,Executive Vice President,Chamber of Commerce,4,RECORD-00304,1,,
P1266,Person,Jessica Boulanger,Jessica Boulanger,Spokeswoman,Progress for America,4,RECORD-00304,1,,
P1267,Person,Elliot Mincberg,Elliot Mincberg,Vice President,People for the American Way,4,RECORD-00304,1,,
P1268,Person,Robin Toner,Robin Toner,Journalist,The New York Times,6,RECORD-00304,1,,
P1269,Person,Michael of ReadingA1,Michael of ReadingA1,Commenter,ReadingA1,5,RECORD-00304,1,,
P1270,Person,John Cole,John Cole,Blogger,Balloon Juice,5,RECORD-00304,1,,
P1271,Person,Barry Deutsch,Barry Deutsch,Blogger,Alas,6,RECORD-00304,1,,
P1272,Person,Johnnie Moore,Johnnie Moore,Marketing consultant,,4,RECORD-00304,1,,
P1273,Person,Beth Lawton,Beth Lawton,Writer,The Digital Edge,5,RECORD-00305,1,,
P1274,Person,Zack Exley,Zack Exley,"Consultant, National Correspondent",OffTheBus,6,RECORD-00305,4,,
P1275,Person,Roger Simon,Roger Simon,Novelist and Weblogger,,4,RECORD-00306,1,,
P1276,Person,Mike Fancher,Mike Fancher,Editor,The Seattle Times,4,RECORD-00306,1,,
P1277,Person,Sarah Sullivan,Sarah Sullivan,,,3,RECORD-00309,1,,
P1278,Person,Eugene Robinson,Eugene Robinson,"Columnist, Editor",The Washington Post,5,RECORD-00312,1,,
P1279,Person,Nora Ephron,Nora Ephron,Writer,Huffington Post,7,RECORD-00312,1,,
P1280,Person,Nick Turse,Nick Turse,Author,None,3,RECORD-00312,1,,
P1281,Person,Tom Engelhardt,Tom Engelhardt,Publisher,TomDispatch,3,RECORD-00312,1,,
P1282,Person,Landy and Strobel,Landy and Strobel,Reporters,Knight-Ridder,3,RECORD-00312,1,,
P1283,Person,Tina Brown,Tina Brown,Journalist,None,5,RECORD-00312,1,,
P1284,Person,Herbert J. Gans,Herbert J. Gans,"Sociologist, professor",Columbia University,10,RECORD-00313,1,,
P1285,Person,Allan Siegal,Allan Siegal,Standards editor,The New York Times,3,RECORD-00313,3,,
P1286,Person,Mitch Ratcliffe,Mitch Ratcliffe,"Writer, Net venture expert",NuJournalism,9,RECORD-00314,3,,
P1287,Person,Mark Hamilton,Mark Hamilton,Press blogger,None,8,RECORD-00314,2,,
P1288,Person,Dave Leigh,Dave Leigh,Commenter,None,4,RECORD-00314,1,,
P1289,Person,Debra Galant,Debra Galant,Founder & editor-in-chief,Baristanet.com,10,RECORD-00315,1,,
P1290,Person,Josh Green,Josh Green,Reporter,The Atlantic Monthly,7,RECORD-00316,1,,
P1291,Person,Mark Ambinder,Mark Ambinder,Journalist,The Atlantic,6,RECORD-00316,2,,
P1292,Person,Joseph Wilson,Joseph Wilson,Diplomat,None,7,RECORD-00317,1,,
P1293,Person,Valerie Plame,Valerie Plame,CIA Operative,None,7,RECORD-00317,2,,
P1294,Person,Karen Hughes,Karen Hughes,White House Advisor,George W. Bush Administration,7,RECORD-00317,1,,
P1295,Person,Larry Speakes,Larry Speakes,White House Press Secretary,Ronald Reagan Administration,6,RECORD-00317,1,,
P1296,Person,Loren Ghiglione,Loren Ghiglione,Dean,"Medill School of Journalism, Northwestern University",6,RECORD-00318,1,,
P1297,Person,Vartan Gregorian,Vartan Gregorian,President,Carnegie Corporation,6,RECORD-00318,1,,
P1298,Person,Sam Ervin,Sam Ervin,Senator,,3,RECORD-00318,1,,
P1299,Person,Sam Dash,Sam Dash,,,3,RECORD-00318,1,,
P1300,Person,Bob Zelnick,Bob Zelnick,"Chairman, Journalism Department, Professor",Boston University,10,RECORD-00320,1,,
P1301,Person,Barry Sussman,Barry Sussman,Former Editor,The Washington Post,3,RECORD-00320,1,,
P1302,Person,Susan Poling,Susan Poling,Managing Associate General Counsel,Government Accountability Office (GAO),4,RECORD-00320,1,,
P1303,Person,Barbara Cochran,Barbara Cochran,Head,Radio and Television News Directors Association (RTNDA),4,RECORD-00320,1,,
P1304,Person,Andy Lark,Andy Lark,,None,3,RECORD-00320,1,,
P1305,Person,Marion Just,Marion Just,,None,3,RECORD-00320,1,,
P1306,Person,Joe Territo,Joe Territo,,None,3,RECORD-00320,1,,
P1307,Person,Lee Bollinger,Lee Bollinger,President,Columbia University,4,RECORD-00320,1,,
P1308,Person,Regina Lynn,Regina Lynn,,,5,RECORD-00321,1,,
P1309,Person,Rich Gordon,Rich Gordon,,,5,RECORD-00321,1,,
P1310,Person,Howard Weaver,Howard Weaver,Vice President for News,The McClatchy Company,7,RECORD-00321,1,,
P1311,Person,Dan Barkin,Dan Barkin,,News & Observer,5,RECORD-00321,1,,
P1312,Person,Marcos Palacios,Marcos Palacios,,,4,RECORD-00321,1,,
P1313,Person,Clark Hoyt,Clark Hoyt,Public Editor,The New York Times,7,RECORD-00323,4,,
P1314,Person,George K. Polk,George K. Polk,,None,5,RECORD-00323,1,,
P1315,Person,James Poniewozik,James Poniewozik,,Time,7,RECORD-00323,2,,
P1316,Person,Lou Dobbs,Lou Dobbs,,CNN,4,RECORD-00323,2,,
P1317,Person,William Allen White,William Allen White,,Emporia Gazette,5,RECORD-00323,1,,
P1318,Person,Theodore Roosevelt,Theodore Roosevelt,President,,4,RECORD-00323,2,,
P1319,Person,Steve Coll,Steve Coll,Managing Editor,The Washington Post,5,RECORD-00323,1,,
P1320,Person,Julien Assange,Julien Assange,Founder,Wikileaks,9,RECORD-00325,1,,
P1321,Person,Philip Shenon,Philip Shenon,Investigative Reporter,The New York Times,5,RECORD-00325,1,,
P1322,Person,Glenn Thrush,Glenn Thrush,Journalist,Politico.com,5,RECORD-00325,1,,
P1323,Person,Yochai Benkler,Yochai Benkler,Academic,None,5,RECORD-00326,1,,
P1324,Person,Jamie Peppard,Jamie Peppard,Blogger,None,6,RECORD-00326,1,,
P1325,Person,Scot Hacker,Scot Hacker,Webmaster,"University of California, Berkeley",5,RECORD-00326,1,,
P1326,Person,Andrew Kantor,Andrew Kantor,Columnist,USA Today,5,RECORD-00326,1,,
P1327,Person,David Westin,David Westin,President,ABC News,7,RECORD-00327,1,,
P1328,Person,Tom Bettag,Tom Bettag,Senior Executive Producer,"Nightline, This Week with George Stephanopoulos",10,RECORD-00328,1,,
P1329,Person,Fred Friendly,Fred Friendly,Former President,CBS News,7,RECORD-00328,1,,
P1330,Person,Paul Bremer,Paul Bremer,Former chairman of the National Commission on Terrorism,National Commission on Terrorism,5,RECORD-00328,1,,
P1331,Person,A.J. Liebling,A.J. Liebling,Journalist,None,5,RECORD-00329,3,,
P1332,Person,Randy Dotinga,Randy Dotinga,Journalist,Christian Science Monitor,4,RECORD-00330,1,,
P1333,Person,Robert Andrews,Robert Andrews,Journalist,Wired,4,RECORD-00330,1,,
P1334,Person,Linda Seebach,Linda Seebach,Journalist,Rocky Mountain News,4,RECORD-00330,1,,
P1335,Person,David Mamet,David Mamet,Writer,,3,RECORD-00330,1,,
P1336,Person,Warren Beatty,Warren Beatty,Actor,,3,RECORD-00330,1,,
P1337,Person,Vernon E. Jordan Jr.,Vernon E. Jordan Jr.,Businessman,,3,RECORD-00330,1,,
P1338,Person,Jon Corzine,Jon Corzine,Politician,,3,RECORD-00330,1,,
P1339,Person,Gwyneth Paltrow,Gwyneth Paltrow,Actor,,3,RECORD-00330,1,,
P1340,Person,Diane Keaton,Diane Keaton,Actor,,3,RECORD-00330,1,,
P1341,Person,Norman Mailer,Norman Mailer,Writer,,3,RECORD-00330,4,,
P1342,Person,Mortimer B. Zuckerman,Mortimer B. Zuckerman,Media Owner,,3,RECORD-00330,1,,
P1343,Person,David Geffen,David Geffen,Music Executive,,3,RECORD-00330,1,,
P1344,Person,Barry Diller,Barry Diller,Media Executive,,3,RECORD-00330,1,,
P1345,Person,Harry Evans,Harry Evans,Journalist,,3,RECORD-00330,1,,
P1346,Person,Jen Chung,Jen Chung,Blogger,Gothamist,4,RECORD-00330,1,,
P1347,Person,Scott Heiser,Scott Heiser,Journalism Student,University of Colorado,4,RECORD-00330,1,,
P1348,Person,Staci Kramer,Staci Kramer,Executive Editor,Paid Content,6,RECORD-00331,4,,
P1349,Person,Bill Grueskin,Bill Grueskin,Managing Editor,The Wall Street Journal Online,10,RECORD-00331,1,,
P1350,Person,Cory Doctorow,Cory Doctorow,Blogger,Boing Boing,7,RECORD-00331,1,,
P1351,Person,Stewart Brand,Stewart Brand,"Writer, futurist",,8,RECORD-00331,1,,
P1352,Person,Karl Kraus,Karl Kraus,Critic,,6,RECORD-00331,1,,
P1353,Person,Mark Malone,Mark Malone,Silicon Valley Columnist,,6,RECORD-00331,1,,
P1354,Person,Jim Capo,Jim Capo,Blogger,Greensboro Blogger,4,RECORD-00332,1,,
P1355,Person,Steve Yelvington,Steve Yelvington,Writer,New Media Tidbits,4,RECORD-00332,2,,
P1356,Person,Steve Wasserman,Steve Wasserman,Writer,LA Times,3,RECORD-00332,1,,
P1357,Person,Bruno Giussani,Bruno Giussani,Former Fellow,Knight Fellowships at Stanford University,4,RECORD-00333,1,,
P1358,Person,Bob Giles,Bob Giles,Curator,Nieman Foundation,5,RECORD-00333,1,,
P1359,Person,Josh Benton,Josh Benton,Blogger,Nieman Journalism Lab,4,RECORD-00333,1,,
P1360,Person,George Haj,George Haj,Journalist,Miami Herald,5,RECORD-00333,1,,
P1361,Person,Rick Attig,Rick Attig,Journalist,Portland Oregonian,5,RECORD-00333,1,,
P1362,Person,Danny Glover,Danny Glover,Blogger,National Journal's Beltway Blogger,6,RECORD-00335,3,,
P1363,Person,Aldon Hynes,Aldon Hynes,,Orient Lodge,6,RECORD-00335,1,,
P1364,Person,Lauren Sandler,Lauren Sandler,,None,6,RECORD-00335,2,,
P1365,Person,Vicki Iseman,Vicki Iseman,Lobbyist,None,9,RECORD-00336,2,,
P1366,Person,Greg Toppo,Greg Toppo,Reporter,USA Today,7,RECORD-00337,1,,
P1367,Person,Bryan Monroe,Bryan Monroe,Vice President-Print,Knight Ridder,5,RECORD-00337,1,,
P1368,Person,Richard Edelman,Richard Edelman,Runs largest independent PR firm,,6,RECORD-00337,1,,
P1369,Person,Jeremy Pepper,Jeremy Pepper,Independent PR firm owner,,5,RECORD-00337,1,,
P1370,Person,Ben Silverman,Ben Silverman,Independent journalist/columnist/publisher in PR,,5,RECORD-00337,1,,
P1371,Person,Colin McKay,Colin McKay,,,5,RECORD-00337,1,,
P1372,Person,Tom Murphy,Tom Murphy,,,5,RECORD-00337,1,,
P1373,Person,Shel Holtz,Shel Holtz,"Writer, principal of Holtz Communication & Technology",,5,RECORD-00337,1,,
P1374,Person,Steve Crescenzo,Steve Crescenzo,"Consultant, writer, heads Crescenzo Communications",,5,RECORD-00337,1,,
P1375,Person,Harris Diamond,Harris Diamond,2005 Chairman,Council of Public Relations Firms,5,RECORD-00337,1,,
P1376,Person,Elizabeth Albrycht,Elizabeth Albrycht,,,5,RECORD-00337,1,,
P1377,Person,Mike Manuel,Mike Manuel,,,5,RECORD-00337,1,,
P1378,Person,Marc Snyder,Marc Snyder,,,5,RECORD-00337,1,,
P1379,Person,Elizabeth McLean,Elizabeth McLean,Directs Washington D.C. office,Ketchum,5,RECORD-00337,1,,
P1380,Person,Susan Molinari,Susan Molinari,Former Congresswoman,Ketchum,5,RECORD-00337,1,,
P1381,Person,Chris Lasch,Chris Lasch,Writer,None,3,RECORD-00338,1,,
P1382,Person,Andrew Leonard,Andrew Leonard,Journalist,Salon,6,RECORD-00339,1,,
P1383,Person,Doug Muder,Doug Muder,Writer,gurus.com,5,RECORD-00339,1,,
P1384,Person,Will Richardson,Will Richardson,"Blogger, Educator",,5,RECORD-00339,1,,
P1385,Person,Daniel C. Hallin,Daniel C. Hallin,Press scholar,None,10,RECORD-00340,1,,
P1386,Person,David Brody,David Brody,Journalist,Christian Broadcasting Network,4,RECORD-00340,1,,
P1387,Person,David Gregory,David Gregory,"Journalist, host of Meet the Press",NBC,4,RECORD-00340,1,,
P1388,Person,Alexis deToqueville,Alexis deToqueville,Political thinker,None,3,RECORD-00340,1,,
P1389,Person,David Westphal,David Westphal,Journalism professor,USC,3,RECORD-00340,1,,
P1390,Person,Woodward,Woodward,Reporter,The Washington Post,4,RECORD-00343,1,,
P1391,Person,Bernstein,Bernstein,Reporter,The Washington Post,4,RECORD-00343,1,,
P1392,Person,Richard Stevenson,Richard Stevenson,Political Editor,The New York Times,4,RECORD-00343,1,,
P1393,Person,Richard Berke,Richard Berke,Washington editor,The New York Times,6,RECORD-00344,3,,
P1394,Person,Joe Klein,Joe Klein,Journalist,Time and CNN,4,RECORD-00344,1,,
P1395,Person,Michelle Cottle,Michelle Cottle,Journalist,The New Republic,6,RECORD-00344,3,,
P1396,Person,Bill Hobbs,Bill Hobbs,Blogger,billhobbs.com,5,RECORD-00345,1,,
P1397,Person,Julian Sanchez,Julian Sanchez,Blogger,Reason's Hit and Run,4,RECORD-00345,1,,
P1398,Person,Mick Stockinger,Mick Stockinger,Blogger,None,4,RECORD-00345,1,,
P1399,Person,Joel Achenbach,Joel Achenbach,Blogger,The Washington Post,4,RECORD-00345,1,,
P1400,Person,Sean-Paul Kelley,Sean-Paul Kelley,Writer,The Agonist,4,RECORD-00345,1,,
P1401,Person,Britt Blaser,Britt Blaser,Commenter,None,3,,1,,
P1402,Person,Matthew Stinson,Matthew Stinson,Commenter,None,3,,1,,
P1403,Person,Professor Bainbridge,Professor Bainbridge,Professor,None,4,,1,,
P1404,Person,Carl Sessions Stepp,Carl Sessions Stepp,Contributing Writer,"American Journalism Review, Charlotte Observer, USA Today, University of Maryland",8,RECORD-00347,1,,
P1405,Person,Dianne Lynch,Dianne Lynch,Dean of the School of Communications,"Ithaca College, Online News Association",7,RECORD-00347,1,,
P1406,Person,Maurine Beasley,Maurine Beasley,Professor,"University of Maryland, Washington Post, Kansas City Star",6,RECORD-00347,1,,
P1407,Person,David T. Z. Mindich,David T. Z. Mindich,Runs a journalism historians’ list-serve,Unknown,4,RECORD-00347,1,,
P1408,Person,Robert Darnton,Robert Darnton,Unknown,Unknown,3,RECORD-00347,1,,
P1409,Person,Mark Tapscott,Mark Tapscott,Editorial Page Editor,The Washington Examiner,8,RECORD-00348,1,,
P1410,Person,Susie Madrak,Susie Madrak,Commenter,Suburban Guerilla,6,RECORD-00348,1,,
P1411,Person,John Bracken,John Bracken,Staff,MacArthur Foundation,6,RECORD-00348,1,,
P1412,Person,Howard Owens,Howard Owens,Director of digital publishing,GateHouse Media,8,RECORD-00350,1,,
P1413,Person,Mia Garlick,Mia Garlick,Chief council,Creative Commons Foundation,7,RECORD-00350,1,,
P1414,Person,Charlene Li,Charlene Li,VP and Principal Analyst,Forrester Research,6,RECORD-00350,1,,
P1415,Person,Susan Crawford,Susan Crawford,"Law Professor, Blogger",Law Professor,4,RECORD-00351,1,,
P1416,Person,Jonathan Klein,Jonathan Klein,President,CNN/US,5,RECORD-00351,1,,
P1417,Person,Alisa Miller,Alisa Miller,Senior Vice President,Public Radio International,3,RECORD-00351,1,,
P1418,Person,Martin Nisenholtz,Martin Nisenholtz,CEO,New York Times Digital,4,RECORD-00351,3,,
P1419,Person,Kinsey Wilson,Kinsey Wilson,Editor-in-Chief,USA Today.com,4,RECORD-00351,1,,
P1420,Person,Stephen Baker,Stephen Baker,Senior Writer,Business Week,5,RECORD-00351,2,,
P1421,Person,Stephen Shepard,Stephen Shepard,Dean,CUNY J-School,4,RECORD-00351,1,,
P1422,Person,Christy Carpenter,Christy Carpenter,Executive Director,Media Center project at the Museum,3,RECORD-00351,1,,
P1423,Person,Tom DeLay,Tom DeLay,Majority Leader,Republican Party,5,RECORD-00351,1,,
P1424,Person,Matt Wells,Matt Wells,Commentator,BBC,7,RECORD-00352,1,,
P1425,Person,Tim Goodman,Tim Goodman,Commentator,San Francisco Chronicle,6,RECORD-00352,1,,
P1426,Person,Mary Landrieu,Mary Landrieu,Senator,,6,RECORD-00352,1,,
P1427,Person,Robin Roberts,Robin Roberts,Anchor,ABC,6,RECORD-00352,1,,
P1428,Person,Jeanne Meserve,Jeanne Meserve,Journalist,CNN,6,RECORD-00352,1,,
P1429,Person,Bob Schieffer,Bob Schieffer,Journalist,CBS,6,RECORD-00352,2,,
P1430,Person,Peter Johnson,Peter Johnson,Journalist,USA Today,7,RECORD-00352,3,,
P1431,Person,Gal Beckerman,Gal Beckerman,Journalist,CJR Daily,6,RECORD-00352,1,,
P1432,Person,Kathleen Babineaux Blanco,Kathleen Babineaux Blanco,Governor of Louisiana,,6,RECORD-00352,1,,
P1433,Person,Sheelah Kolhatkar,Sheelah Kolhatkar,Journalist,New York Observer,6,RECORD-00352,1,,
P1434,Person,Rebecca Dana,Rebecca Dana,Journalist,New York Observer,6,RECORD-00352,1,,
P1435,Person,David Verdi,David Verdi,Senior Vice President,NBC News,6,RECORD-00352,1,,
P1436,Person,Shepard Smith,Shepard Smith,Journalist,Fox News,6,RECORD-00352,1,,
P1437,Person,Aaron Brown,Aaron Brown,Anchor,CNN,6,RECORD-00352,1,,
P1438,Person,Garrett Graff,Garrett Graff,Blogger,Fishbowl DC,5,RECORD-00353,1,,
P1439,Person,Craig Crawford,Craig Crawford,Columnist,Congressional Quarterly,5,RECORD-00353,1,,
P1440,Person,Mike Fletcher,Mike Fletcher,White House reporter,The Washington Post,4,RECORD-00355,1,,
P1441,Person,Janet Robinson,Janet Robinson,CEO,New York Times Company,3,RECORD-00356,1,,
P1442,Person,Steve Klein,Steve Klein,Professor,George Mason University,3,RECORD-00356,1,,
P1443,Person,Nicholas D. Kristof,Nicholas D. Kristof,Columnist,The New York Times,5,RECORD-00356,1,,
P1444,Person,Isaiah Berlin,Isaiah Berlin,Author,,2,RECORD-00356,1,,
P1445,Person,Bob Herbert,Bob Herbert,Columnist,The New York Times,4,RECORD-00356,1,,
P1446,Person,David Brooks,David Brooks,Columnist,The New York Times,4,RECORD-00356,1,,
P1447,Person,Dave Anderson,Dave Anderson,Sports Columnist,,2,RECORD-00356,1,,
P1448,Person,Brad De Long,Brad De Long,"Economist, Blogger",,2,RECORD-00356,1,,
P1449,Person,John Tierney,John Tierney,Columnist,The New York Times,4,RECORD-00356,1,,
P1450,Person,Eliot Pierce,Eliot Pierce,Product Manager,The New York Times,3,RECORD-00356,1,,
P1451,Person,David Hirschman,David Hirschman,Interviewer,Media Bistro,2,RECORD-00356,1,,
P1452,Person,Diane McNulty,Diane McNulty,Group Director,The New York Times,3,RECORD-00356,1,,
P1453,Person,JD Lasica,JD Lasica,Blogger,,2,RECORD-00356,1,,
P1454,Person,David Brinkley,David Brinkley,,,4,RECORD-00357,1,,
P1455,Person,Roger Mudd,Roger Mudd,,,4,RECORD-00357,1,,
P1456,Person,John Chancellor,John Chancellor,,,4,RECORD-00357,1,,
P1457,Person,Barbara Jordan,Barbara Jordan,,,5,RECORD-00357,1,,
P1458,Person,Paul Starr,Paul Starr,,,4,RECORD-00357,2,,
P1459,Person,Patrick Buchanan,Patrick Buchanan,,,4,RECORD-00357,1,,
P1460,Person,Dennis Miller,Dennis Miller,,,3,RECORD-00357,1,,
P1461,Person,John Weaver,John Weaver,Former McCain Aide,None,5,RECORD-00358,1,,
P1462,Person,Chris Lehmann,Chris Lehmann,Editor,The Washington Post book section,6,RECORD-00359,1,,
P1463,Person,Lee C. Bollinger,Lee C. Bollinger,President,Columbia University,7,RECORD-00359,2,,
P1464,Person,Walter Williams,Walter Williams,Dean,University of Missouri's Journalism School,6,RECORD-00359,1,,
P1465,Person,John L. Allen Jr,John L. Allen Jr,Vatican correspondent,National Catholic Reporter,5,RECORD-00359,1,,
P1466,Person,Terry Anderson,Terry Anderson,Journalist,Associated Press,6,RECORD-00359,1,,
P1467,Person,David Samuels,David Samuels,Journalist,New York Times Magazine,6,RECORD-00359,1,,
P1468,Person,Terry Mattingly,Terry Mattingly,Syndicated Columnist,None,6,RECORD-00359,1,,
P1469,Person,William Proctor,William Proctor,Legal affairs reporter,New York Daily News,6,RECORD-00359,1,,
P1470,Person,Markos Moulitsas Zúniga,Markos Moulitsas Zúniga,Blogger,Daily Kos,7,RECORD-00360,1,,
P1471,Person,Tom Lang,Tom Lang,Reporter,"Campaign Desk, Columbia Journalism Review",4,RECORD-00360,1,,
P1472,Person,Brian Montopoli,Brian Montopoli,Reporter,"Campaign Desk, Columbia Journalism Review",4,RECORD-00360,1,,
P1473,Person,Marlon Manuel,Marlon Manuel,Journalist,The Atlanta Journal-Constitution,5,RECORD-00360,1,,
P1474,Person,Nedra Pickler,Nedra Pickler,Reporter,AP,4,RECORD-00360,1,,
P1475,Person,Gwen Ifill,Gwen Ifill,Journalist,Washington Week,4,RECORD-00360,1,,
P1476,Person,Susan Feeney,Susan Feeney,Journalist,NPR,4,RECORD-00360,1,,
P1477,Person,Adele M. Stan,Adele M. Stan,Journalist and Blogger,,5,RECORD-00360,1,,
P1478,Person,Jon Friedman,Jon Friedman,Journalist,CBS Marketwatch,4,RECORD-00360,1,,
P1479,Person,John Yemma,John Yemma,Editor,The Boston Globe,5,RECORD-00360,1,,
P1480,Person,Tommy Stevenson,Tommy Stevenson,Associate Editor,The Tuscaloosa News,4,RECORD-00360,1,,
P1481,Person,Gabriel Beltrone,Gabriel Beltrone,Intern,OffTheBus,6,RECORD-00361,1,,
P1482,Person,Harry Jaffe,Harry Jaffe,National Editor,Washingtonian Magazine,5,RECORD-00362,1,,
P1483,Person,Gloria Borger,Gloria Borger,Panelist,Washington Week,4,RECORD-00362,2,,
P1484,Person,Todd Purdum,Todd Purdum,Reporter,The New York Times,4,RECORD-00362,1,,
P1485,Person,Ben Karlin,Ben Karlin,Executive Producer,The Daily Show,4,RECORD-00362,1,,
P1486,Person,Lloyd Sachs,Lloyd Sachs,Entertainment Critic,Chicago Sun Times,4,RECORD-00362,1,,
P1487,Person,Susan Q. Stranahan,Susan Q. Stranahan,Not specified in the text,,4,RECORD-00362,1,,
P1488,Person,Cedar Pruitt,Cedar Pruitt,Online Content Manager,Center for Media & Community at EDC,8,RECORD-00363,1,,
P1489,Person,David Stevens,David Stevens,Blogger,N/A,6,RECORD-00363,1,,
P1490,Person,Mary,Mary,Event Blogger (Hypothetical),N/A,8,RECORD-00363,1,,
P1491,Person,Andrea Harris,Andrea Harris,Blogger,Twisted Spinster,5,RECORD-00363,1,,
P1492,Person,Thomas F. Hogan,Thomas F. Hogan,Chief U.S. District Judge,,6,RECORD-00364,1,,
P1493,Person,Matthew Cooper,Matthew Cooper,Journalist,Time,5,RECORD-00364,1,,
P1494,Person,Philip Taubman,Philip Taubman,Washington Bureau Chief,The New York Times,5,RECORD-00364,1,,
P1495,Person,Catherine J. Mathis,Catherine J. Mathis,Spokesperson,The New York Times,4,RECORD-00364,1,,
P1496,Person,Lewis Libby,Lewis Libby,Government Official,,5,RECORD-00364,1,,
P1497,Person,Joe Wilson,Joe Wilson,Diplomat,,4,RECORD-00364,1,,
P1498,Person,Steve Chapman,Steve Chapman,Journalist,Chicago Tribune,5,RECORD-00364,1,,
P1499,Person,Alice Mayhew,Alice Mayhew,Editor,Simon & Schuster,3,RECORD-00364,1,,
P1500,Person,John Harwood,John Harwood,Journalist,Wall Street Journal,4,RECORD-00364,1,,
P1501,Person,Duncan Black,Duncan Black,Blogger,,4,RECORD-00364,1,,
P1502,Person,Byron Calame,Byron Calame,Public Editor,The New York Times,4,RECORD-00364,1,,
P1503,Person,Tim Grieve,Tim Grieve,Journalist,Salon,3,RECORD-00364,1,,
P1504,Person,Larry Pryor,Larry Pryor,Executive Editor,Online Journalism Review,3,RECORD-00366,1,,
P1505,Person,Andrew Postman,Andrew Postman,"Writer, Son of Neil Postman",,8,RECORD-00367,1,,
P1506,Person,Rob Corddry,Rob Corddry,Correspondent,Daily Show,4,RECORD-00368,2,,
P1507,Person,Declan McCullagh,Declan McCullagh,Journalist,CNet,4,RECORD-00368,1,,
P1508,Person,Bradley Smith,Bradley Smith,Commissioner,Federal Election Commission,4,RECORD-00368,1,,
P1509,Person,Susan Mernit,Susan Mernit,Writer/Analyst,,4,RECORD-00368,2,,
P1510,Person,Robert D. Kaplan,Robert D. Kaplan,"Journalist, Author","The Atlantic Monthly, Hoover Institute",9,RECORD-00369,1,,
P1511,Person,Samuel Huntington,Samuel Huntington,Political Scientist,,5,RECORD-00369,1,,
P1512,Person,Michael Herr,Michael Herr,Journalist,,6,RECORD-00369,1,,
P1513,Person,Adina Levin,Adina Levin,,,6,RECORD-00370,1,,
P1514,Person,Marc Canter,Marc Canter,,,4,RECORD-00370,1,,
P1515,Person,Heather Armstrong,Heather Armstrong,,,4,RECORD-00370,1,,
P1516,Person,Jarah Euston,Jarah Euston,,,4,RECORD-00370,1,,
P1517,Person,Evelyn Rodriguez,Evelyn Rodriguez,,,4,RECORD-00370,1,,
P1518,Person,Antonella Pavese,Antonella Pavese,,,4,RECORD-00370,1,,
P1519,Person,Sarah Boxer,Sarah Boxer,Staff writer,The New York Times,8,RECORD-00371,1,,
P1520,Person,Omar,Omar,Blogger,Iraq the Model,7,RECORD-00371,1,,
P1521,Person,Mohammed,Mohammed,Blogger,Iraq the Model,7,RECORD-00371,1,,
P1522,Person,Ali,Ali,Blogger,Iraq the Model,7,RECORD-00371,1,,
P1523,Person,Charles Cooper,Charles Cooper,Writer,CNet,5,RECORD-00371,1,,
P1524,Person,Kenneth Pollack,Kenneth Pollack,,The New Republic,4,RECORD-00372,1,,
P1525,Person,Bill Sammon,Bill Sammon,Reporter,Washington Times,5,RECORD-00372,1,,
P1526,Person,Fareed Zakaria,Fareed Zakaria,Columnist,Newsweek,6,RECORD-00372,1,,
P1527,Person,Fitzwater,Fitzwater,Previous press secretary,None,3,RECORD-00372,1,,
P1528,Person,McCurry,McCurry,Previous press secretary,None,3,RECORD-00372,1,,
P1529,Person,Laura Bush,Laura Bush,,The White House,3,RECORD-00372,1,,
P1530,Person,Max Frankel,Max Frankel,"Former executive editor, editorial page editor and Washington bureau chief",The New York Times,7,RECORD-00372,1,,
P1531,Person,Michael Gordon,Michael Gordon,Pentagon correspondent,The New York Times,4,RECORD-00372,1,,
P1532,Person,Roy Sekoff,Roy Sekoff,Editor,Huffington Post,5,RECORD-00373,1,,
P1533,Person,Susan Gardner,Susan Gardner,Of Daily Kos,Daily Kos,5,RECORD-00373,1,,
P1534,Person,Andrew Golis,Andrew Golis,Of TPM Media,TPM Media,4,RECORD-00373,1,,
P1535,Person,Markos Moulitsas,Markos Moulitsas,Of Daily Kos,Daily Kos,5,RECORD-00373,1,,
P1536,Person,Jeff Marion,Jeff Marion,OffTheBus contributor,OffTheBus,4,RECORD-00373,1,,
P1537,Person,Kerri Glover,Kerri Glover,OffTheBus contributor,OffTheBus,4,RECORD-00373,1,,
P1538,Person,Ross Smith,Ross Smith,OffTheBus contributor,OffTheBus,4,RECORD-00373,1,,
P1539,Person,Jack Muse,Jack Muse,OffTheBus contributor,OffTheBus,4,RECORD-00373,1,,
P1540,Person,Deanie Mills,Deanie Mills,OffTheBus contributor,OffTheBus,4,RECORD-00373,1,,
P1541,Person,Elizabeth Edwards,Elizabeth Edwards,Candidate spouse,Democratic party,4,RECORD-00373,1,,
P1542,Person,Paul Maidment,Paul Maidment,,Forbes.com,5,RECORD-00374,1,,
P1543,Person,Richard MacManus,Richard MacManus,,,5,RECORD-00374,1,,
P1544,Person,Adam Pennenberg,Adam Pennenberg,,Wired News,4,RECORD-00374,1,,
P1545,Person,Marcus Brauchli,Marcus Brauchli,Editor,The Washington Post,5,RECORD-00376,1,,
P1546,Person,Marc Ambinder,Marc Ambinder,Journalist,The Atlantic,3,RECORD-00376,2,,
P1547,Person,Joe Friday,Joe Friday,Fictional Detective,Dragnet,5,RECORD-00376,1,,
P1548,Person,Justin Fox,Justin Fox,Editor-at-large,Fortune,10,RECORD-00377,1,,
P1549,Person,Wendy McCaw,Wendy McCaw,Owner,Santa Barbara News-Press,6,RECORD-00377,1,,
P1550,Person,Chris Hepp,Chris Hepp,City Editor,The Inquirer,4,RECORD-00377,1,,
P1551,Person,Joe Nocera,Joe Nocera,Journalist,The New York Times,5,RECORD-00377,1,,
P1552,Person,Phil Meyer,Phil Meyer,Journalism Professor,None,5,RECORD-00377,1,,
P1553,Person,Frank Ahrens,Frank Ahrens,Journalist,Washington Post,5,RECORD-00377,1,,
P1554,Person,Dean Singleton,Dean Singleton,Executive,None,4,RECORD-00377,1,,
P1555,Person,Katherine Graham,Katherine Graham,Publisher,None,3,RECORD-00377,1,,
P1556,Person,Walter Annenberg,Walter Annenberg,Publisher,None,3,RECORD-00377,1,,
P1557,Person,Laura M. Holson,Laura M. Holson,Journalist,New York Times,5,RECORD-00377,1,,
P1558,Person,Judd Gregg,Judd Gregg,Politician,None,3,RECORD-00377,1,,
P1559,Person,Adam Clymer,Adam Clymer,Journalist,The New York Times,6,RECORD-00379,1,,
P1560,Person,Rick Berke,Rick Berke,Editor,The New York Times,5,RECORD-00379,1,,
P1561,Person,Beth Reinhard,Beth Reinhard,Reporter,Miami Herald,4,RECORD-00379,1,,
P1562,Person,David Brock,David Brock,,MSNBC,3,RECORD-00379,1,,
P1563,Person,Frank Luntz,Frank Luntz,,,3,RECORD-00379,1,,
P1564,Person,Ryan Pitts,Ryan Pitts,,Dead Parrot Society,4,RECORD-00379,1,,
P1565,Person,Jim Zellmer,Jim Zellmer,Blogger,None,3,RECORD-00380,1,,
P1566,Person,Bertrand Pecquerie,Bertrand Pecquerie,Editor,Editors Weblog,5,RECORD-00380,1,,
P1567,Person,Hossein Derakhshan,Hossein Derakhshan,Blogger,None,5,RECORD-00380,1,,
P1568,Person,Isaac Mao,Isaac Mao,Chinese blogger,None,4,RECORD-00380,1,,
P1569,Person,John Palfrey,John Palfrey,Author,None,3,RECORD-00380,2,,
P1570,Person,Mark J. McPherson,Mark J. McPherson,Reader,PressThink,5,RECORD-00382,1,,
P1571,Person,Eric Berger,Eric Berger,Science Writer,Houston Chronicle,6,RECORD-00383,1,,
P1572,Person,Ed Silverman,Ed Silverman,Reporter,Star-Ledger of Newark,6,RECORD-00383,1,,
P1573,Person,Eliot Van Buskirk,Eliot Van Buskirk,"Reporter, Beat Blogger, Columnist",Wired.com,6,RECORD-00383,1,,
P1574,Person,Kent Fischer,Kent Fischer,Schools Reporter,Dallas Morning News,6,RECORD-00383,1,,
P1575,Person,Keith Reed,Keith Reed,Staff Writer,Cincinnati Enquirer,6,RECORD-00383,1,,
P1576,Person,Henry Abbott,Henry Abbott,"Author, TrueHoop blog",ESPN.com,6,RECORD-00383,1,,
P1577,Person,Michelle Davis,Michelle Davis,Lead Reporter,Education Week's Digital Directions,6,RECORD-00383,1,,
P1578,Person,Matt Nauman,Matt Nauman,Reporter,San Jose Mercury News,6,RECORD-00383,1,,
P1579,Person,Daniel Victor,Daniel Victor,Reporter,"The Patriot-News of Harrisburg, PA",5,RECORD-00383,1,,
P1580,Person,Stephen Totilo,Stephen Totilo,Reporter,MTV News,5,RECORD-00383,1,,
P1581,Person,Brad Wolverton,Brad Wolverton,Reporter,Chronicle of Higher Education,5,RECORD-00383,1,,
P1582,Person,Brier Dudley,Brier Dudley,Reporter,Seattle Times,5,RECORD-00383,1,,
P1583,Person,Adrian Holavaty,Adrian Holavaty,,Lawrence.com,5,RECORD-00384,1,,
P1585,Person,Elizabeth Bumiller,Elizabeth Bumiller,,The New York Times,5,RECORD-00385,1,,
P1586,Person,John Thune,John Thune,Senator,None,6,RECORD-00385,1,,
P1587,Person,Tom Daschle,Tom Daschle,,None,5,RECORD-00385,1,,
P1588,Person,Paul Kiel,Paul Kiel,Journalist,TPR Muckraker,5,RECORD-00386,1,,
P1589,Person,Liz George,Liz George,,Baristanet,5,RECORD-00386,3,,
P1590,Person,Andrew Nachison,Andrew Nachison,,,3,RECORD-00386,1,,
P1591,Person,Hank Greenberg,Hank Greenberg,Ex-Chairman,A.I.G.,8,RECORD-00387,1,,
P1592,Person,Ryan Chittum,Ryan Chittum,Writer,Columbia Journalism Review,7,RECORD-00387,1,,
P1593,Person,Joseph Cassano,Joseph Cassano,,A.I.G. Financial Products,5,RECORD-00387,1,,
P1594,Person,Ron Fournier,Ron Fournier,Bureau Chief,AP,5,RECORD-00387,1,,
P1595,Person,Edmund L. Andrews,Edmund L. Andrews,Reporter,The New York Times,5,RECORD-00387,1,,
P1596,Person,Richard Clarke,Richard Clarke,Former counter-terrorism official,None,5,RECORD-00387,1,,
P1597,Person,David Barstow,David Barstow,Reporter,The New York Times,10,RECORD-00388,1,,
P1598,Person,Karl Martino,Karl Martino,Proprietor,Philly Future,7,RECORD-00389,1,,
P1599,Person,Jesse Oxfeld,Jesse Oxfeld,Online Editor,Editor and Publisher,6,RECORD-00389,1,,
P1600,Person,Phil Read,Phil Read,Reporter,The Star Ledger,4,RECORD-00389,1,,
P1601,Person,Jonathan Weber,Jonathan Weber,Journalist,None,3,RECORD-00389,1,,
P1602,Person,Clifford Geertz,Clifford Geertz,Anthropologist,,2,RECORD-00389,1,,
P1603,Person,Jim Newton,Jim Newton,Editorial Page Editor,Los Angeles Times,5,RECORD-00390,1,,
P1604,Person,Shane Richmond,Shane Richmond,Journalist,None,3,RECORD-00390,1,,
P1605,Person,Kevin Anderson,Kevin Anderson,Writer,None,5,RECORD-00390,1,,
P1606,Person,Chris Vallance,Chris Vallance,Host,BBC Radio,3,RECORD-00390,1,,
P1607,Person,Oliver Kamm,Oliver Kamm,Journalist,The Guardian,3,RECORD-00390,1,,
P1608,Person,Meghan Daum,Meghan Daum,Writer,None,2,RECORD-00390,1,,
P1609,Person,Michael L. Weinstein,Michael L. Weinstein,Writer,None,2,RECORD-00390,1,,
P1610,Person,Reza Aslan,Reza Aslan,Writer,None,2,RECORD-00390,1,,
P1611,Person,Craig Childs,Craig Childs,Writer,None,2,RECORD-00390,1,,
P1612,Person,Ronald Brownstein,Ronald Brownstein,Writer,None,2,RECORD-00390,1,,
P1613,Person,Stephen Vladeck,Stephen Vladeck,Writer,None,2,RECORD-00390,1,,
P1614,Person,Larry King,Larry King,Talk Show Host,Larry King Live,6,RECORD-00391,1,,
P1615,Person,Geoff Pullum,Geoff Pullum,Linguist,Language Log,4,RECORD-00391,1,,
P1616,Person,Katie Couric,Katie Couric,News Anchor,CBS News,5,RECORD-00391,1,,
P1617,Person,Frank del Olmo,Frank del Olmo,Journalist,None,5,RECORD-00393,1,,
P1618,Person,Ruben Salazar,Ruben Salazar,Journalist,None,5,RECORD-00393,1,,
P1619,Person,Frederick Douglass,Frederick Douglass,"Writer, Abolitionist",None,5,RECORD-00393,1,,
P1620,Person,Juan Gonzalez,Juan Gonzalez,Columnist,New York Daily News,5,RECORD-00393,2,,
P1621,Person,Jeff Jacoby,Jeff Jacoby,Columnist,Boston Globe,4,RECORD-00393,1,,
P1622,Person,Andrés Martinez,Andrés Martinez,Editorial Page Editor,Los Angeles Times,6,RECORD-00394,1,,
P1623,Person,Richard Brookheiser,Richard Brookheiser,,New York Observer,6,RECORD-00394,1,,
P1624,Person,Jim Walton,Jim Walton,President,CNN News Group,5,RECORD-00396,1,,
P1625,Person,Jeremy Gaines,Jeremy Gaines,Vice President of Communications,MSNBC,4,RECORD-00396,1,,
P1626,Person,Liz Cox Barrett,Liz Cox Barrett,Journalist,Campaign Desk/CJR Daily,4,RECORD-00396,1,,
P1627,Person,Richard A. Nangle,Richard A. Nangle,Reporter,Worcester Telegram & Gazette,10,RECORD-00398,1,,
P1628,Person,Kelly O'Donnell,Kelly O'Donnell,Correspondent,NBC,4,RECORD-00398,1,,
P1629,Person,Gretchen Helfrich,Gretchen Helfrich,Host,None,3,RECORD-00398,1,,
P1630,Person,Mitch Wagner,Mitch Wagner,Journalist,Information Week,3,RECORD-00400,1,,
P1631,Person,Irina Slutsky,Irina Slutsky,,,3,RECORD-00400,1,,
P1632,Person,Dan Rubin,Dan Rubin,,,3,RECORD-00400,1,,
P1633,Person,Scott Gilbertson,Scott Gilbertson,Journalist,Wired News blog,3,RECORD-00400,1,,
P1634,Person,Josier Faser,Josier Faser,,,3,RECORD-00400,1,,
P1635,Person,John Perzel,John Perzel,Representative,State House,3,RECORD-00400,1,,
P1636,Person,Maura Welch,Maura Welch,Journalist,Boston Globe,4,RECORD-00400,1,,
P1637,Person,Beth Kanter,Beth Kanter,,,3,RECORD-00400,1,,
P1638,Person,K. Paul Mallasch,K. Paul Mallasch,Blogger,Muncie Free Press,3,RECORD-00400,1,,
P1639,Person,Adam Clayton Powell III,Adam Clayton Powell III,,,3,RECORD-00400,1,,
P1640,Person,Richard Fernandez,Richard Fernandez,,Pajamas Media,3,RECORD-00400,1,,
P1641,Person,Douglas Fisher,Douglas Fisher,Writer,Common Sense Journalism,7,RECORD-00402,1,,
P1642,Person,Matt Drudge,Matt Drudge,Blogger,Drudge Report,7,RECORD-00402,1,,
P1643,Person,Susan Stranahan,Susan Stranahan,Writer,Campaign Desk,8,RECORD-00402,1,,
P1644,Person,Vaughn Venders,Vaughn Venders,Journalist,National Journal,7,RECORD-00402,1,,
P1645,Person,Steven R. Weisman,Steven R. Weisman,"Chief diplomatic correspondent, former editorial writer",The New York Times,7,RECORD-00402,1,,
P1646,Person,Brent Cunningham,Brent Cunningham,Journalist,CJR,7,RECORD-00402,2,,
P1647,Person,Doug Kern,Doug Kern,Writer,N/A,6,RECORD-00402,1,,
P1648,Person,Steven Den Beste,Steven Den Beste,Writer,N/A,6,RECORD-00402,1,,
P1649,Person,David S. Isenberg,David S. Isenberg,Blogger,A isen blog,6,RECORD-00402,1,,
P1650,Person,Colleen Nelson,Colleen Nelson,Writer,Dallas Morning News,6,RECORD-00402,1,,
P1651,Person,Jason Zengerle,Jason Zengerle,,The New Republic,5,RECORD-00404,1,,
P1652,Person,Franklin Foer,Franklin Foer,,The New Republic,4,RECORD-00404,1,,
P1653,Person,Larry Johnson,Larry Johnson,,,4,RECORD-00404,1,,
P1654,Person,Alexander Cockburn,Alexander Cockburn,,,4,RECORD-00404,1,,
P1655,Person,Jeffrey St. Clair,Jeffrey St. Clair,,,4,RECORD-00404,1,,
P1656,Person,Seymour Hersh,Seymour Hersh,,,4,RECORD-00404,1,,
P1657,Person,Sharon Waxman,Sharon Waxman,Reporter,The New York Times,4,,1,,
P1658,Person,Eric Auchard,Eric Auchard,Reporter,Reuters,8,RECORD-00406,1,,
P1659,Person,Howard Rheingold,Howard Rheingold,"Writer, critic",None,3,RECORD-00406,1,,
P1660,Person,Adam Smeltz,Adam Smeltz,Blogger,Knight-Ridder,5,RECORD-00407,1,,
P1661,Person,Mark Lukasiewicz,Mark Lukasiewicz,Chief of special events coverage,NBC News,5,RECORD-00408,1,,
P1662,Person,Paul Bremmer,Paul Bremmer,United States ambassador,United States,7,RECORD-00408,1,,
P1663,Person,Tim Blair,Tim Blair,Blogger,Unspecified,4,RECORD-00408,1,,
P1664,Person,Philip Kennicott,Philip Kennicott,Correspondent,The Washington Post,6,RECORD-00408,1,,
P1665,Person,Abdul Kader Kharobi,Abdul Kader Kharobi,Assignment Editor,al-Arabiya,5,RECORD-00408,1,,
P1666,Person,Saddam,Saddam,Former Leader of Iraq,Unspecified,5,RECORD-00408,1,,
P1667,Person,James Surowiecki,James Surowiecki,Writer,The New Yorker,10,RECORD-00409,1,,
P1668,Person,Malcolm Gladwell,Malcolm Gladwell,Writer,The New Yorker,6,RECORD-00409,1,,
P1669,Person,Wen Ho Lee,Wen Ho Lee,Scientist,Los Alamos National Laboratory,9,RECORD-00410,2,,
P1670,Person,Timothy Noah,Timothy Noah,Journalist,Slate,7,RECORD-00410,1,,
P1671,Person,Lars Erik Nelson,Lars Erik Nelson,Commentator,,6,RECORD-00410,1,,
P1672,Person,Robert Scheer,Robert Scheer,Commentator,,6,RECORD-00410,1,,
P1673,Person,Joshua Micah Marshall,Joshua Micah Marshall,Commentator,,6,RECORD-00410,2,,
P1674,Person,Michael Massing,Michael Massing,Journalist,,7,RECORD-00410,1,,
P1675,Person,Danny Schecter,Danny Schecter,Founder,MediaChannel.org,6,RECORD-00410,1,,
P1676,Person,Siva Vaidhyanathan,Siva Vaidhyanathan,Academic,,6,RECORD-00410,1,,
P1677,Person,Bill Pierce,Bill Pierce,Spokesman,Department of Health and Human Services,5,RECORD-00411,1,,
P1678,Person,Nicholas Berg,Nicholas Berg,American civilian,None,10,RECORD-00412,1,,
P1679,Person,Rich Marotti,Rich Marotti,Blogger,Seldom Sober,5,RECORD-00412,1,,
P1680,Person,Evan Coyne Maloney,Evan Coyne Maloney,Blogger,None,5,RECORD-00412,1,,
P1681,Person,James Inhofe,James Inhofe,Senator,None,4,RECORD-00412,1,,
P1682,Person,Daniel Pearl,Daniel Pearl,Journalist,None,3,RECORD-00412,1,,
P1683,Person,Joseph Tate,Joseph Tate,Lawyer,N/A,3,RECORD-00413,1,,
P1684,Person,Ethan Casey,Ethan Casey,Webmaster,BlueEar.com,3,RECORD-00414,1,,
P1685,Person,John Moore,John Moore,Blogger,,4,RECORD-00414,1,,
P1686,Person,Stuart Allen,Stuart Allen,Editor,,4,RECORD-00414,1,,
P1687,Person,Barbie Zelizer,Barbie Zelizer,Editor,,4,RECORD-00414,1,,
P1688,Person,Josh Devon,Josh Devon,Analyst,SITE Institute,4,RECORD-00414,1,,
P1689,Person,Muhammad Naeem Noor Khan,Muhammad Naeem Noor Khan,,,5,RECORD-00414,1,,
P1690,Person,Tom Ridge,Tom Ridge,Secretary,Homeland Security,4,RECORD-00414,1,,
P1691,Person,Bob Lee,Bob Lee,General Manager of WBDJ-TV,"WBDJ-TV, CBS Affiliates Association",3,RECORD-00415,1,,
P1692,Person,Richard Thornburgh,Richard Thornburgh,Attorney General,"Reagan and George H.W. Bush administrations, CBS",7,RECORD-00415,1,,
P1693,Person,Louis D. Boccardi,Louis D. Boccardi,Former Chief Executive,"Associated Press, CBS",7,RECORD-00415,1,,
P1694,Person,Victoria Toensing,Victoria Toensing,"Former Federal Prosecutor, TV Commentator",None,3,RECORD-00415,1,,
P1695,Person,Mike Wallace,Mike Wallace,Correspondent,"60 Minutes, CBS",4,RECORD-00415,1,,
P1696,Person,Kelli Edwards,Kelli Edwards,Spokeswoman,CBS,3,RECORD-00415,1,,
P1697,Person,Joe Lockhart,Joe Lockhart,,Kerry campaign,3,RECORD-00415,1,,
P1698,Person,Bill Burkett,Bill Burkett,,None,3,RECORD-00415,1,,
P1699,Person,Leslie Moonves,Leslie Moonves,Chairman,"CBS Television, Viacom",6,RECORD-00415,1,,
P1700,Person,Ernest Miller,Ernest Miller,"Fellow, Blogger","Yale Law School, Corante",5,RECORD-00415,2,,
P1701,Person,Adam Penenberg,Adam Penenberg,,"NYU, Wired",4,RECORD-00415,1,,
P1702,Person,Ms. Mapes,Ms. Mapes,,CBS,3,RECORD-00415,1,,
P1703,Person,Dick Thornburgh,Dick Thornburgh,"Investigator, Former Attorney General",CBS,6,RECORD-00415,1,,
P1704,Person,Lou Boccardi,Lou Boccardi,"Investigator, Former CEO","CBS, AP",6,RECORD-00415,1,,
P1705,Person,Sumner Redstone,Sumner Redstone,CEO,"CBS, Viacom",3,RECORD-00415,1,,
P1706,Person,Brian Ross,Brian Ross,Journalist,ABC News,7,RECORD-00416,2,,
P1707,Person,Larisa Alexandrovna,Larisa Alexandrovna,Investigative Reporter,Blogger,4,RECORD-00416,1,,
P1708,Person,Kim E. Pearson,Kim E. Pearson,Journalist,Poynter's E-Media blog,4,RECORD-00416,1,,
P1709,Person,Peter S. Canellos,Peter S. Canellos,Washington bureau chief,The Boston Globe,4,RECORD-00416,1,,
P1710,Person,Justin Peters,Justin Peters,Journalist,Columbia Journalism Review,5,RECORD-00416,1,,
P1711,Person,Dayo Olopade,Dayo Olopade,Journalist,The New Republic,4,RECORD-00416,1,,
P1712,Person,John Judis,John Judis,Journalist,The New Republic,4,RECORD-00416,1,,
P1713,Person,Charles Feldman,Charles Feldman,Journalist,None,4,RECORD-00416,1,,
P1714,Person,Paul Jones,Paul Jones,N/A,N/A,2,RECORD-00416,1,,
P1715,Person,Lovelady,Lovelady,Managing Editor,Columbia Journalism Review website,5,RECORD-00417,1,,
P1716,Person,Steve Safran,Steve Safran,Blogger,Lost Remote,4,RECORD-00417,1,,
P1717,Person,Derek Rose,Derek Rose,Reader/Commenter,None,3,RECORD-00417,2,,
P1718,Person,Cori Dauber,Cori Dauber,Blogger,None mentioned,4,RECORD-00417,2,,
P1719,Person,Michael Duff,Michael Duff,Blogger,None mentioned,3,RECORD-00417,1,,
P1720,Person,Van der Leun,Van der Leun,Blogger,None mentioned,3,RECORD-00417,1,,
P1721,Person,Michael Hastings,Michael Hastings,Freelance Reporter,Rolling Stone,8,RECORD-00420,1,,
P1722,Person,Stanley A. McChrystal,Stanley A. McChrystal,General,American troops in Afghanistan,8,RECORD-00420,1,,
P1723,Person,Gordon Lubold,Gordon Lubold,Reporter,Politico,7,RECORD-00420,1,,
P1724,Person,Carol E. Lee,Carol E. Lee,Reporter,Politico,7,RECORD-00420,1,,
P1725,Person,Thomas Ricks,Thomas Ricks,Reporter,"Foreign Policy Magazine, The Washington Post",7,RECORD-00420,1,,
P1726,Person,Jamie McIntyre,Jamie McIntyre,Pentagon Reporter,CNN,6,RECORD-00420,1,,
P1727,Person,Clint Hendler,Clint Hendler,Journalist,Columbia Journalism Review,6,RECORD-00420,1,,
P1728,Person,Bill Nichols,Bill Nichols,Managing Editor,Politico,7,RECORD-00420,1,,
P1729,Person,Joe Calderone,Joe Calderone,Reporter/Professor,"Newsday, New York Daily News, NYU",6,RECORD-00420,1,,
P1730,Person,Scott Michael Turk,Scott Michael Turk,eCampaign Director,Bush-Cheney ‘04,4,RECORD-00421,1,,
P1731,Person,Josh Ross,Josh Ross,Director of Internet Strategy,Kerry-Edwards 2004,4,RECORD-00421,1,,
P1732,Person,Jon Gordon,Jon Gordon,Interviewer,Future Tense,3,RECORD-00422,1,,
P1733,Person,Kevin Many,Kevin Many,Tech Writer,USA Today,4,RECORD-00422,1,,
P1734,Person,Justin Rood,Justin Rood,Investigative Reporter,TPMmuckraker,4,RECORD-00422,1,,
P1735,Person,Morton Kondracke,Morton Kondracke,Washington Columnist and Pundit,,7,RECORD-00423,1,,
P1736,Person,Dave Moniz,Dave Moniz,President,Military Reporters and Editors,4,RECORD-00423,1,,
P1737,Person,Sig Christenson,Sig Christenson,Vice President,Military Reporters and Editors,6,RECORD-00423,1,,
P1738,Person,Tad Oelstrum,Tad Oelstrum,Director of National Security Program,Harvard's Kennedy School of Government,4,RECORD-00423,1,,
P1739,Person,Scott Bosley,Scott Bosley,Executive Director,American Society of Newspaper Editors,4,RECORD-00423,1,,
P1740,Person,Frederick J. Ryan Jr.,Frederick J. Ryan Jr.,President,Allbritton Communications,6,RECORD-00424,1,,
P1741,Person,Bill James,Bill James,Baseball scholar and writer,None,10,RECORD-00425,1,,
P1742,Person,Carlton Sherwood,Carlton Sherwood,"Filmmaker, Former Reporter","Gannett, The Washington Times",7,RECORD-00427,1,,
P1743,Person,Chad Clanton,Chad Clanton,Spokesman,Kerry Campaign,6,RECORD-00427,1,,
P1744,Person,Jonathan Leiberman,Jonathan Leiberman,,Sinclair Broadcast Group,7,RECORD-00427,1,,
P1745,Person,Mike McCurry,Mike McCurry,,,6,RECORD-00427,1,,
P1746,Person,Richard Holbrooke,Richard Holbrooke,,,6,RECORD-00427,1,,
P1747,Person,Michael A. Fletcher,Michael A. Fletcher,Journalist,The Washington Post,5,RECORD-00428,1,,
P1748,Person,Elisabeth Bumiller,Elisabeth Bumiller,White House correspondent,The New York Times,5,RECORD-00428,3,,
P1749,Person,Wolfgang Ischinger,Wolfgang Ischinger,German ambassador to Washington,None,5,RECORD-00428,1,,
P1750,Person,William McKinley,William McKinley,President of the United States,None,4,RECORD-00428,1,,
P1751,Person,Cheney,Cheney,Vice President of the United States,None,4,RECORD-00428,1,,
P1752,Person,Barney Frank,Barney Frank,U.S. Congressman,,7,RECORD-00429,1,,
P1753,Person,Joel Campagna,Joel Campagna,Middle East program coordinator,Committee to Protect Journalists,6,RECORD-00429,1,,
P1754,Person,Elizabeth Osder,Elizabeth Osder,,None,3,RECORD-00430,1,,
P1755,Person,Edward Wasserman,Edward Wasserman,,None,4,RECORD-00430,1,,
P1756,Person,Brian Alvey,Brian Alvey,,None,4,RECORD-00430,1,,
P1757,Person,Ian Landsman,Ian Landsman,,None,3,RECORD-00430,1,,
P1758,Person,Vinnie Goldsmith,Vinnie Goldsmith,,None,3,RECORD-00430,1,,
P1759,Person,Ron Hutcheson,Ron Hutcheson,White House Correspondent,Knight Ridder,7,RECORD-00431,1,,
P1760,Person,Nat Ives,Nat Ives,Reporter,The New York Times,6,RECORD-00431,1,,
P1761,Person,Susan Page,Susan Page,Washington bureau chief,USA Today,6,RECORD-00431,1,,
P1762,Person,Sandy Johnson,Sandy Johnson,Washington bureau chief,The Associated Press,6,RECORD-00431,1,,
P1763,Person,Philip Gourevitch,Philip Gourevitch,"Writer, Journalist",The New Yorker,10,RECORD-00432,1,,
P1764,Person,Matt Taibbi,Matt Taibbi,Journalist,None,9,RECORD-00433,1,,
P1765,Person,Martha Stewart,Martha Stewart,Businesswoman,None,5,RECORD-00433,1,,
P1766,Person,George Washington,George Washington,"Historical Figure, Former U.S. President",None,4,RECORD-00433,1,,
P1767,Person,Richard Wolffe,Richard Wolffe,Journalist,The New Republic,7,RECORD-00433,1,,
P1768,Person,Howard Feinman,Howard Feinman,Journalist,None,4,RECORD-00433,1,,
P1769,Person,Eugene Debs,Eugene Debs,Labor Leader,None,4,RECORD-00433,1,,
P1770,Person,John Howard,John Howard,Politician,Australian Government,6,RECORD-00434,1,,
P1771,Person,Steven Krakauer,Steven Krakauer,Journalist,TV Newser,5,RECORD-00436,1,,
P1772,Person,Senator Daschle,Senator Daschle,Politician,None,4,RECORD-00436,1,,
P1773,Person,Gigi Kwik Gronvall,Gigi Kwik Gronvall,Associate Editor,Biosecurity and Bioterrorism,5,RECORD-00436,1,,
P1774,Person,Karen Winkler,Karen Winkler,Editor,Chronicle of Higher Education,5,RECORD-00437,1,,
P1775,Person,Lawrence Wilkerson,Lawrence Wilkerson,Former Government Official,Former Deputy to Colin Powell,6,RECORD-00438,2,,
P1776,Person,Dana Perino,Dana Perino,White House Staff,White House,5,RECORD-00439,1,,
P1777,Person,Paul Golob,Paul Golob,Editorial Director,Times Books,7,RECORD-00440,1,,
P1778,Person,Robin Dennis,Robin Dennis,Editor,Times Books,6,RECORD-00440,1,,
P1779,Person,Kate Lee,Kate Lee,Agent,ICM,5,RECORD-00440,1,,
P1780,Person,Sheik Omar Abdel Rahman,Sheik Omar Abdel Rahman,Cleric,,4,RECORD-00442,1,,
P1781,Person,Mark McPherson,Mark McPherson,Commenter,,4,RECORD-00442,1,,
P1782,Person,Michael McCanles,Michael McCanles,Retired academic,,4,RECORD-00442,1,,
P1783,Person,Simon,Simon,Reader,BOP News,4,RECORD-00442,1,,
P1784,Person,Mary Jo Foley,Mary Jo Foley,Tech Pundit,Microsoft Watch,5,RECORD-00444,1,,
P1785,Person,Lawrence Lessig,Lawrence Lessig,Professor,None,6,RECORD-00444,1,,
P1786,Person,Robert Scoble,Robert Scoble,Blogger,Microsoft,6,RECORD-00444,1,,
P1787,Person,Christopher Coulter,Christopher Coulter,Blogger,Scobelizer,5,RECORD-00444,1,,
P1788,Person,Julie Leung,Julie Leung,Blogger,None,5,RECORD-00444,1,,
P1789,Person,Ray Kotcher,Ray Kotcher,CEO,Ketchum,7,RECORD-00445,2,,
P1790,Person,Julia Hood,Julia Hood,Editor in chief,PR Week,5,RECORD-00445,1,,
P1791,Person,Stuart Elliott,Stuart Elliott,Advertising Columnist,The New York Times,5,RECORD-00445,1,,
P1792,Person,Lorraine Thelian,Lorraine Thelian,Senior Partner,Ketchum,4,RECORD-00445,1,,
P1793,Person,Paul A. Holmes,Paul A. Holmes,Author,The Holmes Report,5,RECORD-00445,1,,
P1794,Person,Patrick Thornton,Patrick Thornton,"Journalist, Blogger","Stars and Stripes, Beatblogging.org",8,RECORD-00446,1,,
P1795,Person,Zac Echola,Zac Echola,Unknown,Unknown,4,RECORD-00446,1,,
P1796,Person,Mark Schleifstein,Mark Schleifstein,Reporter,The Times-Picayune,7,RECORD-00448,1,,
P1797,Person,Susan Tifft,Susan Tifft,Author and Journalist,,4,RECORD-00451,2,,
P1798,Person,Byron York,Byron York,Journalist,,4,RECORD-00451,1,,
P1799,Person,James V. Grimaldi,James V. Grimaldi,Journalist,The Washington Post,3,RECORD-00451,1,,
P1800,Person,Josh Howard,Josh Howard,Executive Producer,CBS News,4,RECORD-00451,1,,
P1801,Person,Josh Getlin,Josh Getlin,Journalist,Los Angeles Times,3,RECORD-00451,1,,
P1802,Person,Scott Collins,Scott Collins,Journalist,Los Angeles Times,3,RECORD-00451,1,,
P1803,Person,Michael Calderone,Michael Calderone,Reporter,The Politico,3,RECORD-00452,2,,
P1804,Person,Jon King,Jon King,Host,CNN,3,RECORD-00452,1,,
P1805,Person,Bill Bennett,Bill Bennett,Commentator,None,2,RECORD-00452,1,,
P1806,Person,Dave Wiegel,Dave Wiegel,Reporter,None,3,RECORD-00452,1,,
P1807,Person,Ted Diadiun,Ted Diadiun,Reader representative,Cleveland Plain Dealer,9,RECORD-00453,1,,
P1808,Person,Steve LaTourette,Steve LaTourette,Republican Congressman,None,9,RECORD-00453,1,,
P1809,Person,Jeff Coryell,Jeff Coryell,Blogger,Wide Open,9,RECORD-00453,1,,
P1810,Person,Brent Larkin,Brent Larkin,Editorial page director,Cleveland Plain Dealer,7,RECORD-00453,1,,
P1811,Person,Susan Goldberg,Susan Goldberg,Editor,Cleveland Plain Dealer,9,RECORD-00453,1,,
P1812,Person,Jean Dubail,Jean Dubail,Online editor,Cleveland Plain Dealer,7,RECORD-00453,1,,
P1813,Person,Jill Zimon,Jill Zimon,Blogger,Writes Like She Talks,7,RECORD-00453,1,,
P1814,Person,Todd Blumer,Todd Blumer,Blogger,Wide Open,5,RECORD-00453,1,,
P1815,Person,Kathy Gill,Kathy Gill,,None,5,RECORD-00453,1,,
P1816,Person,Scott Karp,Scott Karp,,Publishing 2.0,4,RECORD-00454,2,,
P1817,Person,Paul Klebnikov,Paul Klebnikov,Journalist,Forbes,10,RECORD-00455,1,,
P1818,Person,Dougal Birch,Dougal Birch,Journalist,The Baltimore Sun,3,RECORD-00455,1,,
P1819,Person,Alexander Gordeyev,Alexander Gordeyev,Editor,Newsweek,3,RECORD-00455,1,,
P1820,Person,Boris Berezovsky,Boris Berezovsky,Oligarch,Russian Business,5,RECORD-00455,1,,
P1821,Person,Igor Yakovenko,Igor Yakovenko,General Secretary,Union of Journalists,4,RECORD-00455,1,,
P1822,Person,Andrew Meier,Andrew Meier,Moscow correspondent,Time magazine,5,RECORD-00455,1,,
P1823,Person,Jim Michaels,Jim Michaels,Editor,Forbes,5,RECORD-00455,1,,
P1824,Person,Tim Ferguson,Tim Ferguson,Editor,Forbes Global,4,RECORD-00455,1,,
P1825,Person,Steve Forbes,Steve Forbes,Publisher,Forbes,5,RECORD-00455,1,,
P1826,Person,Abraham Lincoln,Abraham Lincoln,Former President,United States,3,RECORD-00455,1,,
P1827,Person,C.J. Chivers,C.J. Chivers,Journalist,The New York Times,6,RECORD-00455,1,,
P1828,Person,Peter Lavelle,Peter Lavelle,,,3,RECORD-00455,1,,
P1829,Person,Susan B. Glasser,Susan B. Glasser,Journalist,Washington Post,3,RECORD-00455,1,,
P1830,Person,Michael Klebnikov,Michael Klebnikov,,,3,RECORD-00455,1,,
P1831,Person,Chris Hayes,Chris Hayes,Washington correspondent,The Nation,5,RECORD-00456,1,,
P1832,Person,Alex Bloomberg,Alex Bloomberg,Reporter,This American Life,7,RECORD-00456,1,,
P1833,Person,Chuck Peters,Chuck Peters,CEO,The Gazette Company,4,RECORD-00456,1,,
P1834,Person,Josh Young,Josh Young,Thinker,,3,RECORD-00456,1,,
P1835,Person,Donica Mensing,Donica Mensing,J-professor,,4,RECORD-00456,1,,
P1836,Person,Steve Myers,Steve Myers,Journalist,Poynter,4,RECORD-00456,1,,
P1837,Person,Elise Hu,Elise Hu,Blogger,,4,RECORD-00456,1,,
P1838,Person,Matt Thompson,Matt Thompson,Journalist,NPR,7,RECORD-00456,2,,
P1839,Person,Tristan Harris,Tristan Harris,CEO and co-founder,Apture,5,RECORD-00456,1,,
P1840,Person,Nick Carr,Nick Carr,,,9,RECORD-00457,1,,
P1841,Person,Marc Eisen,Marc Eisen,,Isthmus,7,RECORD-00457,1,,
P1842,Person,Jack Galmiche,Jack Galmiche,CEO,KETC,7,RECORD-00457,1,,
P1843,Person,Ari Melber,Ari Melber,,The Nation,7,RECORD-00457,1,,
P1844,Person,Jonah Peretti,Jonah Peretti,,Huffington Post,7,RECORD-00457,1,,
P1845,Person,Chris O’Brien,Chris O’Brien,,San Jose Mercury News,6,RECORD-00457,1,,
P1846,Person,Philippe Lourier,Philippe Lourier,,The Annotated Times,4,RECORD-00458,1,,
P1847,Person,Bob Bateman,Bob Bateman,"Author, Army Major","7th Cavalry Regiment, West Point",7,RECORD-00458,1,,
P1848,Person,Jim Miklaszewski,Jim Miklaszewski,Correspondent,MSNBC,5,RECORD-00458,1,,
P1849,Person,David Beckett,David Beckett,Navy Commander,Defense Threat Reduction Agency,5,RECORD-00458,1,,
P1850,Person,Charles Layton,Charles Layton,,American Journalism Review,4,RECORD-00458,1,,
P1851,Person,Bob Drogin,Bob Drogin,Reporter,Los Angeles Times,5,RECORD-00458,1,,
P1852,Person,Bill Lynch,Bill Lynch,Retired Correspondent,CBS News,5,RECORD-00458,1,,
P1853,Person,John Hanrahan,John Hanrahan,,Nieman Watchdog,5,RECORD-00458,1,,
P1854,Person,Keith Woods,Keith Woods,,Poynter,5,RECORD-00460,1,,
P1855,Person,Chris Boese,Chris Boese,"blogger, writer and researcher",CNN,5,RECORD-00460,1,,
P1856,Person,David Horowitz,David Horowitz,,,5,RECORD-00461,1,,
P1857,Person,Ira Glass,Ira Glass,Host and force behind This American Life,This American Life,8,RECORD-00462,1,,
P1858,Person,Alex Blumberg,Alex Blumberg,Producer,This American Life,8,RECORD-00462,1,,
P1859,Person,Adam Davidson,Adam Davidson,Economics Correspondent,NPR,7,RECORD-00462,1,,
P1860,Person,Simon Owens,Simon Owens,Blogger,,5,RECORD-00462,1,,
P1861,Person,Meranda Watling,Meranda Watling,Journalist,Journal & Courier,6,RECORD-00462,1,,
P1862,Person,Neil Henry,Neil Henry,Professor,"UC Berkeley J-School, ex-Washington Post",10,RECORD-00463,1,,
P1863,Person,Jack Kapica,Jack Kapica,Journalist,The Globe and Mail,6,RECORD-00463,1,,
P1864,Person,Douglas McLennan,Douglas McLennan,Editor,ArtsJournal.com,3,RECORD-00463,1,,
P1865,Person,Matthew R. Baise,Matthew R. Baise,Online Editor,Baltimore Sun,3,RECORD-00463,1,,
P1866,Person,Cynthis Brumfield,Cynthis Brumfield,Panelist,Mesh conference,2,RECORD-00463,1,,
P1867,Person,Tony Hung,Tony Hung,Blogger,Canadian new media blogger,2,RECORD-00463,1,,
P1868,Person,George Lucas,George Lucas,Filmmaker,,2,RECORD-00463,1,,
P1869,Person,Chad Hurley,Chad Hurley,Founder,YouTube,2,RECORD-00463,1,,
P1870,Person,Steve Chen,Steve Chen,Founder,YouTube,2,RECORD-00463,1,,
P1871,Person,Stephen Levy,Stephen Levy,Writer,Newsweek,5,RECORD-00465,1,,
P1872,Person,Jude Nagourney Campbell,Jude Nagourney Campbell,"Writer, Blogger",,5,RECORD-00465,1,,
P1873,Person,Sylvia Paull,Sylvia Paull,,,4,RECORD-00465,1,,
P1874,Person,Jeneane Sessums,Jeneane Sessums,,,4,RECORD-00465,1,,
P1875,Person,Keith Jenkins,Keith Jenkins,"Photojournalist, Blogger",,5,RECORD-00465,1,,
P1876,Person,Jordon Cooper,Jordon Cooper,"Pastor, Blogger",,5,RECORD-00465,1,,
P1877,Person,Tiffany B. Brown,Tiffany B. Brown,Blogger,,5,RECORD-00465,1,,
P1878,Person,Sokari Ekine,Sokari Ekine,"Blogger, Farmer",,5,RECORD-00465,1,,
P1879,Person,Jeanne d’Arc,Jeanne d’Arc,Blogger,,5,RECORD-00465,1,,
P1880,Person,Brian Williams,Brian Williams,Anchor,Unspecified,5,RECORD-00466,1,,
P1881,Person,Deborah Norville,Deborah Norville,Host,MSNBC,3,RECORD-00467,1,,
P1882,Person,William Triplett,William Triplett,Journalist,Daily Variety,2,RECORD-00468,1,,
P1883,Person,Joshua Bolter,Joshua Bolter,White House Chief of Staff,The White House,3,RECORD-00468,1,,
P1884,Person,Richard Ostling,Richard Ostling,Journalist,Associated Press,2,RECORD-00468,1,,
P1885,Person,Sisyphus,Sisyphus,Blogger,None,2,RECORD-00468,1,,
P1886,Person,Jack Abramoff,Jack Abramoff,,,6,RECORD-00469,1,,
P1887,Person,Jakob Nielsen,Jakob Nielsen,Web Usability Expert,useit.com,6,RECORD-00471,1,,
P1888,Person,James Bandler,James Bandler,Journalist,The Wall Street Journal,3,RECORD-00471,1,,
P1889,Person,Stuart Elliot,Stuart Elliot,Advertising Columnist,The New York Times,5,RECORD-00471,2,,
P1890,Person,Katherine Seelye,Katherine Seelye,Journalist,None,3,RECORD-00471,1,,
P1891,Person,Mark Penn,Mark Penn,Pollster-strategist-guru,N/A,3,RECORD-00472,1,,
P1892,Person,Jon Carroll,Jon Carroll,Columnist,San Francisco Chronicle,6,RECORD-00472,1,,
P1893,Person,Mike Caulfield,Mike Caulfield,N/A,N/A,3,RECORD-00472,1,,
P1894,Person,Steve Jobs,Steve Jobs,N/A,N/A,3,RECORD-00472,1,,
P1895,Person,Kenneth Minogue,Kenneth Minogue,Writer,None,8,RECORD-00474,1,,
P1896,Person,Hilton Kramer,Hilton Kramer,,New Criterion,3,RECORD-00474,1,,
P1897,Person,Ortega y Gasset,Ortega y Gasset,Philosopher,None,3,RECORD-00474,1,,
P1898,Person,Hegel,Hegel,Philosopher,None,3,RECORD-00474,1,,
P1899,Person,Michel Foucault,Michel Foucault,Philosopher,None,2,RECORD-00474,1,,
P1900,Person,Jessie Taylor,Jessie Taylor,Blogger,pandagon.net,4,RECORD-00475,1,,
P1901,Person,Rachel Smolkin,Rachel Smolkin,,American Journalism Review,5,RECORD-00476,1,,
P1902,Person,Joseph Lelyveld,Joseph Lelyveld,Interim Editor,The New York Times,4,RECORD-00476,1,,
P1903,Person,Walt Baranger,Walt Baranger,Assistant to the Editor,The New York Times,3,RECORD-00476,1,,
P1904,Person,Brian Keefer,Brian Keefer,Creator,SpinSanity.org,6,RECORD-00510,1,,
P1905,Person,Frank Sesno,Frank Sesno,"Professor, Former Anchor","George Mason University, CNN",5,RECORD-00510,1,,
P1906,Person,Jill Zuckman,Jill Zuckman,National Correspondent,Chicago Tribune,4,RECORD-00510,1,,
P1907,Person,Mike Andersen,Mike Andersen,,,6,RECORD-00511,1,,
P1908,Person,Ethan Ehrenberg,Ethan Ehrenberg,Instructional Technology Specialist,New York University,3,RECORD-00512,1,,
P1909,Person,Mike Barnicle,Mike Barnicle,Journalist,None,2,RECORD-00513,1,,
P1910,Person,Dan Atkinson,Dan Atkinson,Reporter,Watertown TAB,7,RECORD-00513,1,,
P1911,Person,Adam Gaffin,Adam Gaffin,Creator,Universal Hub,6,RECORD-00513,1,,
P1912,Person,Richard Eriksson,Richard Eriksson,Blogger,None,4,RECORD-00513,1,,
P1913,Person,Roland Tanglao,Roland Tanglao,Blogger,None,4,RECORD-00513,1,,
P1914,Person,William B. Rood,William B. Rood,"Editor, Chicago Tribune; Swift Boat commander",Chicago Tribune,10,RECORD-00514,1,,
P1915,Person,Douglas Brinkley,Douglas Brinkley,Historian,,6,RECORD-00514,1,,
P1916,Person,Fred Kaplan,Fred Kaplan,,,3,RECORD-00514,1,,
P1917,Person,Michael Meehan,Michael Meehan,Spokesman,Kerry campaign,3,RECORD-00514,1,,
P1918,Person,Tom Foley,Tom Foley,U.S. Speaker of the House,None,3,RECORD-00515,1,,
P1919,Person,Chris Peck,Chris Peck,Editor,None,3,RECORD-00515,1,,
P1920,Person,Alan Nelson,Alan Nelson,,None,3,RECORD-00515,1,,
P1921,Person,Dave Oliveria,Dave Oliveria,Opinion writer and columnist,None,4,RECORD-00515,1,,
P1922,Person,W. Mark Felt,W. Mark Felt,"FBI Agent, Deep Throat",FBI,8,RECORD-00516,1,,
P1923,Person,Alan J. Pakula,Alan J. Pakula,Film Director,None,4,RECORD-00516,1,,
P1924,Person,Greg Lindsay,Greg Lindsay,Journalist,None,5,RECORD-00516,1,,
P1925,Person,Darryl McGrath,Darryl McGrath,Journalist,None,5,RECORD-00516,1,,
P1926,Person,Fred Thompson,Fred Thompson,"Actor, Politician",Republican Party,5,RECORD-00520,1,,
P1927,Person,Lee Rainie,Lee Rainie,Director,Pew Internet & American Life Project,6,,1,,
P1928,Person,Bill Buzenberg,Bill Buzenberg,Director,Minnesota Public Radio,4,,1,,
P1929,Person,Karen G. Schneider,Karen G. Schneider,"Blogger, Librarian",None,4,,1,,
P1930,Person,Martin Knight,Martin Knight,Blogger,RedState.com,4,RECORD-00523,1,,
P1931,Person,Jamail Hussein,Jamail Hussein,Source,None,6,RECORD-00523,1,,
P1932,Person,Thomas E. Ricks,Thomas E. Ricks,Journalist,The Washington Post,6,RECORD-00523,1,,
P1933,Person,Gordon H. Smith,Gordon H. Smith,U.S. Senator,None,4,RECORD-00523,1,,
P1934,Person,Jay Garner,Jay Garner,Retired Lt. General,None,6,RECORD-00523,1,,
P1935,Person,Tom Warrick,Tom Warrick,State Department Employee,State Department,7,RECORD-00523,1,,
P1936,Person,Richard Armitage,Richard Armitage,Government Official,None,4,RECORD-00523,1,,
P1937,Person,James Bowman,James Bowman,Writer,The New Criterion,5,RECORD-00523,1,,
P1938,Person,Jake Jarvis,Jake Jarvis,N/A,N/A,4,RECORD-00524,1,,
P1939,Person,S. J. “Bud” Grant,S. J. “Bud” Grant,Lobbyist,Washington healthcare lobbyist,4,RECORD-00524,1,,
P1940,Person,William Drentell,William Drentell,Co-founder,Design Observer,6,RECORD-00524,1,,
P1941,Person,Robert Greenwald,Robert Greenwald,Filmmaker,N/A,6,RECORD-00524,1,,
P1942,Person,Jim Gilliam,Jim Gilliam,N/A,N/A,6,RECORD-00524,1,,
P1943,Person,Solana Larsen,Solana Larsen,Editor,openDemocracy.net,5,RECORD-00524,1,,
P1944,Person,Mathew Ingram,Mathew Ingram,Writer,The Globe and Mail,6,RECORD-00524,1,,
P1945,Person,Alex Dziadosz,Alex Dziadosz,N/A,The Blog Reader,4,RECORD-00524,1,,
P1946,Person,Patrick Ross,Patrick Ross,Ex-journalist,Progress and Freedom Foundation,4,RECORD-00524,1,,
P1947,Person,Vladimir Lenin,Vladimir Lenin,Politician,N/A,4,RECORD-00524,1,,
P1948,Person,Andy Carvin,Andy Carvin,Senior product manager for online communities,NPR,5,RECORD-00524,1,,
P1949,Person,Donald Graham,Donald Graham,CEO,The Washington Post Company,5,RECORD-00525,1,,
P1950,Person,Bryan Keefer,Bryan Keefer,Writer,CJR Daily,4,RECORD-00526,2,,
P1951,Person,Mark Cooper,Mark Cooper,Writer,The Nation,3,RECORD-00526,1,,
P1952,Person,David Blum,David Blum,Writer,New York Sun,3,RECORD-00526,1,,
P1953,Person,Alex Koppelman,Alex Koppelman,Blogger,Salon's War Room blog,6,RECORD-00529,1,,
P1954,Person,Andrew Malcolm,Andrew Malcolm,Blogger,LA Times Top of the Ticket blog,5,RECORD-00529,1,,
P1955,Person,David Sarno,David Sarno,Web Reporter,Los Angeles Times,6,RECORD-00529,1,,
P1956,Person,Jacques Steinberg,Jacques Steinberg,Media Beat Reporter,The New York Times,6,RECORD-00529,1,,
P1957,Person,Kelly McBride,Kelly McBride,Head of Ethics Group,The Poynter Institute,6,RECORD-00529,1,,
P1958,Person,John F. Burns,John F. Burns,Baghdad bureau chief,The New York Times,10,RECORD-00530,1,,
P1959,Person,Bill Spindle,Bill Spindle,Middle East editor,Wall Street Journal,4,RECORD-00530,1,,
P1960,Person,Phillip Robertson,Phillip Robertson,Journalist,N/A,4,RECORD-00530,1,,
P1961,Person,Jeffrey Gettleman,Jeffrey Gettleman,Reporter,The New York Times,4,RECORD-00530,1,,
P1962,Person,Uday Hussein,Uday Hussein,Son of Saddam Hussein,N/A,4,RECORD-00530,1,,
P1963,Person,Juan Antonio Samaranch,Juan Antonio Samaranch,President,International Olympic Committee,3,RECORD-00530,1,,
P1964,Person,Jack Kelly,Jack Kelly,Journalist,USA Today,3,RECORD-00530,1,,
P1965,Person,Jonathan Kreiss-Tomkins,Jonathan Kreiss-Tomkins,Volunteer,Dean Campaign,5,RECORD-00531,1,,
P1966,Person,Sterling Newberry,Sterling Newberry,Co-editor,BOP (The Blogging of the President),4,RECORD-00531,1,,
P1967,Person,Byron E. Calame,Byron E. Calame,Public Editor,The New York Times,7,RECORD-00532,1,,
P1968,Person,Armando,Armando,Blogger,Daily Kos,5,RECORD-00532,1,,
P1969,Person,Mark Howard,Mark Howard,Blogger,News Corpse,5,RECORD-00533,1,,
P1970,Person,Christopher Lydon,Christopher Lydon,Radio Host,Radio Open Source,5,RECORD-00533,1,,
P1971,Person,Bill Harlow,Bill Harlow,Official Spokesman,CIA,5,RECORD-00534,1,,
P1972,Person,James Carville,James Carville,Political Commentator,None,3,RECORD-00534,1,,
P1973,Person,Tom Karr,Tom Karr,Writer,Media Citizen,2,RECORD-00534,1,,
P1974,Person,Garrett M. Graff,Garrett M. Graff,Writer,Fishbowl DC,2,RECORD-00534,1,,
P1975,Person,Sydney Schanberg,Sydney Schanberg,Journalist,Village Voice,3,RECORD-00534,1,,
P1976,Person,Patrick Ruffini,Patrick Ruffini,,None,5,RECORD-00536,1,,
P1977,Person,Nicholas Scibetta,Nicholas Scibetta,Practitioner,Ketchum,6,RECORD-00538,1,,
P1978,Person,Adam Brown,Adam Brown,Practitioner,Ketchum,6,RECORD-00538,1,,
P1979,Person,Kevin Dugan,Kevin Dugan,,Strategic Public Relations,5,RECORD-00538,1,,
P1980,Person,Josh Koenig,Josh Koenig,Developer,"Dean Space, Music for America",4,RECORD-00539,1,,
P1981,Person,Matt Cheney,Matt Cheney,"Researcher, Librarian",National Center for SuperComputing Applications,4,RECORD-00539,1,,
P1982,Person,Steven Berlin Johnson,Steven Berlin Johnson,"Author, technology scholar",None,7,RECORD-00542,1,,
P1983,Person,Dan Conover,Dan Conover,"Newspaper man, entrepreneur",None,6,RECORD-00542,1,,
P1984,Person,David Eaves,David Eaves,Writer,None,6,RECORD-00542,1,,
P1985,Person,Mark Morford,Mark Morford,Columnist,SFGate.com,6,RECORD-00542,1,,
P1986,Person,Allan Mutter,Allan Mutter,"Former newspaper journalist, tech entrepreneur",None,6,RECORD-00542,1,,
P1987,Person,Jack Rosenthal,Jack Rosenthal,Journalist,The New York Times,8,RECORD-00543,1,,
P1988,Person,Linda Wertheimer,Linda Wertheimer,Journalist,NPR,7,RECORD-00543,1,,
P1989,Person,Lee Atwater,Lee Atwater,Political Strategist,Reagan Campaign,7,RECORD-00543,1,,
P1990,Person,Lyn Nofziger,Lyn Nofziger,Senior Advisor,Reagan Campaign,6,RECORD-00543,1,,
P1991,Person,Jim Baker,Jim Baker,Chief of Staff,Reagan White House,6,RECORD-00543,1,,
P1992,Person,Deborah Potter,Deborah Potter,Journalist,"The Christian Science Monitor, CNN, CBS",6,RECORD-00543,1,,
P1993,Person,Dayton Duncan,Dayton Duncan,Campaign Manager,Mondale Campaign,5,RECORD-00543,1,,
P1994,Person,Jill Lawrence,Jill Lawrence,Reporter,USA Today,5,RECORD-00543,1,,
P1995,Person,Karen Schneider,Karen Schneider,Free Range Librarian,,5,RECORD-00544,1,,
P1996,Person,Luke Rosenberger,Luke Rosenberger,,,5,RECORD-00544,1,,
P1997,Person,Rick Edmonds,Rick Edmonds,,,5,RECORD-00544,1,,
P1998,Person,Bob Dole,Bob Dole,Former U.S. Senator,Republican Party,4,RECORD-00545,1,,
P1999,Person,Brett Rogers,Brett Rogers,Blogger,None,3,RECORD-00545,1,,
P2000,Person,Stephen F. Hayes,Stephen F. Hayes,Writer,Weekly Standard,3,RECORD-00545,1,,
P2001,Person,Daniel Henninger,Daniel Henninger,Writer,Opinion Journal,3,RECORD-00545,1,,
P2002,Person,Evan Thomas,Evan Thomas,Journalist,None,3,RECORD-00545,1,,
P2003,Person,Vincent Fiore,Vincent Fiore,Writer,ChronWatch,3,RECORD-00545,1,,
P2004,Person,Swede Hanson,Swede Hanson,Writer,SMU Daily Campus,3,RECORD-00545,1,,
P2005,Person,Michael Moore,Michael Moore,Filmmaker,None,2,RECORD-00545,1,,
P2006,Person,Ralph Peters,Ralph Peters,Writer,New York Post,3,RECORD-00545,1,,
P2007,Person,Bob Rayner,Bob Rayner,Writer,Richmond Times Dispatch,3,RECORD-00545,1,,
P2008,Person,Gordon Sawyer,Gordon Sawyer,Writer,Access North Georgia,3,RECORD-00545,1,,
P2009,Person,John McIntyre,John McIntyre,Writer,Real Clear Politics,3,RECORD-00545,1,,
P2010,Person,Joel Johannesen,Joel Johannesen,Writer,ConservativeGroundswell.com,3,RECORD-00545,1,,
P2011,Person,Av Westin,Av Westin,Former ABC news executive,National Television Academy,5,,1,,
P2012,Person,Murdoch,Murdoch,Publisher,,5,,1,,
P2013,Person,Richard Benedetto,Richard Benedetto,Reporter,Gannett News,6,RECORD-00548,1,,
P2014,Person,Brian Faler,Brian Faler,Reporter,The Washington Post,5,RECORD-00548,1,,
P2015,Person,Rick Lyman,Rick Lyman,Reporter,The New York Times,5,RECORD-00548,1,,
P2016,Person,James Baker,James Baker,"Politician, Pragmatist",None,5,RECORD-00549,1,,
P2017,Person,John DiIulio,John DiIulio,Director of the White House Office of Faith-Based and Community Initiatives,George W. Bush Administration,5,RECORD-00549,1,,
P2018,Person,Amy Goldstein,Amy Goldstein,Journalist,The Washington Post,5,RECORD-00551,1,,
P2019,Person,Carol D. Leonnig,Carol D. Leonnig,Journalist,The Washington Post,5,RECORD-00551,1,,
P2020,Person,Christy Hardin Smith,Christy Hardin Smith,Blogger,Firedoglake,7,RECORD-00551,1,,
P2021,Person,Jeralyn Merritt,Jeralyn Merritt,Blogger,,4,RECORD-00551,1,,
P2022,Person,Scott Shane,Scott Shane,Journalist,The New York Times,5,RECORD-00551,1,,
P2023,Person,Markos Moulitsas Zuniga,Markos Moulitsas Zuniga,Blogger,Daily Kos,4,RECORD-00551,1,,
P2024,Person,Jeff Lomonaco,Jeff Lomonaco,Journalist,Tapped,3,RECORD-00551,1,,
P2025,Person,ValleyGirl,ValleyGirl,Blogger,Firedoglake community,3,RECORD-00551,1,,
P2026,Person,Pachacutec,Pachacutec,Blogger,Firedoglake,3,RECORD-00551,1,,
P2027,Person,Mark Obbie,Mark Obbie,Journalist,"Lawbeat, Syracuse University J-school",4,RECORD-00551,1,,
P2028,Person,Gerald M. Boyd,Gerald M. Boyd,Managing Editor,The New York Times,5,RECORD-00552,1,,
P2029,Person,Craig Whitney,Craig Whitney,Future Standards Editor,The New York Times,3,RECORD-00552,1,,
P2030,Person,Johnny Carson,Johnny Carson,Entertainer,None,2,RECORD-00553,1,,
P2031,Person,Richard Ben Cramer,Richard Ben Cramer,Writer,None,2,RECORD-00553,1,,
P2032,Person,Robert Boynton,Robert Boynton,Professor,NYU,2,RECORD-00553,1,,
P2033,Person,John F. Kennedy,John F. Kennedy,President,None,3,RECORD-00553,1,,
P2034,Person,Margo Hammond,Margo Hammond,Journalist,Poynter,2,RECORD-00553,1,,
P2035,Person,Michiko Kakutani,Michiko Kakutani,Book Critic,The New York Times,2,RECORD-00553,1,,
P2036,Person,Emile Griffith,Emile Griffith,Boxer,None,2,RECORD-00553,1,,
P2037,Person,Benny Paret,Benny Paret,Boxer,None,2,RECORD-00553,1,,
P2038,Person,John Buffalo Mailer,John Buffalo Mailer,Writer,None,2,RECORD-00553,1,,
P2039,Person,Christopher Graff,Christopher Graff,Chief Correspondent,The Associated Press,2,RECORD-00553,1,,
P2040,Person,Bert McCord,Bert McCord,Drama Critic,The New York Herald Tribune,2,RECORD-00553,1,,
P2041,Person,Anna Haynes,Anna Haynes,Contributor,Assignment Zero,8,RECORD-00554,1,,
P2042,Person,Senator Kennedy,Senator Kennedy,,,5,RECORD-00554,1,,
P2043,Person,Markos,Markos,Owner,Daily Kos,7,RECORD-00554,1,,
P2044,Person,Gonzales,Gonzales,,,5,RECORD-00554,1,,
P2045,Person,Louise Slaughter,Louise Slaughter,,,6,RECORD-00554,1,,
P2046,Person,Brian Keeler,Brian Keeler,,,5,RECORD-00554,1,,
P2047,Person,"Rich Heidorn, Jr.","Rich Heidorn, Jr.",Founder,"Tree House Media Project, formerly Philadelphia Inquirer",8,RECORD-00555,1,,
P2048,Person,Jessica DaSilva,Jessica DaSilva,Intern,Tampa Tribune,8,RECORD-00555,1,,
P2049,Person,Janet Coats,Janet Coats,Editor,Tampa Tribune,7,RECORD-00555,1,,
P2050,Person,Colin Mulvanys,Colin Mulvanys,Multimedia Editor,Spokane Newspaper,5,RECORD-00555,1,,
P2051,Person,Bob Sipchen,Bob Sipchen,Worked in Opinion Section,Los Angeles Times,4,RECORD-00555,1,,
P2052,Person,Jim Buckmaster,Jim Buckmaster,CEO,Craigslist,4,RECORD-00556,1,,
P2053,Person,Jules Witcover,Jules Witcover,Journalist,Baltimore Sun,5,RECORD-00557,1,,
P2054,Person,Tom Wolfe,Tom Wolfe,"Journalist, Author",None,5,RECORD-00557,1,,
P2055,Person,Byron LaMasters,Byron LaMasters,,None,2,RECORD-00557,1,,
P2056,Person,Gina Cooper,Gina Cooper,Organizer of Yearly Kos,Yearly Kos,10,RECORD-00558,1,,
P2057,Person,Jose Antonio Vargas,Jose Antonio Vargas,Journalist,The Washington Post,7,RECORD-00558,1,,
P2058,Person,Christopher Lasch,Christopher Lasch,Social Critic and Historian,,7,RECORD-00558,1,,
P2059,Person,Joan McCarter,Joan McCarter,Contributor/Diariest,Daily Kos,7,RECORD-00558,1,,
P2060,Person,Jim Lindgren,Jim Lindgren,,Volokh Conspiracy,5,RECORD-00559,1,,
P2061,Person,Lee Pitts,Lee Pitts,Reporter,Chattanooga Times Free Press,5,RECORD-00559,1,,
P2062,Person,Joseph C. Wilson,Joseph C. Wilson,Diplomat,None,8,RECORD-00560,1,,
P2063,Person,Dan Rottenberg,Dan Rottenberg,Writer,Broad Street Review,6,RECORD-00563,1,,
P2064,Person,Jonathan Neumann,Jonathan Neumann,Former editor,The Inquirer,5,RECORD-00563,1,,
P2065,Person,Nelson Poynter,Nelson Poynter,,,4,RECORD-00563,1,,
P2066,Person,Joe DiStefano,Joe DiStefano,Reporter,The Inquirer,4,RECORD-00563,1,,
P2067,Person,Mark Chesen,Mark Chesen,President,SSG Capital Advisors L.P.,3,RECORD-00563,1,,
P2068,Person,Seth Lehr,Seth Lehr,Partner,LLR Partners Inc.,3,RECORD-00563,1,,
P2069,Person,Anne Gordon,Anne Gordon,Managing Editor,The Inquirer,4,RECORD-00563,1,,
P2070,Person,Andy Barnes,Andy Barnes,Publisher,St. Petersburg Times,4,RECORD-00563,1,,
P2071,Person,Steve Volk,Steve Volk,,,3,RECORD-00563,1,,
P2072,Person,John Schwartz,John Schwartz,Journalist,The New York Times,6,RECORD-00564,1,,
P2073,Person,Mitch Kapor,Mitch Kapor,Entrepreneur,Tech Industry,4,RECORD-00564,1,,
P2074,Person,Jon Lowder,Jon Lowder,Blogger,Winston-Salem,6,RECORD-00564,1,,
P2075,Person,David Steven,David Steven,Blogger,,4,RECORD-00564,1,,
P2076,Person,Cory Bergman,Cory Bergman,Blogger,Lost Remote,4,RECORD-00566,1,,
P2077,Person,Michele McLellan,Michele McLellan,Journalism researcher,ex-Oregonian,7,RECORD-00567,1,,
P2078,Person,Toni Antonellis,Toni Antonellis,Organizational culture expert,,6,RECORD-00567,1,,
P2079,Person,Mike Jenner,Mike Jenner,Executive editor,Bakersfield Californian,7,RECORD-00567,1,,
P2080,Person,John Smalley,John Smalley,Editor,La Crosse (Wis.) Tribune,6,RECORD-00567,1,,
P2081,Person,Melanie Sill,Melanie Sill,Executive editor,The News & Observer,6,RECORD-00567,1,,
P2082,Person,Julia Wallace,Julia Wallace,Editor,Atlanta Journal-Constitution,6,RECORD-00567,1,,
P2083,Person,Bob Zaltsberg,Bob Zaltsberg,Staff,Herald-Times,6,RECORD-00567,1,,
P2084,Person,Robert Jay Lifton,Robert Jay Lifton,Co-Author,None,3,RECORD-00568,1,,
P2085,Person,Upton Sinclair,Upton Sinclair,Socialist Politician,None,4,RECORD-00568,1,,
P2086,Person,Helen Gahagan Douglas,Helen Gahagan Douglas,Politician,None,4,RECORD-00568,1,,
P2087,Person,John Caroll,John Caroll,Editor,Los Angeles Times,8,RECORD-00568,1,,
P2088,Person,Michael Dukakis,Michael Dukakis,Politician,None,3,RECORD-00568,1,,
P2089,Person,Mark Whitaker,Mark Whitaker,Editor,Newsweek,9,RECORD-00569,1,,
P2090,Person,John Barry,John Barry,National Security Correspondent,Newsweek,4,RECORD-00569,1,,
P2091,Person,La Shawn Barber,La Shawn Barber,Blogger,,2,RECORD-00569,1,,
P2092,Person,Danny Schechter,Danny Schechter,"Journalist, Filmmaker",MediaChannel,7,,1,,
P2093,Person,Christopher Dodd,Christopher Dodd,Senator,Unspecified,5,,1,,
P2094,Person,Rony Albovitz,Rony Albovitz,Blogger,World Economic Forum,6,,1,,
P2095,Person,Joshua Marshall,Joshua Marshall,Journalist,,6,RECORD-00571,1,,
P2096,Person,John Conyers,John Conyers,Politician,,5,RECORD-00571,1,,
P2097,Person,Jefferson Morley,Jefferson Morley,Journalist,Washington Post,5,RECORD-00571,1,,
P2098,Person,Kate Parry,Kate Parry,Reader representative,Star-Tribune,4,RECORD-00571,1,,
P2099,Person,Dennis McGrath,Dennis McGrath,Nation & world editor,Star-Tribune,4,RECORD-00571,1,,
P2100,Person,Sharon Schmickle,Sharon Schmickle,Reporter,Star-Tribune,4,RECORD-00571,1,,
P2101,Person,Jim Cox,Jim Cox,Senior assignment editor for foreign news,USA Today,4,RECORD-00571,1,,
P2102,Person,Deborah Seward,Deborah Seward,International editor,Associated Press,4,RECORD-00571,1,,
P2103,Person,Mark Danner,Mark Danner,Writer,New York Review of Books,5,RECORD-00571,1,,
P2104,Person,Michael Smith,Michael Smith,Journalist,Times of London,6,RECORD-00571,1,,
P2105,Person,Jerry Killian,Jerry Killian,Military Officer,,3,RECORD-00571,1,,
P2106,Person,Bob Fesmire,Bob Fesmire,Website Operator,downingstreetmemo.com,3,RECORD-00571,1,,
P2107,Person,Jon Lebkowsky,Jon Lebkowsky,Editor,O’Reilly Books,4,RECORD-00573,1,,
P2108,Person,Tim Dunlop,Tim Dunlop,,,4,RECORD-00573,1,,
P2109,Person,Tabitha Soren,Tabitha Soren,Journalist,MTV,4,RECORD-00574,1,,
P2110,Person,Octavio Paz,Octavio Paz,Poet,Mexico,6,RECORD-00574,1,,
P2111,Person,Chris Hanson,Chris Hanson,Journalism Professor,None,4,RECORD-00575,1,,
P2112,Person,Jim O’Sullivan,Jim O’Sullivan,Blogger,None,3,RECORD-00575,1,,
P2113,Person,Sylvie,Sylvie,"Fifth Grader, Blogger",N/A,5,RECORD-00576,1,,
P2114,Person,Julia Jarvis,Julia Jarvis,"Fifth Grader, Blogger",N/A,4,RECORD-00576,1,,
P2115,Person,Luigi Montanez,Luigi Montanez,Writer,Tech President,3,RECORD-00576,1,,
P2116,Person,Adrian Monck,Adrian Monck,N/A,N/A,3,RECORD-00576,1,,
P2117,Person,Bill Kinnon,Bill Kinnon,Blogger,N/A,3,RECORD-00576,1,,
P2118,Person,Jürgen Habermas,Jürgen Habermas,,,7,RECORD-00577,1,,
P2119,Person,Tom Goldstein,Tom Goldstein,Dean of the Graduate School of Journalism,Columbia University,2,RECORD-00577,1,,
P2120,Person,Alan Brinkley,Alan Brinkley,Provost,Columbia University,6,RECORD-00578,1,,
P2121,Person,Camille Paglia,Camille Paglia,"Academic, Social Critic",None,4,RECORD-00580,1,,
P2122,Person,George Moles,George Moles,Host of This Week,None,4,RECORD-00581,1,,
P2123,Person,Jimmy Carter,Jimmy Carter,Former President of the United States,None,3,RECORD-00581,1,,
P2124,Person,Adam Ragusea,Adam Ragusea,"Journalist, Podcast Host","Current, Mercer University",8,,1,,
P2125,Person,Mike Janssen,Mike Janssen,Supervising Producer,Current,4,,1,,
P2126,Person,Rachel Martin,Rachel Martin,Journalist,NPR,4,,1,,
P2127,Person,Rob Jesmer,Rob Jesmer,Republican Strategist,None,4,,1,,
P2128,Person,Christopher Simpson,Christopher Simpson,,None,5,,1,,
P2129,Person,Lisa Simeone,Lisa Simeone,,None,4,,1,,
P2130,Person,Jim Zarroli,Jim Zarroli,Business Reporter,NPR,6,,1,,
P2131,Person,Taylor Owen,Taylor Owen,Media Scholar,Unknown (Leads a lab studying online spaces),8,RECORD-00584,1,,
P2132,Person,Joe Rogan,Joe Rogan,Influencer,Unknown,3,RECORD-00584,1,,
P2133,Person,Nancy Gibbs,Nancy Gibbs,Shorenstein Center Director and Edward R. Murrow Professor,Harvard Kennedy School,8,RECORD-00588,1,,
P2134,Person,Timothy Snyder,Timothy Snyder,Yale Historian,Yale University,5,RECORD-00588,1,,
P2135,Person,Nicholas Johnson,Nicholas Johnson,former FCC commissioner,FCC,8,RECORD-00590,1,,
P2136,Person,Wesley Lowery,Wesley Lowery,Reporter,The Washington Post,5,RECORD-00591,1,,
P2137,Person,Felicia Sonmez,Felicia Sonmez,Reporter,The Washington Post,5,RECORD-00591,1,,
P2138,Person,Terry Moran,Terry Moran,Journalist,ABC News,9,RECORD-00591,1,,
P2139,Person,Stephen Miller,Stephen Miller,White House Official,Donald Trump Administration,6,RECORD-00591,1,,
P2140,Person,George Stephanopoulos,George Stephanopoulos,Journalist,ABC News,5,RECORD-00591,1,,
P2141,Person,E. Jean Carroll,E. Jean Carroll,,None,4,RECORD-00591,1,,
P2142,Person,Tom Jones,Tom Jones,Media Columnist,Poynter,5,RECORD-00591,1,,
P2143,Person,Isabella Simonetti,Isabella Simonetti,,The Wall Street Journal,4,RECORD-00591,1,,
P2144,Person,Katherine Blunt,Katherine Blunt,,The Wall Street Journal,4,RECORD-00591,1,,
P2145,Person,Nicholas Thompson,Nicholas Thompson,Chief Executive,The Atlantic,5,RECORD-00591,1,,
P2146,Person,Howard Ziff,Howard Ziff,,None,5,RECORD-00591,1,,
P2147,Person,Paul LeBlanc,Paul LeBlanc,Former President,Southern New Hampshire University,8,RECORD-00592,1,,
P2148,Person,Isaac Kamola,Isaac Kamola,Professor of Political Science,Trinity College,7,RECORD-00592,1,,
P2149,Person,Paul Novosad,Paul Novosad,Economics Professor,Dartmouth College,6,RECORD-00592,1,,
P2150,Person,Josh Shepperd,Josh Shepperd,Media Studies Professor,University of Colorado at Boulder,6,RECORD-00592,1,,
P2151,Person,James Bisbee,James Bisbee,Political Science Professor,Vanderbilt University,5,RECORD-00592,1,,
P2152,Person,Neil Budde,Neil Budde,,Yahoo,4,RECORD-00593,1,,
P2153,Person,Jennifer Mercieca,Jennifer Mercieca,Historian of political rhetoric,Texas A&M University,6,RECORD-00594,1,,
P2154,Person,Victor Pickard,Victor Pickard,Media studies professor,University of Pennsylvania,5,RECORD-00594,1,,
P2155,Person,Parker Molloy,Parker Molloy,Media critic,None,5,RECORD-00594,1,,
P2156,Person,Dean Baker,Dean Baker,Media critic,Center for Economic and Policy Research,5,RECORD-00594,1,,
P2157,Person,Hamilton Nolan,Hamilton Nolan,Labor reporter,In These Times,4,RECORD-00594,1,,
P2158,Person,Joanne Lipman,Joanne Lipman,Former chief content officer,Gannett,5,RECORD-00594,1,,
P2159,Person,Heather Cox Richardson,Heather Cox Richardson,History professor,None,5,RECORD-00594,1,,
P2160,Person,Sewell Chan,Sewell Chan,Editor,Texas Tribune,5,RECORD-00594,1,,
P2161,Person,Trevor Noah,Trevor Noah,Host,The Daily Show,8,RECORD-00595,1,,
P2162,Person,Baratunde Thurston,Baratunde Thurston,Former Producer,The Daily Show,5,RECORD-00595,1,,
P2163,Person,Anthony De Rosa,Anthony De Rosa,Daily Show Staff,The Daily Show,5,RECORD-00595,1,,
P2164,Person,Bill Adair,Bill Adair,,,4,RECORD-00595,1,,
P2165,Person,Sharron Angle,Sharron Angle,,None,2,RECORD-00597,1,,
P2166,Person,Joshua Bolten,Joshua Bolten,White House Chief of Staff,White House,4,RECORD-00599,1,,
P2167,Person,Jonathan Rauch,Jonathan Rauch,"Author, Brookings Institution",Brookings Institution,6,RECORD-00601,1,,
P2168,Person,Julia Angwin,Julia Angwin,Technology Journalist,None,8,RECORD-00603,1,,
P2169,Person,Rachel Lobdell,Rachel Lobdell,Executive Director,News Creator Corps,8,RECORD-00603,1,,
P2170,Person,Major Garrett,Major Garrett,Chief White House Correspondent,CBS News,5,RECORD-00604,1,,
P2171,Person,Alexandra Ellerbeck,Alexandra Ellerbeck,North America program coordinator,Committee to Protect Journalists,5,RECORD-00604,1,,
P2172,Person,Joel Simon,Joel Simon,Executive director,Committee to Protect Journalists,5,RECORD-00604,1,,
P2173,Person,Kent Jones,Kent Jones,Host,Mother Jones,9,RECORD-00605,1,,
P2174,Person,Geraldo M. Capri,Geraldo M. Capri,Harvard Professor and Immigration Expert,Harvard University,8,RECORD-00605,1,,
P2175,Person,Anna Nicole Smith,Anna Nicole Smith,"Doctor, Expert in Prescription Drug Abuse",None,7,RECORD-00605,1,,
P2176,Person,Robert L. Park,Robert L. Park,Professor of Physics,University of Maryland,4,,1,,
P2177,Person,Maxwell T. Boykoff,Maxwell T. Boykoff,Media Scholar,None,5,,1,,
P2178,Person,Jules M. Boykoff,Jules M. Boykoff,Media Scholar,None,5,,1,,
P2179,Person,Steve Inskeep,Steve Inskeep,Journalist,NPR,3,RECORD-00609,1,,
P2180,Person,Jean Baudrillard,Jean Baudrillard,French Theorist,,5,,1,,
P2181,Person,Joy Behar,Joy Behar,Co-host,The View,9,RECORD-00612,1,,
P2182,Person,Alyssa Farah Griffin,Alyssa Farah Griffin,Co-host,The View,8,RECORD-00612,1,,
P2214,Person,Paul DiMaggio and Walter Powell,paul dimaggio and walter powell,Sociologists,,7,RECORD-00097,1,,Created during relationship repair on 2026-01-06
W0001,Work,Over There: From the Bronx to Baghdad,Over There: From the Bronx to Baghdad,,,7,RECORD-00004,2,,
W0003,Work,Bush Secretly Lifted Some Limits on Spying in U.S.,Bush Secretly Lifted Some Limits on Spying in U.S.,,,8,RECORD-00005,1,,
W0004,Work,USA Patriot Act,USA Patriot Act,,,6,RECORD-00005,1,,
W0005,Work,State of War: The Secret History of the CIA and the Bush Administration,State of War: The Secret History of the CIA and the Bush Administration,,,6,RECORD-00005,1,,
W0006,Work,Preserving Our Readers’ Trust: A Report to the Executive Editor,Preserving Our Readers’ Trust: A Report to the Executive Editor,,,5,RECORD-00005,1,,
W0007,Work,Reporter’s Essay,Reporter’s Essay,,,5,RECORD-00005,1,,
W0008,Work,Does the New York Times Have a Learning Disability?,Does the New York Times Have a Learning Disability?,,,4,RECORD-00005,1,,
W0009,Work,Reading Lolita in Tehran,Reading Lolita in Tehran,Book,,5,,1,,
W0010,Work,Obama’s youthful drug use,Obama’s youthful drug use,,,6,,1,,
W0011,Work,Hillary’s marriage as Topic A among prominent Democrats,Hillary’s marriage as Topic A among prominent Democrats,,,6,,1,,
W0012,Work,McCain’s friendship with a lobbyist,McCain’s friendship with a lobbyist,,,6,,1,,
W0013,Work,"We Scream, We Swoon. How Dumb Can We Get?","We Scream, We Swoon. How Dumb Can We Get?",,,9,,1,,
W0014,Work,The Fact Checker,The Fact Checker,,,7,,1,,
W0015,Work,Thomas Nagel book (1986),Thomas Nagel book (1986),,None,3,RECORD-00020,1,,
W0017,Work,why the 2020s could be as dangerous as the 1850s,why the 2020s could be as dangerous as the 1850s,,,7,RECORD-00023,1,,
W0019,Work,Build Back Better Act,Build Back Better Act,,,9,RECORD-00028,1,,
W0020,Work,Why Political Coverage is Broken,Why Political Coverage is Broken,,,7,RECORD-00029,2,,
W0021,Work,It’s Even Worse Than It Looks,It’s Even Worse Than It Looks,,,7,RECORD-00029,1,,
W0022,Work,Google Documents,Google Documents,,,5,RECORD-00030,1,,
W0023,Work,Survey Monkey,Survey Monkey,,,5,RECORD-00030,1,,
W0024,Work,Two Paths Forward for the American Press,Two Paths Forward for the American Press,,,8,RECORD-00031,1,,
W0025,Work,Journal of Communication,Journal of Communication,,,5,RECORD-00034,1,,
W0027,Work,Trump in the Media,Trump in the Media,,,8,RECORD-00035,1,,
W0028,Work,State of War,State of War,,,7,RECORD-00037,1,,
W0029,Work,What Are Journalists For?,What Are Journalists For?,,,8,RECORD-00038,13,,
W0030,Work,Public Journalism: Theory and Practice,Public Journalism: Theory and Practice,,,6,RECORD-00038,1,,
W0031,Work,See How They Run,See How They Run,,,5,RECORD-00043,5,,
W0032,Work,Deciding What's News,Deciding What's News,,,3,RECORD-00043,2,,
W0033,Work,Making News,Making News,,,3,RECORD-00043,1,,
W0034,Work,Amusing Ourselves to Death,Amusing Ourselves to Death,,,7,RECORD-00045,3,,
W0036,Work,Off the Bus,Off the Bus,,,7,RECORD-00045,1,,
W0037,Work,The Coming Battle for the Media,The Coming Battle for the Media,,,4,RECORD-00046,1,,
W0038,Work,The Power Game: How Washington Works,The Power Game: How Washington Works,,,5,RECORD-00047,1,,
W0039,Work,"Column dated November 6, 2020","Column dated November 6, 2020",,,6,RECORD-00048,1,,
W0040,Work,Battleship Newspaper,Battleship Newspaper,,,6,RECORD-00050,1,,
W0041,Work,Platformer,Platformer,,,7,RECORD-00051,1,,
W0042,Work,The View from Somewhere: Undoing the Myth of Journalistic Objectivity,The View from Somewhere: Undoing the Myth of Journalistic Objectivity,,,3,RECORD-00051,1,,
W0043,Work,Questions and Answers About PressThink,Questions and Answers About PressThink,,,3,RECORD-00051,1,,
W0044,Work,Boiling Point,Boiling Point,,,3,RECORD-00051,1,,
W0045,Work,Democracy in Peril,Democracy in Peril,CNN show,,7,RECORD-00053,1,,
W0046,Work,How Fascism Works,How Fascism Works,Book,,5,RECORD-00054,1,,
W0047,Work,Rise and Fall of the Third Reich,Rise and Fall of the Third Reich,Book,,5,RECORD-00054,1,,
W0048,Work,Brief But Spectacular,Brief But Spectacular,Series,PBS NewsHour,9,,1,,
W0049,Work,Watergate Scandal,Watergate Scandal,,,6,RECORD-00057,1,,
W0050,Work,Trump's tweets,Trump's tweets,Social Media Posts,,7,RECORD-00058,1,,
W0051,Work,Spotlight,Spotlight,Movie,,7,RECORD-00058,1,,
W0053,Work,Sopa,Sopa,Legislation,,7,RECORD-00061,1,,
W0054,Work,op-ed,op-ed,,,5,RECORD-00062,1,,
W0055,Work,Matthew Green's Blog Post on NSA Encryption,Matthew Green's Blog Post on NSA Encryption,,,10,RECORD-00064,1,,
W0056,Work,Running Records for Classroom Teachers,Running Records for Classroom Teachers,,,8,RECORD-00068,1,,
W0057,Work,The Impossible Press,The Impossible Press,,,6,RECORD-00073,1,,
W0058,Work,By the People,By the People,,,5,RECORD-00073,1,,
W0059,Work,The Local – East Village,The Local – East Village,Hyper-local blog,,7,RECORD-00074,2,,
W0060,Work,The Agony and the Ecstasy of Steve Jobs,The Agony and the Ecstasy of Steve Jobs,,,6,RECORD-00075,1,,
W0062,Work,Matter of Fact with Soledad O’Brien,Matter of Fact with Soledad O’Brien,TV Program,,6,RECORD-00083,2,,
W0063,Work,30 for 30,30 for 30,Documentary Series,,6,RECORD-00083,1,,
W0064,Work,Real Sports,Real Sports,Sports Program,,5,RECORD-00084,1,,
W0065,Work,Global Voices,Global Voices,Blog,,7,RECORD-00085,1,,
W0066,Work,What are journalist for,What are journalist for,Book,,7,RECORD-00085,1,,
W0067,Work,Network,Network,Movie,,6,RECORD-00085,1,,
W0068,Work,The Public and Its Problems,The Public and Its Problems,,,6,RECORD-00086,1,,
W0069,Work,Democracy in America,Democracy in America,,,4,RECORD-00086,1,,
W0070,Work,Coming to Public Judgment,Coming to Public Judgment,,,4,RECORD-00086,1,,
W0072,Work,The Christmas Eve Confessions of Chuck Todd,The Christmas Eve Confessions of Chuck Todd,,,8,RECORD-00088,1,,
W0073,Work,Alternative Facts: Inside the Weaponization of Disinformation,Alternative Facts: Inside the Weaponization of Disinformation,,,7,RECORD-00088,1,,
W0075,Work,The Drudge Report,The Drudge Report,News Website,,6,RECORD-00094,1,,
W0076,Work,Trump's Next Coup Has Already Begun,Trump's Next Coup Has Already Begun,,,10,RECORD-00096,1,,
W0077,Work,Trump Urges Unity vs. Racism,Trump Urges Unity vs. Racism,Headline,The New York Times,7,RECORD-00099,1,,
W0078,Work,All the News that’s Fit to Print,All the News that’s Fit to Print,,,9,RECORD-00101,2,,
W0080,Work,Regret the Error,Regret the Error,,,5,RECORD-00103,1,,
W0082,Work,Tampa Bay Times,Tampa Bay Times,Publication,Times Publishing Company,4,RECORD-00106,1,,
W0083,Work,Creativist,Creativist,Publishing Platform,The Atavist,4,RECORD-00106,1,,
W0084,Work,NewAssignment.net,NewAssignment.net,,,10,RECORD-00107,6,,
W0085,Work,Constitution,Constitution,,,6,,1,,
W0086,Work,The Memo,The Memo,,,10,RECORD-00109,2,,
W0087,Work,back-to-iraq.com,back-to-iraq.com,Blog,Chris Allbritton,7,RECORD-00110,2,,
W0088,Work,Siegal Report,Siegal Report,Internal investigation report,The New York Times,7,RECORD-00110,9,,
W0089,Work,A History of News,A History of News,Book,Mitchell Stephens,4,RECORD-00110,2,,
W0090,Work,The Postmodern Condition,The Postmodern Condition,,,4,RECORD-00111,1,,
W0091,Work,Patriot Act,Patriot Act,,,8,RECORD-00112,4,,
W0092,Work,California Insider,California Insider,Weblog,,8,RECORD-00119,4,,
W0093,Work,Breaking the News,Breaking the News,,,7,RECORD-00121,3,,
W0094,Work,two-percent solution,two-percent solution,,,5,RECORD-00121,2,,
W0096,Work,American Ground: Unbuilding the World Trade Center,American Ground: Unbuilding the World Trade Center,Book,None,10,RECORD-00126,2,,
W0097,Work,The End of the Modern Era,The End of the Modern Era,,,5,RECORD-00128,1,,
W0098,Work,The West Wing,The West Wing,,,5,RECORD-00128,2,,
W0100,Work,Book on serious journalism,Book on serious journalism,,,3,RECORD-00130,1,,
W0101,Work,The Boys on the Bus,The Boys on the Bus,,,7,RECORD-00131,4,,
W0102,Work,Professional Public Relations and Political Power,Professional Public Relations and Political Power,,,5,RECORD-00131,1,,
W0103,Work,Capital Gang,Capital Gang,,,3,RECORD-00132,1,,
W0105,Work,The Warriors,The Warriors,,,4,RECORD-00135,1,,
W0106,Work,If the Gray Lady Could Blog,If the Gray Lady Could Blog,,,6,RECORD-00137,1,,
W0107,Work,Journalistic Fraud,Journalistic Fraud,,,5,RECORD-00137,1,,
W0109,Work,Fresh Air,Fresh Air,,,4,RECORD-00138,3,,
W0110,Work,The Story Behind the Story,The Story Behind the Story,Column,Los Angeles Times,8,RECORD-00139,1,,
W0111,Work,The Disappearance of Childhood,The Disappearance of Childhood,,,8,RECORD-00140,1,,
W0112,Work,Technopoly,Technopoly,,,7,RECORD-00140,1,,
W0113,Work,Understanding Media,Understanding Media,,,4,RECORD-00140,1,,
W0114,Work,Teaching as a Subversive Activity,Teaching as a Subversive Activity,,,6,RECORD-00140,1,,
W0115,Work,Gonzo Marketing,Gonzo Marketing,Book,Chris Locke,4,RECORD-00141,2,,
W0118,Work,E-Media Tidbits column,E-Media Tidbits column,,,3,RECORD-00144,1,,
W0119,Work,Best of the Web Today,Best of the Web Today,Column,,5,RECORD-00145,1,,
W0121,Work,Kristof Responds,Kristof Responds,Weblog,,8,RECORD-00145,2,,
W0122,Work,Journey to Vatican III,Journey to Vatican III,Weblog,,4,RECORD-00145,1,,
W0123,Work,The Values and Craft of American Journalism,The Values and Craft of American Journalism,Book,None,5,RECORD-00147,2,,
W0124,Work,Hiroshima,Hiroshima,Book,None,5,RECORD-00147,1,,
W0125,Work,The Paranoid Style in American Politics,The Paranoid Style in American Politics,Book,None,6,RECORD-00149,3,,
W0126,Work,Inside Edition,Inside Edition,Syndicated News Program,None,5,RECORD-00149,2,,
W0127,Work,Who's Looking Out for You?,Who's Looking Out for You?,Book,None,6,RECORD-00149,1,,
W0128,Work,Killing the Buddha: A Heretic’s Bible,Killing the Buddha: A Heretic’s Bible,,,5,RECORD-00150,2,,
W0129,Work,Kill Bill,Kill Bill,,,7,RECORD-00150,1,,
W0130,Work,Passion,Passion,,,5,RECORD-00150,1,,
W0131,Work,Fear and Loathing on the Campaign Trail,Fear and Loathing on the Campaign Trail,,,6,RECORD-00154,2,,
W0132,Work,Democracy on Trial,Democracy on Trial,,,7,RECORD-00154,2,,
W0133,Work,Maybe Media Bias Has Become a Dumb Debate,Maybe Media Bias Has Become a Dumb Debate,,,7,RECORD-00155,1,,
W0135,Work,Goodbye Gutenberg,Goodbye Gutenberg,Book,,5,RECORD-00159,1,,
W0136,Work,On Photography,On Photography,Book,,6,RECORD-00159,1,,
W0137,Work,The Making of the President,The Making of the President,,,6,RECORD-00160,2,,
W0138,Work,The Selling of the President,The Selling of the President,,,6,RECORD-00160,2,,
W0139,Work,DeanSpace,DeanSpace,,,6,RECORD-00160,3,,
W0140,Work,Howard Dean Connection,Howard Dean Connection,,,6,RECORD-00160,1,,
W0141,Work,Where Were You When Elvis Died?,Where Were You When Elvis Died?,,,4,RECORD-00160,1,,
W0143,Work,An Advocate for Times Readers Introduces Himself,An Advocate for Times Readers Introduces Himself,Column,The New York Times,7,RECORD-00162,1,,
W0144,Work,Emergence,Emergence,Book,None,5,RECORD-00164,2,,
W0145,Work,How They Run,How They Run,Book,None,3,RECORD-00164,1,,
W0146,Work,New Year’s Resolutions,New Year’s Resolutions,Column,The New York Times,6,RECORD-00166,2,,
W0147,Work,The Great Unraveling,The Great Unraveling,Book,None,5,RECORD-00166,2,,
W0148,Work,No One Owns Journalism,No One Owns Journalism,Essay,,8,RECORD-00167,1,,
W0150,Work,PBS Newshour,PBS Newshour,Television Program,,5,RECORD-00170,1,,
W0151,Work,emdashes,emdashes,,,4,RECORD-00173,2,,
W0152,Work,When we are Needed,When we are Needed,,,5,RECORD-00173,1,,
W0153,Work,Notes and Comment on BlogHer ‘05,Notes and Comment on BlogHer ‘05,,,6,RECORD-00173,1,,
W0154,Work,CBS Report,CBS Report,,,7,RECORD-00174,1,,
W0155,Work,Roll Forward: Why the Bush White House Needs the Press to Win the Big One,Roll Forward: Why the Bush White House Needs the Press to Win the Big One,,,9,RECORD-00175,1,,
W0156,Work,Politics 2.0 package,Politics 2.0 package,Special package,Mother Jones,9,RECORD-00177,1,,
W0157,Work,Are We Headed for an Opposition Press?,Are We Headed for an Opposition Press?,Essay,,6,RECORD-00178,2,,
W0158,Work,60 Minutes: Wednesday,60 Minutes: Wednesday,,,7,RECORD-00179,1,,
W0159,Work,Why journalists must learn the values of the blogging revolution,Why journalists must learn the values of the blogging revolution,,,3,RECORD-00180,1,,
W0160,Work,Downie's book about protecting serious journalism,Downie's book about protecting serious journalism,,,4,,1,,
W0161,Work,The Fading Mystique of an Objective Press,The Fading Mystique of an Objective Press,,,8,RECORD-00183,2,,
W0162,Work,The Lex Files,The Lex Files,,,5,RECORD-00184,1,,
W0164,Work,Brian Lehrer Show’s Crowdsourcing Project: Are You Being Gouged?,Brian Lehrer Show’s Crowdsourcing Project: Are You Being Gouged?,,,6,RECORD-00185,1,,
W0165,Work,Plan of Attack,Plan of Attack,,,3,RECORD-00187,1,,
W0167,Work,Navigating Through the New Media Democracy,Navigating Through the New Media Democracy,,,4,RECORD-00190,1,,
W0168,Work,Common Sense,Common Sense,,,6,RECORD-00190,1,,
W0169,Work,tompaine.com,tompaine.com,,,4,RECORD-00190,1,,
W0170,Work,Freedom in the World,Freedom in the World,,,5,RECORD-00190,1,,
W0171,Work,Lateline,Lateline,,,3,RECORD-00193,1,,
W0172,Work,We the Media,We the Media,Book,,6,RECORD-00195,6,,
W0173,Work,Foolish Mobs: Why Does The Networked Left Keep Losing?,Foolish Mobs: Why Does The Networked Left Keep Losing?,Article,,4,RECORD-00195,1,,
W0174,Work,To Slog or to Blog: Is the Future of Media in the Blog?,To Slog or to Blog: Is the Future of Media in the Blog?,Article,,4,RECORD-00195,1,,
W0175,Work,Fear and Laptops on the Campaign Trail,Fear and Laptops on the Campaign Trail,Article,,4,RECORD-00195,1,,
W0176,Work,Unfit for Command,Unfit for Command,Book,None,6,RECORD-00196,1,,
W0177,Work,Veterans Battle Over the Truth,Veterans Battle Over the Truth,Article,Los Angeles Times,5,RECORD-00196,1,,
W0178,Work,Friendly Fire: The Birth of an Anti-Kerry Ad,Friendly Fire: The Birth of an Anti-Kerry Ad,Article,The New York Times,5,RECORD-00196,1,,
W0179,Work,Swift Boat Accounts Incomplete,Swift Boat Accounts Incomplete,Article,The Washington Post,5,RECORD-00196,1,,
W0181,Work,Blue Plate Special,Blue Plate Special,Spin-off site,,9,RECORD-00198,1,,
W0182,Work,About Last Night,About Last Night,Blog,,5,RECORD-00198,2,,
W0183,Work,Politics From Left to Right,Politics From Left to Right,Blog,,5,RECORD-00198,2,,
W0184,Work,Spot On,Spot On,Blog,,6,RECORD-00198,1,,
W0187,Work,The Last Presses,The Last Presses,,,4,RECORD-00199,1,,
W0189,Work,Nothing But Net,Nothing But Net,,,4,RECORD-00201,1,,
W0190,Work,Change for America,Change for America,Weblog,,5,RECORD-00204,1,,
W0191,Work,Polling Place Photo Project,Polling Place Photo Project,,,10,RECORD-00205,1,,
W0192,Work,The Economic Scene,The Economic Scene,Column,,6,RECORD-00206,1,,
W0193,Work,Reporting Live,Reporting Live,Book,CBS News,5,RECORD-00207,1,,
W0194,Work,Behind the Scenes,Behind the Scenes,Book,Reagan Administration,3,RECORD-00207,1,,
W0195,Work,The Power of News,The Power of News,Book,None,5,RECORD-00207,1,,
W0196,Work,On Bended Knee: The Press and the Reagan Presidency,On Bended Knee: The Press and the Reagan Presidency,Book,None,4,RECORD-00207,1,,
W0197,Work,AP account,AP account,,,4,RECORD-00208,1,,
W0198,Work,Time for a change: The Associated Press as Napsterized news,Time for a change: The Associated Press as Napsterized news,,,6,RECORD-00208,1,,
W0199,Work,A misguided slap at AP,A misguided slap at AP,,,4,RECORD-00208,1,,
W0200,Work,Three Political Web Logs Make a Run for the Mainstream,Three Political Web Logs Make a Run for the Mainstream,,,4,RECORD-00208,1,,
W0201,Work,The Submarine,The Submarine,,,5,RECORD-00208,1,,
W0202,Work,Political Jihad and the American Blog: Chris Satullo Raises the Stakes,Political Jihad and the American Blog: Chris Satullo Raises the Stakes,,,6,RECORD-00209,1,,
W0203,Work,Cries of ‘media bias’ hide sloppy thinking,Cries of ‘media bias’ hide sloppy thinking,,,7,RECORD-00209,1,,
W0204,Work,Citizens raise their voices about Philadelphia,Citizens raise their voices about Philadelphia,,,4,RECORD-00209,1,,
W0205,Work,Stolen Honor: Wounds That Never Heal,Stolen Honor: Wounds That Never Heal,,,9,RECORD-00211,1,,
W0206,Work,The Bay Area is Talking,The Bay Area is Talking,Aggregator Site,,5,RECORD-00212,1,,
W0207,Work,Nashville is Talking,Nashville is Talking,Aggregator Site,,5,RECORD-00212,1,,
W0209,Work,Facts About the State of Blogging at America’s 100 Biggest Newspapers,Facts About the State of Blogging at America’s 100 Biggest Newspapers,Report,,6,RECORD-00212,1,,
W0210,Work,Comment is free,Comment is free,Blog,,9,RECORD-00212,1,,
W0211,Work,Newsroom codes of ethics: Let’s pretend our reporters don’t think at all!,Newsroom codes of ethics: Let’s pretend our reporters don’t think at all!,,,6,RECORD-00213,1,,
W0212,Work,Of Course Ted Koppel Was Making a Political Statement. So What?,Of Course Ted Koppel Was Making a Political Statement. So What?,,,5,RECORD-00213,1,,
W0213,Work,What’s Radical About the Weblog Form in Journalism,What’s Radical About the Weblog Form in Journalism,,,7,RECORD-00214,1,,
W0216,Work,Why Do Paul Krugman’s New Year’s Resolutions Lack Resolve?,Why Do Paul Krugman’s New Year’s Resolutions Lack Resolve?,,,6,RECORD-00214,1,,
W0217,Work,The President’s Secret Flight to Baghdad,The President’s Secret Flight to Baghdad,,,6,RECORD-00214,1,,
W0219,Work,The Other Bias at Fox News: Volume,The Other Bias at Fox News: Volume,,,6,RECORD-00214,1,,
W0220,Work,Brain Food for BloggerCon: Journalism and Weblogging in Their Corrected Fullness,Brain Food for BloggerCon: Journalism and Weblogging in Their Corrected Fullness,,,6,RECORD-00214,1,,
W0221,Work,PressThink Basics: The Master Narrative in Journalism,PressThink Basics: The Master Narrative in Journalism,,,6,RECORD-00214,1,,
W0222,Work,Adopt a Campaign Journalist in 2004: The Drift of a Suggestion,Adopt a Campaign Journalist in 2004: The Drift of a Suggestion,,,6,RECORD-00214,1,,
W0223,Work,"Die, Strategy News","Die, Strategy News",,,6,RECORD-00214,1,,
W0224,Work,A Politics that is Dumber than Spam,A Politics that is Dumber than Spam,,,6,RECORD-00214,1,,
W0225,Work,Why Karen Ryan Deserved What She Got,Why Karen Ryan Deserved What She Got,,,6,RECORD-00214,1,,
W0226,Work,Thoughts on the Killing of a Young Correspondent,Thoughts on the Killing of a Young Correspondent,,,6,RECORD-00214,1,,
W0227,Work,Neil Postman (1931-2003): Some Recollections,Neil Postman (1931-2003): Some Recollections,,,6,RECORD-00214,1,,
W0228,Work,Unbuilding at Ground Zero and Rebuilding in Iraq,Unbuilding at Ground Zero and Rebuilding in Iraq,,,6,RECORD-00214,1,,
W0229,Work,Off the Grid Journalism,Off the Grid Journalism,,,6,RECORD-00214,1,,
W0230,Work,“The View From Iraq is Getting Narrower Just as Things Are Getting Worse…”,“The View From Iraq is Getting Narrower Just as Things Are Getting Worse…”,,,6,RECORD-00214,1,,
W0231,Work,Journalism Is Itself a Religion: Special Essay on Launch of The Revealer,Journalism Is Itself a Religion: Special Essay on Launch of The Revealer,,,6,RECORD-00214,1,,
W0232,Work,The Siegal Report: A Triumph of Self Reflection at the New York Times,The Siegal Report: A Triumph of Self Reflection at the New York Times,,,6,RECORD-00214,1,,
W0233,Work,Horse Race Now! Horse Race Tomorrow! Horse Race Forever!,Horse Race Now! Horse Race Tomorrow! Horse Race Forever!,,,6,RECORD-00214,1,,
W0234,Work,Bill O’Reilly and the Paranoid Style in News,Bill O’Reilly and the Paranoid Style in News,,,6,RECORD-00214,1,,
W0237,Work,Abused by the News,Abused by the News,Website,None,6,RECORD-00215,1,,
W0238,Work,Life magazine 'ONE WEEK'S TOLL',Life magazine 'ONE WEEK'S TOLL',,,6,RECORD-00216,1,,
W0239,Work,"The War, the Press, and Democracy","The War, the Press, and Democracy",,,4,RECORD-00216,1,,
W0240,Work,Farnaz Fassihi's e-mail,Farnaz Fassihi's e-mail,Private e-mail about Iraq,None,9,RECORD-00217,1,,
W0241,Work,Blogs: All the noise that fits,Blogs: All the noise that fits,,,8,RECORD-00218,2,,
W0242,Work,Working notes by a Canadian politics reporter,Working notes by a Canadian politics reporter,Blog,David Akin,6,RECORD-00219,1,,
W0243,Work,Saving Journalism,Saving Journalism,Essay,CJR,7,RECORD-00220,1,,
W0244,Work,Abandoning the News,Abandoning the News,Report,Carnegie Corporation,6,RECORD-00220,1,,
W0245,Work,In Praise of Amateurs,In Praise of Amateurs,,,4,RECORD-00223,1,,
W0246,Work,Micro Persuasion weblog,Micro Persuasion weblog,,,7,RECORD-00224,1,,
W0247,Work,Re-thinking PR,Re-thinking PR,,,7,RECORD-00224,1,,
W0248,Work,Cablenewser,Cablenewser,,,7,RECORD-00224,1,,
W0249,Work,The Conversation of Journalism,The Conversation of Journalism,,,5,RECORD-00225,1,,
W0250,Work,PressThink Post,PressThink Post,,,5,RECORD-00226,1,,
W0251,Work,Bias Numbers: Less Than Meets the Eye?,Bias Numbers: Less Than Meets the Eye?,,,6,RECORD-00228,1,,
W0252,Work,Book by Esther Dyson,Book by Esther Dyson,Book,None,3,RECORD-00230,1,,
W0253,Work,On the Media,On the Media,,,5,RECORD-00237,3,,
W0254,Work,A Prime Time News Conference Before a Special Interest: Make Sense to You?,A Prime Time News Conference Before a Special Interest: Make Sense to You?,,,4,RECORD-00237,1,,
W0256,Work,Obama's Speech on Race in America,Obama's Speech on Race in America,Speech,None,9,RECORD-00238,1,,
W0257,Work,Stolen Honor,Stolen Honor,Documentary Film,,9,RECORD-00242,2,,
W0258,Work,Letters to a Young Activist,Letters to a Young Activist,,,1,,1,,
W0259,Work,In search of religion on the campaign trail,In search of religion on the campaign trail,,,6,RECORD-00245,1,,
W0260,Work,Tips for Candidates re: Weblogs,Tips for Candidates re: Weblogs,,,3,,1,,
W0261,Work,Dean Campaign’s Net Savvy Shows,Dean Campaign’s Net Savvy Shows,,,3,,1,,
W0262,Work,F9/11,F9/11,Movie,,4,RECORD-00247,1,,
W0263,Work,A Swift Boat Kick in the Teeth: How the mainstream media grapple with partisans,A Swift Boat Kick in the Teeth: How the mainstream media grapple with partisans,,,4,RECORD-00249,1,,
W0264,Work,Our Code is Falling to Pieces,Our Code is Falling to Pieces,,,4,RECORD-00249,2,,
W0265,Work,Laying the Newspaper Gently Down to Die,Laying the Newspaper Gently Down to Die,,,5,RECORD-00251,1,,
W0266,Work,Regarding Media Don’t Print the Obit Just Yet,Regarding Media Don’t Print the Obit Just Yet,,,6,RECORD-00251,1,,
W0267,Work,The Vanishing Newspaper,The Vanishing Newspaper,,,5,RECORD-00251,2,,
W0268,Work,Knightfall,Knightfall,,,5,RECORD-00251,1,,
W0269,Work,Republican National Convention Speech,Republican National Convention Speech,Political Speech,,8,RECORD-00253,1,,
W0271,Work,Read All About It,Read All About It,Article,The New Yorker,6,RECORD-00255,1,,
W0273,Work,Foreign Affairs article by Paul R. Pillar,Foreign Affairs article by Paul R. Pillar,,,5,RECORD-00256,1,,
W0274,Work,We Media: How Audiences are Shaping the Future of News and Information,We Media: How Audiences are Shaping the Future of News and Information,,,7,RECORD-00257,1,,
W0275,Work,Morning Edition,Morning Edition,,,4,RECORD-00258,1,,
W0277,Work,News Without Paper,News Without Paper,,,4,RECORD-00259,1,,
W0278,Work,California Insider blog,California Insider blog,,,4,RECORD-00259,1,,
W0279,Work,FastLane,FastLane,,,4,RECORD-00259,1,,
W0280,Work,Takeover,Takeover,,,7,RECORD-00261,1,,
W0281,Work,I Robot,I Robot,Panel Discussion,,7,RECORD-00262,1,,
W0283,Work,Not Up to It,Not Up to It,Blog Post,,8,RECORD-00262,2,,
W0284,Work,Dan Gillmor’s E-Journal,Dan Gillmor’s E-Journal,Blog,,6,RECORD-00262,1,,
W0286,Work,The Wilgoren Watch,The Wilgoren Watch,Blog,,9,RECORD-00264,1,,
W0287,Work,Charen Watch,Charen Watch,Blog,,7,RECORD-00264,1,,
W0288,Work,Why I Love the Adopt-a-Reporter Scheme. Why I Dread It.,Why I Love the Adopt-a-Reporter Scheme. Why I Dread It.,Blog Post,,5,RECORD-00264,1,,
W0289,Work,The obsolete interview,The obsolete interview,Blog Post,None,7,RECORD-00267,1,,
W0290,Work,Last Week That Man Tried to Run You Over. Why Are You Having Dinner With Him?,Last Week That Man Tried to Run You Over. Why Are You Having Dinner With Him?,PressThink post,None,8,RECORD-00267,1,,
W0291,Work,An Exchange with Neil Lewis of the New York Times,An Exchange with Neil Lewis of the New York Times,PressThink post,None,7,RECORD-00267,1,,
W0292,Work,A New Campaign Media Entry,A New Campaign Media Entry,Political Blog,The New York Times,5,RECORD-00267,1,,
W0293,Work,Buying the War,Buying the War,TV Program,Bill Moyers,7,RECORD-00268,1,,
W0294,Work,Carpetbagger,Carpetbagger,Blog,The New York Times,4,RECORD-00269,1,,
W0295,Work,Is the New York Times a Liberal Newspaper?,Is the New York Times a Liberal Newspaper?,,,6,RECORD-00270,1,,
W0296,Work,Bloggers vs. Journalists is Over,Bloggers vs. Journalists is Over,Essay,PressThink,7,RECORD-00272,5,,
W0297,Work,The Importance of Being Permanent,The Importance of Being Permanent,Article,The Guardian,5,RECORD-00272,2,,
W0298,Work,Newspapers: Open Your Archives,Newspapers: Open Your Archives,Post,None,5,RECORD-00272,1,,
W0299,Work,Find out if Congress is a Family Business,Find out if Congress is a Family Business,Tool,Sunlight,9,RECORD-00275,1,,
W0300,Work,Path of Destruction,Path of Destruction,,,5,RECORD-00276,1,,
W0301,Work,Oceans of Trouble,Oceans of Trouble,,,5,RECORD-00276,1,,
W0302,Work,"It’s Not a News Event, But It Plays One on TV","It’s Not a News Event, But It Plays One on TV",,,4,RECORD-00278,1,,
W0303,Work,A Cultural Approach to Communication,A Cultural Approach to Communication,,,6,RECORD-00278,1,,
W0304,Work,The President of Unity Says Don’t Blame Us for the “Liberal Media” Charge,The President of Unity Says Don’t Blame Us for the “Liberal Media” Charge,,,5,RECORD-00279,1,,
W0305,Work,“The Crowd’s Reaction Made Some Unity Delegates Uncomfortable.”,“The Crowd’s Reaction Made Some Unity Delegates Uncomfortable.”,,,4,RECORD-00279,1,,
W0308,Work,Local Man: Global Journalism,Local Man: Global Journalism,Weblog,Doug McGill,7,RECORD-00280,1,,
W0309,Work,The Lexus and the Olive Tree,The Lexus and the Olive Tree,Book,Tom Friedman,5,RECORD-00280,1,,
W0310,Work,The McGill Report,The McGill Report,Blog,Doug McGill,7,RECORD-00280,3,,
W0311,Work,U.S. Anuak Refugees Fear 400 Dead in Ethiopian Massacre,U.S. Anuak Refugees Fear 400 Dead in Ethiopian Massacre,Article,The McGill Report,6,RECORD-00280,1,,
W0312,Work,The Daily V,The Daily V,Blog,Doug McGill,6,RECORD-00280,1,,
W0313,Work,90-Day Media Strategy by Bush’s Aides to Define Kerry,90-Day Media Strategy by Bush’s Aides to Define Kerry,,,8,RECORD-00281,1,,
W0314,Work,The Press Effect,The Press Effect,,,5,RECORD-00281,1,,
W0316,Work,The Assassin’s Gate,The Assassin’s Gate,,,4,RECORD-00286,1,,
W0317,Work,Bank Data Is Sifted by U.S. in Secret to Block Terror.,Bank Data Is Sifted by U.S. in Secret to Block Terror.,,,4,RECORD-00286,1,,
W0318,Work,Secret U.S. Program Tracks Global Bank Transfers.,Secret U.S. Program Tracks Global Bank Transfers.,,,4,RECORD-00286,1,,
W0319,Work,"When in Doubt, Publish","When in Doubt, Publish",,,4,RECORD-00286,1,,
W0320,Work,The Audacity of Hype?,The Audacity of Hype?,Article series,,8,RECORD-00288,1,,
W0321,Work,What Liberal Media?,What Liberal Media?,Book,None,4,RECORD-00293,1,,
W0322,Work,Patterico's Pontifications,Patterico's Pontifications,Weblog,None,7,RECORD-00293,1,,
W0323,Work,Scripting News,Scripting News,,,5,RECORD-00294,4,,
W0325,Work,The Terror Presidency,The Terror Presidency,,,6,RECORD-00295,1,,
W0326,Work,A World Made More Opaque: Why Scott McClellan Had His Job,A World Made More Opaque: Why Scott McClellan Had His Job,,,5,RECORD-00295,1,,
W0327,Work,Re-examining Our Credibility,Re-examining Our Credibility,Memo,The New York Times,7,RECORD-00297,1,,
W0329,Work,Quicktime video of Miller's remarks,Quicktime video of Miller's remarks,,,3,RECORD-00298,1,,
W0330,Work,White House Briefing,White House Briefing,Column,The Washington Post,8,RECORD-00300,4,,
W0331,Work,Inventing the People: The Rise of Popular Sovereignty in England and America,Inventing the People: The Rise of Popular Sovereignty in England and America,,,9,RECORD-00301,1,,
W0332,Work,Imagined Communities: Reflections on the Origin and Spread of Nationalism,Imagined Communities: Reflections on the Origin and Spread of Nationalism,,,9,RECORD-00301,1,,
W0333,Work,"A Republic, if You Can Keep It","A Republic, if You Can Keep It",,,8,RECORD-00301,1,,
W0334,Work,Carpetbagger blog,Carpetbagger blog,,,4,RECORD-00303,1,,
W0335,Work,Virtual Scratchpad,Virtual Scratchpad,,,5,RECORD-00304,1,,
W0336,Work,Nasty Partisans,Nasty Partisans,,,5,RECORD-00304,1,,
W0337,Work,ReadingA1,ReadingA1,,,5,RECORD-00304,1,,
W0338,Work,Alas,Alas,,,5,RECORD-00304,1,,
W0339,Work,"Did Assignment Zero Fail? A Look Back, and Lessons Learned","Did Assignment Zero Fail? A Look Back, and Lessons Learned",Report,,6,RECORD-00305,1,,
W0340,Work,Weekend Note on Eason Jordan,Weekend Note on Eason Jordan,,,5,RECORD-00309,1,,
W0341,Work,What Eason Jordan Said in Davos,What Eason Jordan Said in Davos,,,3,RECORD-00309,1,,
W0342,Work,The Commanders,The Commanders,,,3,RECORD-00312,1,,
W0343,Work,The Fallen Legion: Casualties of the Bush Administration,The Fallen Legion: Casualties of the Bush Administration,,,5,RECORD-00312,1,,
W0344,Work,What About Bob?,What About Bob?,,,5,RECORD-00312,1,,
W0345,Work,The Deferential Spirit,The Deferential Spirit,,,6,RECORD-00312,1,,
W0346,Work,Democracy and the News,Democracy and the News,Book,Oxford University Press,7,RECORD-00313,1,,
W0349,Work,Karl Rove in a Corner,Karl Rove in a Corner,,,7,RECORD-00316,1,,
W0350,Work,The Rove Presidency,The Rove Presidency,,,5,RECORD-00316,1,,
W0351,Work,Downing Street Memo,Downing Street Memo,,,6,RECORD-00317,1,,
W0352,Work,Without a Doubt,Without a Doubt,,,7,RECORD-00317,2,,
W0353,Work,"Deep Throat, J-School and Newsroom Religion","Deep Throat, J-School and Newsroom Religion",,,6,RECORD-00318,2,,
W0354,Work,No Longer Do the Newsies Decide,No Longer Do the Newsies Decide,,,5,RECORD-00319,1,,
W0355,Work,Too Much Reality,Too Much Reality,,,5,RECORD-00319,2,,
W0357,Work,chicagocrime.org,chicagocrime.org,,,6,RECORD-00321,1,,
W0358,Work,YourHub,YourHub,,,5,RECORD-00321,1,,
W0359,Work,The Siegal Committee Report,The Siegal Committee Report,,,10,RECORD-00552,2,,
W0361,Work,LA Observed,LA Observed,,,3,RECORD-00323,1,,
W0364,Work,Shame of Cities,Shame of Cities,,,6,RECORD-00323,1,,
W0365,Work,Power of the Pen: A Call for Journalistic Courage,Power of the Pen: A Call for Journalistic Courage,,,7,RECORD-00323,1,,
W0366,Work,"Afghan War Diary, 2004-2010","Afghan War Diary, 2004-2010",,,8,RECORD-00325,1,,
W0367,Work,Explosive Leaks Provide Image of War from Those Fighting It,Explosive Leaks Provide Image of War from Those Fighting It,,,5,RECORD-00325,1,,
W0368,Work,The War Logs,The War Logs,,,6,RECORD-00325,1,,
W0369,Work,The Afghanistan War Logs,The Afghanistan War Logs,,,6,RECORD-00325,1,,
W0370,Work,New Yorker profile of Julien Assange,New Yorker profile of Julien Assange,,,5,RECORD-00325,1,,
W0371,Work,Top Secret America,Top Secret America,,,7,RECORD-00325,1,,
W0372,Work,Mrs. Panstreppon,Mrs. Panstreppon,,,6,RECORD-00326,1,,
W0373,Work,Eliminating the Bimbo Factor,Eliminating the Bimbo Factor,Blog Post,,6,RECORD-00330,1,,
W0374,Work,Quality Manifesto: Good Enough is Not,Quality Manifesto: Good Enough is Not,Manifesto,,5,RECORD-00330,1,,
W0375,Work,The Mood of the Newsroom,The Mood of the Newsroom,Blog Post,,7,RECORD-00330,1,,
W0377,Work,Yesterday’s papers,Yesterday’s papers,Article,,4,RECORD-00330,1,,
W0378,Work,Newspapers struggle to avoid their own obit,Newspapers struggle to avoid their own obit,Article,,4,RECORD-00330,1,,
W0379,Work,What’s the Point?,What’s the Point?,Article,,4,RECORD-00330,1,,
W0380,Work,Getting smart about dumbed-down news,Getting smart about dumbed-down news,Article,,4,RECORD-00330,1,,
W0381,Work,Vive les Blogs!,Vive les Blogs!,Article,,3,RECORD-00330,1,,
W0383,Work,"JOURNALISM EXISTS IN THE MESSAGE, NOT THE MEDIUM","JOURNALISM EXISTS IN THE MESSAGE, NOT THE MEDIUM",Commentary,,4,RECORD-00330,1,,
W0384,Work,The New York Times online edition,The New York Times online edition,,,7,RECORD-00331,1,,
W0385,Work,WSJ.com,WSJ.com,,,8,RECORD-00331,1,,
W0386,Work,The Media Lab: Inventing the Future at MIT,The Media Lab: Inventing the Future at MIT,,,7,RECORD-00331,1,,
W0387,Work,DeanSpace project,DeanSpace project,,,4,RECORD-00332,1,,
W0390,Work,Escaping the Bubble in Campaign Journalism,Escaping the Bubble in Campaign Journalism,Blog Post,,7,RECORD-00335,1,,
W0391,Work,Article on John McCain's involvement with lobbyist Vicki Iseman,Article on John McCain's involvement with lobbyist Vicki Iseman,,,10,RECORD-00336,1,,
W0392,Work,Bloggers Are Missing in Action as Ketchum Tests the Conscience of PR,Bloggers Are Missing in Action as Ketchum Tests the Conscience of PR,,,7,RECORD-00337,1,,
W0393,Work,The Era of Omniscience is Over,The Era of Omniscience is Over,Article,PressThink,8,RECORD-00338,1,,
W0394,Work,Broadcast News,Broadcast News,Film,None,3,RECORD-00338,1,,
W0395,Work,PressThink's Top Ten Ideas for 2004,PressThink's Top Ten Ideas for 2004,,,8,RECORD-00339,1,,
W0396,Work,Open Source Journalism (Salon Article),Open Source Journalism (Salon Article),,,7,RECORD-00339,1,,
W0397,Work,The Uncensored War,The Uncensored War,Book,None,8,RECORD-00340,1,,
W0399,Work,The Dean Connection,The Dean Connection,Cover Story,The New York Times Magazine,8,,1,,
W0400,Work,All the President’s Men,All the President’s Men,,,5,RECORD-00343,2,,
W0401,Work,What That McCain Article Didn’t Say,What That McCain Article Didn’t Say,,,7,RECORD-00343,1,,
W0402,Work,Pachyderms in the Mist: Red America and the MSM,Pachyderms in the Mist: Red America and the MSM,,,6,RECORD-00345,1,,
W0403,Work,Distributing Due Diligence,Distributing Due Diligence,,,4,RECORD-00345,1,,
W0404,Work,Will Blogs Eat Themselves?,Will Blogs Eat Themselves?,,,4,RECORD-00345,1,,
W0405,Work,We Have Been Bull-Dozed Aside,We Have Been Bull-Dozed Aside,,,5,RECORD-00347,1,,
W0407,Work,H2otown.info,H2otown.info,,,5,RECORD-00350,1,,
W0409,Work,CSI: NY,CSI: NY,Television Show,,3,RECORD-00351,1,,
W0410,Work,Business Week Blog,Business Week Blog,Blog,,3,RECORD-00351,1,,
W0411,Work,Media Notes,Media Notes,,,4,RECORD-00353,1,,
W0414,Work,Invisible Inkling,Invisible Inkling,Blog,N/A,3,RECORD-00354,1,,
W0415,Work,beatblogging.org,beatblogging.org,Website,NewAssignment.Net,7,RECORD-00354,3,,
W0416,Work,Deborah Howell’s ombudsman column,Deborah Howell’s ombudsman column,Ombudsman column,The Washington Post,6,RECORD-00355,1,,
W0417,Work,Achenblog,Achenblog,Blog,The Washington Post,5,RECORD-00355,1,,
W0419,Work,TimesSelect,TimesSelect,,,9,RECORD-00356,3,,
W0420,Work,Hart to Hart,Hart to Hart,,,3,RECORD-00357,1,,
W0421,Work,"For McCain, Self-Confidence on Ethics Poses Its Own Risk","For McCain, Self-Confidence on Ethics Poses Its Own Risk",Article,The New York Times,8,RECORD-00358,1,,
W0422,Work,The Journalist's Creed,The Journalist's Creed,Oath,None,7,RECORD-00359,1,,
W0423,Work,Sarajevo Commitment,Sarajevo Commitment,Resolution,None,6,RECORD-00359,1,,
W0424,Work,McCain News Hunt,McCain News Hunt,Crowdsourced news review,OffTheBus and NewsTrust.Net,9,RECORD-00361,1,,
W0425,Work,Adviser Says McCain Backs Bush Wiretap,Adviser Says McCain Backs Bush Wiretap,Article,The New York Times,7,RECORD-00361,1,,
W0426,Work,Daily Summit,Daily Summit,,,6,RECORD-00363,1,,
W0427,Work,The Manchurian Candidate,The Manchurian Candidate,,,5,RECORD-00363,1,,
W0428,Work,Transparency and the news: Notes from Aspen,Transparency and the news: Notes from Aspen,,,5,RECORD-00363,1,,
W0430,Work,The Media and Medievalism,The Media and Medievalism,,,8,RECORD-00369,1,,
W0431,Work,Dispatches,Dispatches,,,6,RECORD-00369,1,,
W0432,Work,Iraq the Model,Iraq the Model,Article,The New York Times,9,RECORD-00371,1,,
W0433,Work,Misunderestimated,Misunderestimated,Book,None,5,RECORD-00372,1,,
W0434,Work,The News Fix,The News Fix,,,5,RECORD-00373,1,,
W0435,Work,Daily Peg Doubts About's Worth,Daily Peg Doubts About's Worth,,,5,RECORD-00374,1,,
W0436,Work,Fixing The Ideology Problem in Our Political Press,Fixing The Ideology Problem in Our Political Press,,,6,RECORD-00376,1,,
W0437,Work,"PressThink, A Prayer for the Philly Papers","PressThink, A Prayer for the Philly Papers",,,4,RECORD-00377,1,,
W0438,Work,Raze Spin Alley,Raze Spin Alley,,,4,RECORD-00379,1,,
W0439,Work,NiemanWatchdog.org,NiemanWatchdog.org,Website,,4,RECORD-00379,1,,
W0441,Work,Spirit of America,Spirit of America,Arabic-language blogging tool,None,6,RECORD-00380,1,,
W0443,Work,Zmetro.com,Zmetro.com,Weblog,Jim Zellmer,3,RECORD-00380,1,,
W0444,Work,WordUp,WordUp,Weblog,Ed Cone,4,RECORD-00380,1,,
W0445,Work,Editors Weblog,Editors Weblog,Blog of World Editors Forum,World Editors Forum,8,RECORD-00380,1,,
W0446,Work,Imagined Communities,Imagined Communities,Book,None,6,RECORD-00380,1,,
W0447,Work,"The Internet’s Effect on Politics: A Working Hypothesis, v2.0","The Internet’s Effect on Politics: A Working Hypothesis, v2.0",Article,John Palfrey,3,RECORD-00380,1,,
W0448,Work,Stark Message for the Legacy Media,Stark Message for the Legacy Media,,,8,RECORD-00382,1,,
W0450,Work,SciGuy blog,SciGuy blog,Blog,Houston Chronicle,5,RECORD-00383,1,,
W0451,Work,Pharmalot.com,Pharmalot.com,Blog,Star-Ledger of Newark,6,RECORD-00383,1,,
W0452,Work,TrueHoop blog,TrueHoop blog,Blog,ESPN.com,6,RECORD-00383,1,,
W0453,Work,The Audit,The Audit,Column,Columbia Journalism Review,6,RECORD-00387,1,,
W0454,Work,Tea Party Lights Fuse for Rebellion on Right,Tea Party Lights Fuse for Rebellion on Right,,,9,RECORD-00388,1,,
W0456,Work,Blowback: The journalism that bloggers actually do,Blowback: The journalism that bloggers actually do,Article,Los Angeles Times,9,RECORD-00390,1,,
W0457,Work,Annals of Reporting,Annals of Reporting,Blog Post,Talking Points Memo,3,RECORD-00390,1,,
W0458,Work,Death by numbers,Death by numbers,Opinion Piece,Los Angeles Times,2,RECORD-00390,1,,
W0459,Work,"Not so fast, Christian soldiers","Not so fast, Christian soldiers",Opinion Piece,Los Angeles Times,2,RECORD-00390,1,,
W0460,Work,The misleading Vietnam analogy,The misleading Vietnam analogy,Editorial,Los Angeles Times,2,RECORD-00390,1,,
W0461,Work,Stonehenges all around us,Stonehenges all around us,Opinion Piece,Los Angeles Times,2,RECORD-00390,1,,
W0462,Work,Debates that say something,Debates that say something,Opinion Piece,Los Angeles Times,2,RECORD-00390,1,,
W0463,Work,'Sanctuary' as battleground,'Sanctuary' as battleground,Opinion Piece,Los Angeles Times,2,RECORD-00390,1,,
W0464,Work,Drunk on ethanol,Drunk on ethanol,Editorial,Los Angeles Times,2,RECORD-00390,1,,
W0465,Work,The lost Padilla verdict,The lost Padilla verdict,Opinion Piece,Los Angeles Times,2,RECORD-00390,1,,
W0466,Work,Killian Memos,Killian Memos,,,7,RECORD-00391,1,,
W0467,Work,Open Source,Open Source,Radio program,None,5,RECORD-00394,1,,
W0468,Work,Citizen Journalism Wants You!,Citizen Journalism Wants You!,,,7,RECORD-00397,1,,
W0470,Work,Placeblogger.com,Placeblogger.com,,,10,RECORD-00400,1,,
W0472,Work,PressThink: Stark Message for the Legacy Media,PressThink: Stark Message for the Legacy Media,,,7,RECORD-00402,1,,
W0473,Work,"PressThink: He Said, She Said, We Said","PressThink: He Said, She Said, We Said",,,7,RECORD-00402,1,,
W0474,Work,PressThink: Journalism Is Itself a Religion,PressThink: Journalism Is Itself a Religion,,,7,RECORD-00402,1,,
W0475,Work,"Behind the Eavesdropping Story, a Loud Silence","Behind the Eavesdropping Story, a Loud Silence",,,8,RECORD-00404,1,,
W0476,Work,The Plank,The Plank,,,4,RECORD-00404,1,,
W0477,Work,How Web Support Failed Dean in Crunch: Ex-Manager,How Web Support Failed Dean in Crunch: Ex-Manager,,,9,RECORD-00406,1,,
W0481,Work,Editor's Note on Wen Ho Lee Case,Editor's Note on Wen Ho Lee Case,,,8,RECORD-00410,1,,
W0482,Work,New York Review of Books Article by Lars Erik Nelson,New York Review of Books Article by Lars Erik Nelson,,,6,RECORD-00410,1,,
W0483,Work,Campaign Desk (Columbia Journalism Review weblog),Campaign Desk (Columbia Journalism Review weblog),Weblog,,7,RECORD-00411,1,,
W0484,Work,Medicare bill video news release,Medicare bill video news release,Video news release,,9,RECORD-00411,1,,
W0485,Work,"The New Yorker (Ken Auletta article, Jan. 19, 2004)","The New Yorker (Ken Auletta article, Jan. 19, 2004)",Magazine Article,,3,RECORD-00411,1,,
W0486,Work,Journalism After September 11,Journalism After September 11,,,5,RECORD-00414,1,,
W0487,Work,Sept. 8 report anchored by Dan Rather,Sept. 8 report anchored by Dan Rather,,,6,RECORD-00415,1,,
W0488,Work,Vital unresolved anthrax questions and ABC News,Vital unresolved anthrax questions and ABC News,Column,Salon.com,7,RECORD-00416,1,,
W0489,Work,"Journalists, their lying sources, and the anthrax investigation","Journalists, their lying sources, and the anthrax investigation",Column,Salon.com,6,RECORD-00416,1,,
W0491,Work,Blogosphere as Lynchmob,Blogosphere as Lynchmob,,,4,RECORD-00417,1,,
W0492,Work,Rolling Stone article (McChrystal),Rolling Stone article (McChrystal),Article,Rolling Stone,9,RECORD-00420,1,,
W0493,Work,1984 (George Orwell),1984 (George Orwell),Novel,None,6,RECORD-00420,1,,
W0494,Work,"Votes, Bits & Bytes","Votes, Bits & Bytes",,,6,RECORD-00421,1,,
W0496,Work,TPMmuckraker.com,TPMmuckraker.com,,,5,RECORD-00422,1,,
W0497,Work,The New Reactionaries,The New Reactionaries,,,2,RECORD-00423,1,,
W0498,Work,The Bill James Baseball Abstract,The Bill James Baseball Abstract,Book,None,7,RECORD-00425,1,,
W0499,Work,Micro Persuasion,Micro Persuasion,Weblog by Steve Rubel,None,4,RECORD-00430,1,,
W0500,Work,We Wish to Inform You that Tomorrow We Will Be Killed With Our Families,We Wish to Inform You that Tomorrow We Will Be Killed With Our Families,,,6,RECORD-00432,1,,
W0501,Work,"We, Anonymous","We, Anonymous",Article,New York Press,7,RECORD-00433,1,,
W0502,Work,Psst…. The Press is a Player,Psst…. The Press is a Player,Essay,TomPaine.com,6,RECORD-00433,1,,
W0504,Work,Three Vital Questions for ABC News About its Anthrax Reporting in 2001,Three Vital Questions for ABC News About its Anthrax Reporting in 2001,Blog Post,PressThink,8,RECORD-00436,2,,
W0505,Work,Why I Write 400 Words a Day and Put Them on Twitter,Why I Write 400 Words a Day and Put Them on Twitter,,,8,RECORD-00437,1,,
W0506,Work,Bill Moyers Journal,Bill Moyers Journal,,,9,RECORD-00438,1,,
W0508,Work,Setting the Record Straight,Setting the Record Straight,Press Office Technique,,6,RECORD-00439,1,,
W0509,Work,Gatekeepers Without Gates,Gatekeepers Without Gates,,,10,RECORD-00440,1,,
W0510,Work,The Long Tail,The Long Tail,,,4,RECORD-00440,1,,
W0511,Work,Darknet,Darknet,,,4,RECORD-00440,1,,
W0513,Work,See How They Run (1990),See How They Run (1990),,,6,RECORD-00441,1,,
W0514,Work,What if Everything Changed for American Journalists on September 11th?,What if Everything Changed for American Journalists on September 11th?,,,7,RECORD-00442,1,,
W0515,Work,Rantingprofs,Rantingprofs,Weblog,,5,RECORD-00442,1,,
W0516,Work,Jersey Journal,Jersey Journal,Newspaper,,4,RECORD-00442,1,,
W0517,Work,No Child Left Behind Act,No Child Left Behind Act,,,8,RECORD-00445,2,,
W0518,Work,spot.us,spot.us,Crowdfunding project,,7,RECORD-00446,1,,
W0519,Work,Fargo,Fargo,,,4,,1,,
W0520,Work,Blood Simple,Blood Simple,,,4,,1,,
W0521,Work,Washing Away,Washing Away,Series on Hurricane preparations,,8,RECORD-00448,1,,
W0522,Work,No Surprise that Hard Pressed Pennsylvanians Turn Bitter,No Surprise that Hard Pressed Pennsylvanians Turn Bitter,,,7,RECORD-00449,1,,
W0523,Work,Inside the Obama Guns God Bitterness Storm,Inside the Obama Guns God Bitterness Storm,,,5,RECORD-00449,1,,
W0525,Work,Wide Open,Wide Open,,,10,RECORD-00453,1,,
W0526,Work,Charging for Columnists,Charging for Columnists,,,6,RECORD-00454,1,,
W0527,Work,The Giant Pool of Money,The Giant Pool of Money,This American Life episode,This American Life,10,RECORD-00456,2,,
W0529,Work,The Breakdown,The Breakdown,Podcast,The Nation,5,RECORD-00456,1,,
W0531,Work,paidcontent.org,paidcontent.org,Publisher,ContentNext Media,4,RECORD-00456,1,,
W0532,Work,Newsless.org,Newsless.org,Website,,4,RECORD-00456,1,,
W0533,Work,"Newspapers and the Net: Where’s the Business Model, People?","Newspapers and the Net: Where’s the Business Model, People?",,,8,RECORD-00457,1,,
W0534,Work,The Great Unbundling,The Great Unbundling,,,8,RECORD-00457,1,,
W0535,Work,"What Newspapers and Journalism Need Now: Experimentation, Not Nostalgia","What Newspapers and Journalism Need Now: Experimentation, Not Nostalgia",,,8,RECORD-00457,1,,
W0536,Work,Diversity Disconnects: From Class Room to News Room (2003),Diversity Disconnects: From Class Room to News Room (2003),,,7,RECORD-00460,1,,
W0537,Work,Google Owes Big Journalism Big Time,Google Owes Big Journalism Big Time,,,8,RECORD-00463,1,,
W0538,Work,American Carnival,American Carnival,,,4,RECORD-00463,1,,
W0539,Work,Publishing 2.0,Publishing 2.0,,,2,RECORD-00463,1,,
W0540,Work,Mesh conference,Mesh conference,,,4,RECORD-00463,1,,
W0541,Work,Ten New Voices,Ten New Voices,,,10,RECORD-00465,1,,
W0542,Work,Blogging Beyond the Men’s Club,Blogging Beyond the Men’s Club,,,6,RECORD-00465,1,,
W0543,Work,The Rational Liberal,The Rational Liberal,,,4,RECORD-00465,1,,
W0544,Work,Texas Air National Guard story,Texas Air National Guard story,,,9,RECORD-00466,1,,
W0545,Work,Rather's Satisfaction: Mystifying Troubles at CBS,Rather's Satisfaction: Mystifying Troubles at CBS,,,3,RECORD-00467,1,,
W0546,Work,Weekend Notes with Forgery Swrling in the Air,Weekend Notes with Forgery Swrling in the Air,,,3,RECORD-00467,1,,
W0547,Work,National Security Strategy,National Security Strategy,,,3,RECORD-00468,1,,
W0548,Work,post.blog,post.blog,Blog,,9,RECORD-00469,1,,
W0549,Work,The Master Narrative in Journalism,The Master Narrative in Journalism,,,8,RECORD-00472,1,,
W0550,Work,The Poverty Platform,The Poverty Platform,,,3,RECORD-00472,1,,
W0551,Work,Dodd Pulls Ahead in the Idea Race,Dodd Pulls Ahead in the Idea Race,,,3,RECORD-00472,1,,
W0552,Work,In Retreat from Empiricism,In Retreat from Empiricism,,,3,RECORD-00472,1,,
W0553,Work,The Courage Primary,The Courage Primary,,,3,RECORD-00472,1,,
W0554,Work,Commentary on Blogs: All the noise that fits,Commentary on Blogs: All the noise that fits,,,8,RECORD-00473,1,,
W0555,Work,Blowback: The journalism that blogs actually do,Blowback: The journalism that blogs actually do,,,6,RECORD-00473,1,,
W0556,Work,Journalism: Power without responsibility,Journalism: Power without responsibility,,,8,RECORD-00474,1,,
W0557,Work,The Revolt of the Masses,The Revolt of the Masses,,,3,RECORD-00474,1,,
W0558,Work,"Bloggers Are the Sizzle, Not the Steak...","Bloggers Are the Sizzle, Not the Steak...",Article,Los Angeles Times,8,RECORD-00475,1,,
W0559,Work,Convention Coverage is a Failed Regime and Bloggers Have Their Credentials,Convention Coverage is a Failed Regime and Bloggers Have Their Credentials,Blog post,PressThink,3,RECORD-00475,1,,
W0560,Work,If Religion Writers Rode the Campaign Bus…,If Religion Writers Rode the Campaign Bus…,Blog post,PressThink,3,RECORD-00475,1,,
W0562,Work,PressThink’s Blue Plate Special,PressThink’s Blue Plate Special,,,9,RECORD-00511,1,,
W0563,Work,The Best Blogging Newspapers in the U.S,The Best Blogging Newspapers in the U.S,,,8,RECORD-00511,1,,
W0564,Work,blueplatespecial.net,blueplatespecial.net,,,7,RECORD-00511,1,,
W0565,Work,Newsweek: “A Grid of Empty Boots.”,Newsweek: “A Grid of Empty Boots.”,Article,Newsweek,4,RECORD-00512,1,,
W0566,Work,H2otown,H2otown,Hyper-local newsblog,None,9,RECORD-00513,1,,
W0567,Work,This is what I saw that day,This is what I saw that day,,,9,RECORD-00514,1,,
W0568,Work,Huckleberries Online (HBO),Huckleberries Online (HBO),,,4,RECORD-00515,1,,
W0569,Work,Deer Park Dispatch,Deer Park Dispatch,,,3,RECORD-00515,1,,
W0570,Work,Watergate and American Memory,Watergate and American Memory,Book,,6,RECORD-00516,1,,
W0571,Work,New York Times article (on Sacramento Bee case),New York Times article (on Sacramento Bee case),,,7,,1,,
W0573,Work,Powerline.com,Powerline.com,,,3,,1,,
W0574,Work,"The Miller Case: From a Name on a Pad to Jail, and Back","The Miller Case: From a Name on a Pad to Jail, and Back",,,7,RECORD-00522,1,,
W0575,Work,Fiasco,Fiasco,Book,None,6,RECORD-00523,1,,
W0576,Work,Dan’s lessons learned post,Dan’s lessons learned post,Blog post,,6,RECORD-00524,1,,
W0577,Work,Outfoxed: Rupert Murdoch’s War on Journalism,Outfoxed: Rupert Murdoch’s War on Journalism,Documentary,,4,RECORD-00524,1,,
W0578,Work,Wal-Mart: The High Cost of Low Price,Wal-Mart: The High Cost of Low Price,Documentary,,4,RECORD-00524,1,,
W0579,Work,The Two Washington Posts,The Two Washington Posts,Ombudsman Column,,5,RECORD-00525,1,,
W0580,Work,Report of the Independent Review Panel,Report of the Independent Review Panel,,,7,RECORD-00526,1,,
W0581,Work,The Jerk at the Podium: Scott McClellan Steps Away,The Jerk at the Podium: Scott McClellan Steps Away,,,5,RECORD-00528,1,,
W0582,Work,Vanity Fair article,Vanity Fair article,Article,Vanity Fair,7,RECORD-00529,1,,
W0583,Work,Back to Iraq,Back to Iraq,Weblog,,6,RECORD-00530,1,,
W0584,Work,"Embedded: The Media at War in Iraq, an Oral History","Embedded: The Media at War in Iraq, an Oral History",Book,,3,RECORD-00530,1,,
W0585,Work,Blog for America,Blog for America,,,8,RECORD-00531,1,,
W0586,Work,Web Users Open the Gates,Web Users Open the Gates,,,6,RECORD-00533,1,,
W0587,Work,Inside Politics,Inside Politics,CNN Show,CNN,7,RECORD-00534,1,,
W0588,Work,Ex-CIA official’s remark is wrong,Ex-CIA official’s remark is wrong,Column,Chicago Sun-Times,5,RECORD-00534,1,,
W0589,Work,Muckraking Fund,Muckraking Fund,,,4,RECORD-00537,1,,
W0590,Work,Bush at War,Bush at War,,,4,RECORD-00539,1,,
W0591,Work,Attack Without a Plan,Attack Without a Plan,,,4,RECORD-00539,1,,
W0592,Work,State of Denial,State of Denial,,,5,RECORD-00539,1,,
W0593,Work,Peter King's Op-Ed on the California Recall,Peter King's Op-Ed on the California Recall,,,7,,1,,
W0594,Work,Blogged down in Web fantasy,Blogged down in Web fantasy,Op-ed column,Star-Tribune,9,RECORD-00541,1,,
W0595,Work,Newspapers and Thinking the Unthinkable,Newspapers and Thinking the Unthinkable,Essay,Blog post,10,RECORD-00542,1,,
W0596,Work,Goodbye to the Age of Newspapers (Hello to a New Era of Corruption),Goodbye to the Age of Newspapers (Hello to a New Era of Corruption),Article,The New Republic,7,RECORD-00542,1,,
W0597,Work,A New Era of Corruption?,A New Era of Corruption?,Article,The New Republic,6,RECORD-00542,1,,
W0598,Work,Old Growth Media and the Future of News,Old Growth Media and the Future of News,Speech and blog post,None,6,RECORD-00542,1,,
W0599,Work,2020 vision: What’s next for news,2020 vision: What’s next for news,Blog post,None,6,RECORD-00542,1,,
W0600,Work,The Death of Journalism? (or journalism in the era of open),The Death of Journalism? (or journalism in the era of open),Blog post,None,6,RECORD-00542,1,,
W0601,Work,The reboot of journalism,The reboot of journalism,Blog post,None,6,RECORD-00542,1,,
W0602,Work,What the Structure of Content Means for Context,What the Structure of Content Means for Context,Blog post,Network(ed) News,6,RECORD-00542,1,,
W0603,Work,Ink-Stained Retching,Ink-Stained Retching,Blog post,None,6,RECORD-00542,1,,
W0604,Work,New Political Dictionary,New Political Dictionary,Dictionary,N/A,5,RECORD-00543,1,,
W0605,Work,The Debates and The Spin Doctors,The Debates and The Spin Doctors,Article,The New York Times,7,RECORD-00543,1,,
W0606,Work,Spin Cycle: How the White House and the Media Manipulate the News,Spin Cycle: How the White House and the Media Manipulate the News,Book,N/A,5,RECORD-00543,1,,
W0607,Work,Newspapers Open Your Archive,Newspapers Open Your Archive,,,8,RECORD-00544,1,,
W0609,Work,Pay or Free? Newspaper Archives Not Ready for Open Web…Yet.,Pay or Free? Newspaper Archives Not Ready for Open Web…Yet.,,,5,RECORD-00544,1,,
W0610,Work,News Watch,News Watch,,,5,,1,,
W0611,Work,Anatomy of Deceit,Anatomy of Deceit,,,6,RECORD-00551,1,,
W0612,Work,The Times and Wen Ho Lee,The Times and Wen Ho Lee,,,5,RECORD-00552,1,,
W0613,Work,Preserving Our Readers’ Trust,Preserving Our Readers’ Trust,,,6,RECORD-00552,1,,
W0614,Work,A War on Wilson?,A War on Wilson?,,,4,RECORD-00552,1,,
W0615,Work,Armies of the Night,Armies of the Night,,,3,RECORD-00553,1,,
W0616,Work,The Executioner's Song,The Executioner's Song,,,3,RECORD-00553,1,,
W0617,Work,The New New Journalism,The New New Journalism,,,2,RECORD-00553,1,,
W0618,Work,Superman Comes to the Supermarket,Superman Comes to the Supermarket,,,3,RECORD-00553,1,,
W0619,Work,The Stand Alone Journalist is Here,The Stand Alone Journalist is Here,,,4,RECORD-00555,1,,
W0620,Work,Twilight of the Curmudgeon Class,Twilight of the Curmudgeon Class,,,4,RECORD-00555,1,,
W0621,Work,Voter Confidence and Increased Accessibility Act of 2007,Voter Confidence and Increased Accessibility Act of 2007,Proposed Legislation,,7,RECORD-00558,1,,
W0622,Work,"Online, GOP Is Playing Catch-Up","Online, GOP Is Playing Catch-Up",Article,The Washington Post,6,RECORD-00558,1,,
W0623,Work,The Revolt of the Elites,The Revolt of the Elites,Book,,7,RECORD-00558,1,,
W0624,Work,The Argument,The Argument,Book,,6,RECORD-00558,1,,
W0625,Work,Report on CBS memo likely to be delayed,Report on CBS memo likely to be delayed,,,6,RECORD-00559,1,,
W0626,Work,Kind of a Drag— A Short History of Spin Alley and the Press,Kind of a Drag— A Short History of Spin Alley and the Press,,,6,RECORD-00559,1,,
W0627,Work,The CBS Rathergate Report,The CBS Rathergate Report,,,6,RECORD-00559,1,,
W0628,Work,Mission to Niger,Mission to Niger,Column,Robert Novak,6,RECORD-00560,1,,
W0629,Work,We’ll help this experiment succeed,We’ll help this experiment succeed,,,3,RECORD-00563,1,,
W0630,Work,Brian Tierney Makes a Pledge,Brian Tierney Makes a Pledge,,,3,RECORD-00563,1,,
W0631,Work,We Media,We Media,,,6,RECORD-00564,1,,
W0632,Work,The Weblog Handbook,The Weblog Handbook,,,5,RECORD-00564,1,,
W0633,Work,AP Story,AP Story,News Article,Associated Press,3,RECORD-00566,1,,
W0634,Work,"News, Improved: Learning to Change","News, Improved: Learning to Change",,,8,RECORD-00567,1,,
W0635,Work,Campaign of the Century,Campaign of the Century,,,5,RECORD-00568,1,,
W0636,Work,Periscope item,Periscope item,,,9,RECORD-00569,1,,
W0637,Work,Media Log,Media Log,Blog,Boston Phoenix,5,,1,,
W0638,Work,Weapons of Mass Deception,Weapons of Mass Deception,Documentary Film,MediaChannel,5,,1,,
W0639,Work,Culture in the Age of Blogging,Culture in the Age of Blogging,,,3,RECORD-00571,1,,
W0640,Work,Falling for the Spin,Falling for the Spin,,,5,RECORD-00572,1,,
W0641,Work,Extreme Democracy: The Book,Extreme Democracy: The Book,,,7,RECORD-00573,1,,
W0642,Work,ten things radical about the weblog form in journalism,ten things radical about the weblog form in journalism,,,9,RECORD-00573,1,,
W0643,Work,andrewsullivan.com,andrewsullivan.com,,,6,RECORD-00573,1,,
W0644,Work,Newsweek’s Take-Our-Word-For-It World,Newsweek’s Take-Our-Word-For-It World,Blog Post,Jay Rosen Digital Archive,7,RECORD-00575,1,,
W0645,Work,Here Comes Everybody,Here Comes Everybody,Book,N/A,6,RECORD-00576,1,,
W0647,Work,American Girl blog,American Girl blog,Blog,N/A,5,RECORD-00576,1,,
W0648,Work,The People Formerly Known as the Congregation,The People Formerly Known as the Congregation,Blog Entry,N/A,3,RECORD-00576,1,,
W0649,Work,Images of a Free Press,Images of a Free Press,,,4,RECORD-00578,1,,
W0650,Work,This is NPR. And these are the standards of our journalism.,This is NPR. And these are the standards of our journalism.,,,9,RECORD-00582,1,,
W0651,Work,The NPR Code of Ethics and Practices,The NPR Code of Ethics and Practices,,,8,RECORD-00582,1,,
W0652,Work,The Pub,The Pub,Podcast,Current,7,,1,,
W0653,Work,Machines Like Us,Machines Like Us,Podcast,,3,RECORD-00584,1,,
W0654,Work,CJR article,CJR article,"Contribution to critiquing 'he said, she said' journalism",,7,RECORD-00585,1,,
W0655,Work,Ethics Handbook,Ethics Handbook,,,7,RECORD-00586,1,,
W0656,Work,American Crisis,American Crisis,Newsletter,None,6,RECORD-00591,1,,
W0657,Work,PS: Political Science & Politics study,PS: Political Science & Politics study,,,7,RECORD-00592,1,,
W0658,Work,Le Show,Le Show,Public Radio Show,,3,RECORD-00594,1,,
W0659,Work,The Present Age,The Present Age,Newsletter,,3,RECORD-00594,1,,
W0660,Work,Letters from an American,Letters from an American,Newsletter,,3,RECORD-00594,1,,
W0661,Work,Four Corners,Four Corners,,,3,RECORD-00597,1,,
W0662,Work,The Constitution of Knowledge: A Defense of Truth,The Constitution of Knowledge: A Defense of Truth,,,6,RECORD-00601,1,,
W0663,Work,The People Formerly Known as the Audience Are Still Making News,The People Formerly Known as the Audience Are Still Making News,,,5,,1,,
W0664,Work,The Whole World Is Watching,The Whole World Is Watching,,,2,,1,,
W0665,Work,"He Said, She Said Journalism: A Post-Mortem","He Said, She Said Journalism: A Post-Mortem",Talk,,3,RECORD-00609,1,,
W0666,Work,PressThink,pressthink,Blog,,10,RECORD-00535,1,,
E0223,Event,Reporters Without Borders Freedom Blog Award,reporters without borders freedom blog award,Award,,10,RECORD-00535,1,,
P2215,Person,Mojtaba Saminejad,mojtaba saminejad,Blogger,Iran,8,RECORD-00535,1,,
P2216,Person,Jeff Ooi,jeff ooi,Blogger,"Screenshots blog, Malaysia",8,RECORD-00535,1,,
W0667,Work,Screenshots,screenshots,Blog,,6,RECORD-00535,1,,
W0668,Work,Shared Pains,shared pains,Blog,,5,RECORD-00535,1,,
W0669,Work,Al Jinane,al jinane,Blog,,4,RECORD-00535,1,,
W0670,Work,ICTlex,ictlex,Blog,,4,RECORD-00535,1,,
W0671,Work,netzpolitik.org,netzpolitik.org,Blog,,4,RECORD-00535,1,,
C0654,Concept,Citizen of the world,citizen of the world,,,8,RECORD-00535,1,,
C0655,Concept,Press Nation,press nation,,,9,RECORD-00535,1,,
C0656,Concept,First Amendment franchise,first amendment franchise,,,8,RECORD-00535,1,,
O1311,Organization,Berkman Center for Internet and Society,berkman center for internet and society,Academic research center,,6,RECORD-00535,1,,
O1312,Organization,International Freedom of Expression Exchange,international freedom of expression exchange,Press freedom advocacy,,5,RECORD-00535,1,,
P2217,Person,Mukhtaran Bibi,mukhtaran bibi,Anti-rape activist,Pakistan,5,RECORD-00535,1,,
W0672,Work,The 11 Layers of Citizen Journalism,the 11 layers of citizen journalism,Article,,6,RECORD-00535,1,,
C0657,Concept,Universal principles of journalism,universal principles of journalism,,,8,RECORD-00535,1,,
P2218,Person,Bill Schneider,bill schneider,Political analyst,CNN,4,RECORD-00837,1,,
P2219,Person,Jay Carney,jay carney,Political journalist,Time magazine,4,RECORD-00837,1,,
P2220,Person,Bono,bono,Musician and global poverty activist,ONE Campaign,5,RECORD-00837,1,,
P2221,Person,Bill Frist,bill frist,Former U.S. Senate Majority Leader,Republican Party,4,RECORD-00837,1,,
P2222,Person,Eli Broad,eli broad,Philanthropist,Broad Foundation,4,RECORD-00837,1,,
O1313,Organization,New York University,new york university,University,,6,RECORD-00837,1,,
W0673,Work,OfftheBus.Net,offthebus.net,Citizen journalism project,,5,RECORD-00837,1,,
C0658,Concept,The Idea Race,the idea race,,,7,RECORD-00837,1,,
E0224,Event,2008 U.S. presidential campaign,2008 u.s. presidential campaign,Election,,6,RECORD-00837,1,,
E0225,Event,2003 California gubernatorial recall election,2003 california gubernatorial recall election,Election,,5,RECORD-00837,1,,
E0226,Event,Iowa Straw Poll,iowa straw poll,Straw poll,,3,RECORD-00837,1,,
W0674,Work,The Public Notebook,the public notebook,Blog,,7,RECORD-00644,1,,
P2223,Person,Maria Russo,maria russo,Writer/former colleague,Salon,5,RECORD-00644,1,,
W0675,Work,"Sorry, but it's my party and I'll unfriend if I want to","sorry, but it's my party and i'll unfriend if i want to",Article,,6,RECORD-00644,1,,
W0676,Work,Farmville,farmville,Video game,,3,RECORD-00644,1,,
P2224,Person,Caroline O'Donovan,caroline o'donovan,Journalist/Writer,Nieman Journalism Lab,6,RECORD-00756,1,,
O1314,Organization,Nieman Foundation for Journalism at Harvard University,nieman foundation for journalism at harvard university,Academic Foundation,,6,RECORD-00756,1,,
W0677,Work,Old Testament and New Testament Journalism,old testament and new testament journalism,Blog Post,,8,RECORD-00756,1,,
C0659,Concept,The View from Nowhere,the view from nowhere,,,9,RECORD-00756,1,,
C0660,Concept,Arrogance Born of Monopoly,arrogance born of monopoly,,,8,RECORD-00756,1,,
C0661,Concept,Personal Franchise Model,personal franchise model,,,7,RECORD-00756,1,,
P2225,Person,Jennifer Brandel,jennifer brandel,Co-founder and CEO,Hearken,9,RECORD-00746,1,,
O1315,Organization,Hearken,hearken,Media technology company,,9,RECORD-00746,1,,
C0662,Concept,News Deserts,news deserts,,,6,RECORD-00746,1,,
E0227,Event,2016 U.S. Presidential Election,2016 u.s. presidential election,Election,,8,RECORD-00746,1,,
P2226,Person,Michael Bolden,Michael Bolden,Journalism leader/commentator,American Press Institute,6,RECORD-00001,1,,
C0663,Concept,Pro-democracy journalism,Pro-democracy journalism,,,10,RECORD-00001,1,,
C0664,Concept,Democracy Desk,Democracy Desk,,,8,RECORD-00001,1,,
C0665,Concept,Crisis of democracy,Crisis of democracy,,,7,RECORD-00001,1,,
C0666,Concept,Stakes coverage,Stakes coverage,,,7,RECORD-00001,1,,
E0228,Event,Democracy Day 2022,Democracy Day 2022,Conference/Meeting,,6,RECORD-00001,1,,
P2227,Person,Patrick Healy,Patrick Healy,Political reporter,The New York Times,5,RECORD-00011,1,,
P2228,Person,Christopher Hayes,Christopher Hayes,Political journalist,The Nation,7,RECORD-00011,1,,
P2229,Person,Harold Rosenberg,Harold Rosenberg,Art critic and writer,Independent,6,RECORD-00011,1,,
P2230,Person,Patti Solis Doyle,Patti Solis Doyle,Campaign manager,Clinton 2008 campaign,5,RECORD-00011,1,,
O1316,Organization,The Politico,The Politico,News publication,,8,RECORD-00011,1,,
O1317,Organization,The Boston Globe,The Boston Globe,Newspaper,,7,RECORD-00011,1,,
O1318,Organization,Crooks and Liars,Crooks and Liars,Political blog,,4,RECORD-00011,1,,
O1319,Organization,Harper's Magazine,Harper's Magazine,Magazine,,5,RECORD-00011,1,,
W0678,Work,The Beast Without a Brain: Why Horse Race Journalism Works for Journalists and Fails Us,The Beast Without a Brain: Why Horse Race Journalism Works for Journalists and Fails Us,Essay,,10,RECORD-00011,1,,
W0679,Work,What It Takes,What It Takes,Book,,7,RECORD-00011,1,,
W0680,Work,Organizing Matters: The Lesson from Hillary's Nevada Win,Organizing Matters: The Lesson from Hillary's Nevada Win,Article,,5,RECORD-00011,1,,
W0681,Work,Why Campaign Coverage So Often Sucks,Why Campaign Coverage So Often Sucks,Blog post,,6,RECORD-00011,1,,
C0667,Concept,Herd of independent minds,Herd of independent minds,,,9,RECORD-00011,1,,
C0668,Concept,Unitary executive,Unitary executive,,,6,RECORD-00011,1,,
E0229,Event,2008 New Hampshire Democratic Primary,2008 New Hampshire Democratic Primary,Election,,8,RECORD-00011,1,,
E0230,Event,2008 Iowa Caucuses,2008 Iowa Caucuses,Election,,7,RECORD-00011,1,,
E0231,Event,2008 U.S. Presidential Election,2008 U.S. Presidential Election,Election,,8,RECORD-00011,1,,
C0669,Concept,Vetting ritual,Vetting ritual,,,8,RECORD-00012,1,,
O1320,Organization,Sinclair Broadcasting Group,Sinclair Broadcasting Group,Media company / broadcaster,,10,RECORD-00013,1,,
W0682,Work,The Fallen,The Fallen,Television program episode,,7,RECORD-00013,1,,
P2231,Person,Reed Hundt,Reed Hundt,Former chairman,Federal Communications Commission,6,RECORD-00013,1,,
O1321,Organization,Federal Communications Commission,Federal Communications Commission,Government regulatory agency,,6,RECORD-00013,1,,
C0670,Concept,Deregulation,Deregulation,,,8,RECORD-00013,1,,
C0671,Concept,The political broadcaster,The political broadcaster,,,8,RECORD-00013,1,,
O1322,Organization,NewsCentral,NewsCentral,National news service (Sinclair-controlled),,6,RECORD-00013,1,,
W0683,Work,The Point,The Point,On-air commentary segment,,6,RECORD-00013,1,,
W0684,Work,A POW Story,A POW Story,Television program,,6,RECORD-00013,1,,
W0685,Work,Going Upriver,Going Upriver,Documentary film,,4,RECORD-00013,1,,
E0232,Event,2004 U.S. Presidential Election,2004 U.S. Presidential Election,National election,,8,RECORD-00013,1,,
O1323,Organization,Fox News Channel,Fox News Channel,Cable news network,,4,RECORD-00013,1,,
P2232,Person,David Zurawik,David Zurawik,Television critic,Baltimore Sun,3,RECORD-00013,1,,
P2233,Person,Barry M. Faber,Barry M. Faber,General counsel,Sinclair Broadcasting,3,RECORD-00013,1,,
O1324,Organization,The Baltimore Sun,The Baltimore Sun,Newspaper,,3,RECORD-00013,1,,
P2234,Person,Christopher Colaninno,Christopher Colaninno,Commenter,Brad DeLong's blog,4,RECORD-00014,1,,
W0686,Work,Long Winter for the Media,Long Winter for the Media,Column,,5,RECORD-00014,1,,
C0672,Concept,Misguided contrarianism,Misguided contrarianism,,,8,RECORD-00014,1,,
O1325,Organization,Mercer University,Mercer University,University,,7,RECORD-00040,1,,
O1326,Organization,Center for Collaborative Journalism,Center for Collaborative Journalism,Academic journalism center,,7,RECORD-00040,1,,
C0673,Concept,Lazy reporting,Lazy reporting,,,7,RECORD-00040,1,,
C0674,Concept,False balance in public media journalism,False balance in public media journalism,,,7,RECORD-00041,1,,
W0687,Work,Exiting Deanspace,Exiting Deanspace,essay,,9,RECORD-00171,1,,
W0688,Work,Missteps Pulled a Surging Dean Back to Earth,Missteps Pulled a Surging Dean Back to Earth,newspaper article,,4,RECORD-00171,1,,
W0689,Work,The Pundits Blow It,The Pundits Blow It,newspaper column,,5,RECORD-00171,1,,
E0233,Event,O'Reilly Digital Democracy Teach-In,O'Reilly Digital Democracy Teach-In,conference,,5,RECORD-00171,1,,
E0234,Event,2004 Iowa Democratic caucuses,2004 Iowa Democratic caucuses,election,,8,RECORD-00171,1,,
C0675,Concept,press think,press think,,,8,RECORD-00171,1,,
C0676,Concept,mirage thesis,mirage thesis,,,8,RECORD-00171,1,,
C0677,Concept,coordination costs,coordination costs,,,6,RECORD-00171,1,,
C0678,Concept,frontrunner narrative,frontrunner narrative,,,7,RECORD-00171,1,,
P2235,Person,David Hume,David Hume,Political philosopher,Scottish Enlightenment,9,RECORD-00273,1,,
P2236,Person,Nicolae Ceausescu,Nicolae Ceausescu,Dictator of Romania,Romanian Communist Party,8,RECORD-00273,1,,
P2237,Person,Bruce Nelan,Bruce Nelan,Journalist,Time magazine,5,RECORD-00273,1,,
P2238,Person,Jeff Gill,Jeff Gill,Pastor and columnist,Disciples of Christ; The Newark Advocate,8,RECORD-00273,1,,
P2239,Person,Griff Wigley,Griff Wigley,Volunteer; weblog coach,Northfield Citizens Online; Northfield.org,8,RECORD-00273,1,,
P2240,Person,Aaron Pena,Aaron Pena,Texas State Representative,Texas State Legislature,4,RECORD-00273,1,,
P2241,Person,Cindy Jarvis,Cindy Jarvis,Presbyterian minister,,4,RECORD-00273,1,,
P2242,Person,Michael Liedtke,Michael Liedtke,Reporter,Business Week,4,RECORD-00273,1,,
P2243,Person,Ian Murdock,Ian Murdock,Senior vice president,San Francisco Chronicle,4,RECORD-00273,1,,
P2244,Person,Jean K. Min,Jean K. Min,Director,OhmyNews International,4,RECORD-00273,1,,
O1327,Organization,The Newark Advocate,The Newark Advocate,Local newspaper,,4,RECORD-00273,1,,
O1328,Organization,Assemblies of God,Assemblies of God,Religious denomination,,5,RECORD-00273,1,,
O1329,Organization,Vineyard,Vineyard,Religious movement,,4,RECORD-00273,1,,
O1330,Organization,Willow Creek,Willow Creek,Megachurch,,4,RECORD-00273,1,,
O1331,Organization,Saddleback,Saddleback,Megachurch,,4,RECORD-00273,1,,
O1332,Organization,Northfield Citizens Online,Northfield Citizens Online,Nonprofit/community organization,,6,RECORD-00273,1,,
O1333,Organization,Northfield.org,Northfield.org,Community website,,5,RECORD-00273,1,,
O1334,Organization,ReadMyDay,ReadMyDay,E-democracy project,,4,RECORD-00273,1,,
O1335,Organization,Washington Post,Washington Post,Newspaper,,6,RECORD-00273,1,,
W0690,Work,Of the First Principles of Government,Of the First Principles of Government,Essay,,8,RECORD-00273,1,,
W0691,Work,Are You Ready For a Brand New Beat?,Are You Ready For a Brand New Beat?,Blog post,,5,RECORD-00273,1,,
W0692,Work,Laying the Newspaper Down,Laying the Newspaper Down,Blog post,,5,RECORD-00273,1,,
W0693,Work,Eternally Obsolete,Eternally Obsolete,Essay,,5,RECORD-00273,1,,
C0679,Concept,Government founded on opinion,Government founded on opinion,,,9,RECORD-00273,1,,
C0680,Concept,Professional regime in journalism,Professional regime in journalism,,,8,RECORD-00273,1,,
C0681,Concept,Civic leader blogging,Civic leader blogging,,,7,RECORD-00273,1,,
C0682,Concept,Clergy professionalism,Clergy professionalism,,,7,RECORD-00273,1,,
C0683,Concept,Velvet revolutions,Velvet revolutions,,,6,RECORD-00273,1,,
C0684,Concept,Tipping point in citizens' media,Tipping point in citizens' media,,,5,RECORD-00273,1,,
E0235,Event,Execution of Nicolae Ceausescu,Execution of Nicolae Ceausescu,Execution,,7,RECORD-00273,1,,
E0236,Event,Civic Blogosphere Project,Civic Blogosphere Project,Project,,6,RECORD-00273,1,,
L0200,Location,"Northfield, Minnesota","Northfield, Minnesota",City,,7,RECORD-00273,1,,
L0201,Location,"Granville, Ohio","Granville, Ohio",Village,,5,RECORD-00273,1,,
L0202,Location,"Redmond, Washington","Redmond, Washington",City,,4,RECORD-00273,1,,
L0203,Location,Romania,Romania,Country,,5,RECORD-00273,1,,
P2245,Person,Trevor Butterworth,Trevor Butterworth,Journalist,Financial Times,6,RECORD-00375,1,,
P2246,Person,Ryan Blitstein,Ryan Blitstein,Journalist,SF Weekly,4,RECORD-00375,1,,
P2247,Person,Daniel Defoe,Daniel Defoe,"Writer, Late Stuart period",,4,RECORD-00375,1,,
P2248,Person,John Temple,John Temple,Editor,Rocky Mountain News,5,RECORD-00375,1,,
P2249,Person,Eric Raymond,Eric Raymond,Open Source advocate,,4,RECORD-00375,1,,
P2250,Person,Joseph Addison,Joseph Addison,"Essayist, Late Stuart period",,3,RECORD-00375,1,,
P2251,Person,Richard Steele,Richard Steele,"Essayist, Late Stuart period",,3,RECORD-00375,1,,
O1336,Organization,Columbia Journalism School,Columbia Journalism School,Academic institution,,8,RECORD-00375,1,,
O1337,Organization,Washington Monthly,Washington Monthly,Magazine,,6,RECORD-00375,1,,
O1338,Organization,Financial Times,Financial Times,Newspaper,,6,RECORD-00375,1,,
O1339,Organization,SF Weekly,SF Weekly,Alternative weekly newspaper,,4,RECORD-00375,1,,
O1340,Organization,Global Voices,Global Voices,Citizen media network,,5,RECORD-00375,1,,
O1341,Organization,Weekly Standard,Weekly Standard,Magazine,,5,RECORD-00375,1,,
O1342,Organization,Daylife,Daylife,News aggregator,,4,RECORD-00375,1,,
O1343,Organization,New York Times,New York Times,Newspaper,,5,RECORD-00375,1,,
O1344,Organization,Wall Street Journal,Wall Street Journal,Newspaper,,4,RECORD-00375,1,,
O1345,Organization,AEJMC,AEJMC,Academic association,,3,RECORD-00375,1,,
W0694,Work,Amateur Hour,Amateur Hour,Magazine article,,10,RECORD-00375,1,,
W0695,Work,Introduction to PressThink,Introduction to PressThink,Blog post,,7,RECORD-00375,1,,
W0696,Work,Five Things All Sane People Agree On About Blogs And Mainstream Journalism,Five Things All Sane People Agree On About Blogs And Mainstream Journalism,Blog post,,7,RECORD-00375,1,,
W0697,Work,Ten Things Conservative About the Weblog Form in Journalism,Ten Things Conservative About the Weblog Form in Journalism,Blog post,,5,RECORD-00375,1,,
W0698,Work,Time for the last post,Time for the last post,Magazine article,,6,RECORD-00375,1,,
W0699,Work,The Media's Ancien Régime,The Media's Ancien Régime,Magazine article,,5,RECORD-00375,1,,
W0700,Work,"Bigger, better journalism","Bigger, better journalism",Blog post,,4,RECORD-00375,1,,
C0685,Concept,Pamphleteering,Pamphleteering,,,7,RECORD-00375,1,,
C0686,Concept,Journalism without journalists,Journalism without journalists,,,8,RECORD-00375,1,,
C0687,Concept,Read write culture,Read write culture,,,5,RECORD-00375,1,,
C0688,Concept,Free Software,Free Software,,,4,RECORD-00375,1,,
P2252,Person,Ron Rosenbaum,Ron Rosenbaum,Journalist,New York Observer,6,RECORD-00426,1,,
P2253,Person,Tim Withers,Tim Withers,Founder of Wilgoren Watch,Wilgoren Watch,5,RECORD-00426,1,,
P2254,Person,Noah Shachtman,Noah Shachtman,Reporter,Wired magazine,5,RECORD-00426,1,,
P2255,Person,Jello Biafra,Jello Biafra,Musician and activist,Independent,4,RECORD-00426,1,,
O1346,Organization,The Daily Howler,The Daily Howler,Blog/Media,,6,RECORD-00426,1,,
O1347,Organization,Wilgoren Watch,Wilgoren Watch,Watch blog,,5,RECORD-00426,1,,
O1348,Organization,Fact-esque,Fact-esque,Watch blog,,4,RECORD-00426,1,,
O1349,Organization,"Big, Left, Outside","Big, Left, Outside",Blog,,4,RECORD-00426,1,,
C0689,Concept,Media Hate,Media Hate,,,7,RECORD-00426,1,,
C0690,Concept,The Media as cosmic abstraction,The Media as cosmic abstraction,,,6,RECORD-00426,1,,
C0691,Concept,Citizenship as public intervention,Citizenship as public intervention,,,6,RECORD-00426,1,,
C0692,Concept,Rhetorical violence,Rhetorical violence,,,6,RECORD-00426,1,,
E0237,Event,2004 U.S. Presidential Campaign,2004 U.S. Presidential Campaign,Election,,8,RECORD-00426,1,,
P2256,Person,Pat Caddell,Pat Caddell,Democratic strategist,Democratic Party,6,RECORD-00477,1,,
P2257,Person,Wretchard,Wretchard,Blogger,Belmont Club,6,RECORD-00477,1,,
W0701,Work,60 Minutes,60 Minutes,Television program,,8,RECORD-00477,1,,
W0702,Work,The Note,The Note,Political news column,,6,RECORD-00477,1,,
C0693,Concept,Mainstream Media vs. Kid Internet,Mainstream Media vs. Kid Internet,,,8,RECORD-00477,1,,
C0694,Concept,Collapse of the traditional news model,Collapse of the traditional news model,,,8,RECORD-00477,1,,
E0238,Event,Killian documents controversy (Rathergate),Killian documents controversy (Rathergate),Media scandal,,10,RECORD-00477,1,,
E0239,Event,Guard week,Guard week,News cycle,,7,RECORD-00477,1,,
E0240,Event,Swift Boat Veterans for Truth controversy,Swift Boat Veterans for Truth controversy,Political controversy,,7,RECORD-00477,1,,
P2258,Person,Steve Benen,Steve Benen,Blogger,Carpetbagger Report,4,RECORD-00478,1,,
P2259,Person,David Petraeus,David Petraeus,"General, U.S. Army",U.S. Military,8,RECORD-00478,1,,
P2260,Person,Spencer Ackerman,Spencer Ackerman,Reporter,Washington Independent,6,RECORD-00478,1,,
P2261,Person,Neil Gabler,Neil Gabler,Critic,New York Times,6,RECORD-00478,1,,
P2262,Person,Tony Rezko,Tony Rezko,Businessman,Chicago,4,RECORD-00478,1,,
P2263,Person,Jules Crittenden,Jules Crittenden,Commentator,Boston Herald,3,RECORD-00478,1,,
O1350,Organization,Huffington Post,Huffington Post,News media,,5,RECORD-00478,1,,
O1351,Organization,Straight Talk Express,Straight Talk Express,Campaign bus,,7,RECORD-00478,1,,
C0695,Concept,Reality-based approach to policy-making,Reality-based approach to policy-making,,,7,RECORD-00478,1,,
C0696,Concept,Presumptive credibility,Presumptive credibility,,,8,RECORD-00478,1,,
C0697,Concept,Counterinsurgency doctrine,Counterinsurgency doctrine,,,6,RECORD-00478,1,,
C0698,Concept,Questions actually answered (QAA),Questions actually answered (QAA),,,6,RECORD-00478,1,,
C0699,Concept,Savvy detachment,Savvy detachment,,,6,RECORD-00478,1,,
E0241,Event,McCain's claim that Iran trains Al Qaeda,McCain's claim that Iran trains Al Qaeda,Political statement,,8,RECORD-00478,1,,
P2264,Person,"Frederick J. Ryan, Jr.","Frederick J. Ryan, Jr.",President,Allbritton Communications,6,RECORD-00481,1,,
P2265,Person,Marty Tolchin,Marty Tolchin,Editor-in-chief (departing),Capitol Leader,5,RECORD-00481,1,,
P2266,Person,Michael Bloomberg,Michael Bloomberg,"Mayor of New York, founder of Bloomberg news organization",City of New York / Bloomberg,4,RECORD-00481,1,,
P2267,Person,Michael Sokolove,Michael Sokolove,Contributing writer,The New York Times Magazine,4,RECORD-00481,1,,
P2268,Person,Rem Rieder,Rem Rieder,Editor,American Journalism Review,3,RECORD-00481,1,,
P2269,Person,Mart Potts,Mart Potts,Co-founder,washingtonpost.com,3,RECORD-00481,1,,
P2270,Person,Patrick Gavin,Patrick Gavin,Media blogger,Fishbowl DC,3,RECORD-00481,1,,
O1352,Organization,WJLA-TV,WJLA-TV,Television station (ABC affiliate),,4,RECORD-00481,1,,
O1353,Organization,Washington Star,Washington Star,Defunct newspaper,,3,RECORD-00481,1,,
O1354,Organization,Capitol Leader,Capitol Leader,Newspaper (new launch),,7,RECORD-00481,1,,
O1355,Organization,Face the Nation,Face the Nation,Television news program,,4,RECORD-00481,1,,
O1356,Organization,CBS This Morning,CBS This Morning,Television news program,,4,RECORD-00481,1,,
O1357,Organization,The Hotline,The Hotline,Online political news portal,,3,RECORD-00481,1,,
C0700,Concept,Institutional bias in political journalism,Institutional bias in political journalism,,,9,RECORD-00481,1,,
C0701,Concept,Gentleman's agreements (in political reporting),Gentleman's agreements (in political reporting),,,9,RECORD-00481,1,,
C0702,Concept,Pulling back the curtain on political journalism,Pulling back the curtain on political journalism,,,8,RECORD-00481,1,,
C0703,Concept,Platform agnosticism,Platform agnosticism,,,6,RECORD-00481,1,,
C0704,Concept,Unbundling of the metropolitan newspaper,Unbundling of the metropolitan newspaper,,,6,RECORD-00481,1,,
C0705,Concept,Journalism's state secrets,Journalism's state secrets,,,8,RECORD-00481,1,,
C0706,Concept,Truly down the middle political news,Truly down the middle political news,,,6,RECORD-00481,1,,
W0703,Work,Biography of Bill Clinton,Biography of Bill Clinton,Book,,3,RECORD-00481,1,,
L0204,Location,"Washington, D.C.","Washington, D.C.",U.S. capital city,,5,RECORD-00481,1,,
P2271,Person,Mark Warner,Mark Warner,"Politician, former presidential candidate",Democratic Party,6,RECORD-00484,1,,
P2272,Person,J.D. Lasica,J.D. Lasica,Journalist and interviewer,Independent,4,RECORD-00484,1,,
P2273,Person,Charles P. Pierce,Charles P. Pierce,Writer,Esquire,5,RECORD-00484,1,,
W0704,Work,Swampland,Swampland,Political blog,,6,RECORD-00484,1,,
W0705,Work,The Beauty Contest,The Beauty Contest,Magazine article,,4,RECORD-00484,1,,
W0706,Work,News Is A Conversation,News Is A Conversation,Essay,,4,RECORD-00484,1,,
E0242,Event,YearlyKos 2007,YearlyKos 2007,Political conference,,10,RECORD-00484,1,,
E0243,Event,YearlyKos 2006,YearlyKos 2006,Political conference,,6,RECORD-00484,1,,
C0707,Concept,My readers know more than I do,My readers know more than I do,,,9,RECORD-00484,1,,
C0708,Concept,News as two-way conversation,News as two-way conversation,,,8,RECORD-00484,1,,
C0709,Concept,Responsibility not to be labeled,Responsibility not to be labeled,,,8,RECORD-00484,1,,
P2274,Person,Roy Blunt,Roy Blunt,U.S. Representative from Missouri,Republican Party,5,RECORD-00486,1,,
P2275,Person,Scott Reed,Scott Reed,Republican political consultant,Republican Party,5,RECORD-00486,1,,
P2276,Person,Kate Snow,Kate Snow,Reporter,ABC News,4,RECORD-00486,1,,
P2277,Person,Catherine Martin,Catherine Martin,Public-affairs assistant to Vice President Cheney,White House,5,RECORD-00486,1,,
P2278,Person,Philip J. Trounstine,Philip J. Trounstine,Journalist,Salon,5,RECORD-00486,1,,
P2279,Person,Mark Shields,Mark Shields,Political commentator,PBS NewsHour,5,RECORD-00486,1,,
P2280,Person,Paul Wolfowitz,Paul Wolfowitz,Deputy Secretary of Defense,Bush administration,6,RECORD-00486,1,,
P2281,Person,John Tabin,John Tabin,Writer,The American Spectator,4,RECORD-00486,1,,
O1358,Organization,The White House,The White House,Government,,10,RECORD-00486,1,,
O1359,Organization,White House press corps,White House press corps,Press group,,9,RECORD-00486,1,,
C0710,Concept,Press as special interest group,Press as special interest group,,,10,RECORD-00486,1,,
C0711,Concept,Liberal bias thesis,Liberal bias thesis,,,8,RECORD-00486,1,,
C0712,Concept,Press as foil / useful idiot,Press as foil / useful idiot,,,7,RECORD-00486,1,,
C0713,Concept,Presidential infallibility doctrine,Presidential infallibility doctrine,,,8,RECORD-00486,1,,
C0714,Concept,Press conference as leadership forum,Press conference as leadership forum,,,8,RECORD-00486,1,,
C0715,Concept,Global war on terrorism,Global war on terrorism,,,7,RECORD-00486,1,,
E0244,Event,"April 13, 2004 Bush prime-time press conference","April 13, 2004 Bush prime-time press conference",Press conference,,10,RECORD-00486,1,,
E0245,Event,September 11 attacks,September 11 attacks,Terrorist attack,,8,RECORD-00486,1,,
E0246,Event,Bush's tenth solo press conference,Bush's tenth solo press conference,Press conference,,5,RECORD-00486,1,,
P2282,Person,Nick Confessore,Nick Confessore,Writer,The American Prospect,5,RECORD-00487,1,,
P2283,Person,Kenneth Thorpe,Kenneth Thorpe,"Health care economics professor, former Clinton administration official",Emory University,4,RECORD-00487,1,,
O1360,Organization,Annenberg Public Policy Center,Annenberg Public Policy Center,Research center,,7,RECORD-00487,1,,
O1361,Organization,Cable Newser,Cable Newser,Weblog,,6,RECORD-00487,1,,
O1362,Organization,Hotline,Hotline,Political tipsheet,,5,RECORD-00487,1,,
O1363,Organization,The Gadflyer,The Gadflyer,Online publication,,4,RECORD-00487,1,,
O1364,Organization,Bush/Cheney 2004 campaign,Bush/Cheney 2004 campaign,Political campaign,,6,RECORD-00487,1,,
O1365,Organization,Kerry campaign,Kerry campaign,Political campaign,,6,RECORD-00487,1,,
O1366,Organization,PressCourt,PressCourt,Online media accountability project,,4,RECORD-00487,1,,
W0707,Work,Campaign Ads Are Under Fire for Inaccuracy,Campaign Ads Are Under Fire for Inaccuracy,News article,,9,RECORD-00487,1,,
W0708,Work,"From Bush, Unprecedented Negativity","From Bush, Unprecedented Negativity",News article,,9,RECORD-00487,1,,
W0709,Work,ClueTrain Manifesto,ClueTrain Manifesto,Manifesto,,4,RECORD-00487,1,,
C0716,Concept,Reputational capital,Reputational capital,,,8,RECORD-00487,1,,
C0717,Concept,Gatekeeping in journalism,Gatekeeping in journalism,,,7,RECORD-00487,1,,
C0718,Concept,Reportorial voice,Reportorial voice,,,7,RECORD-00487,1,,
C0719,Concept,De-voicing of American journalism,De-voicing of American journalism,,,7,RECORD-00487,1,,
P2284,Person,John Armato,John Armato,Blogger,Crooks and Liars,5,RECORD-00488,1,,
P2285,Person,Cindy McCain,Cindy McCain,Wife of John McCain,Hensley & Co.,5,RECORD-00488,1,,
P2286,Person,Robert Stacy McCain,Robert Stacy McCain,Conservative journalist and blogger,The American Spectator,4,RECORD-00488,1,,
O1367,Organization,Media Matters for America,Media Matters for America,Media watchdog nonprofit,,7,RECORD-00488,1,,
W0710,Work,Free Ride: John McCain and the Media,Free Ride: John McCain and the Media,Book,,6,RECORD-00488,1,,
W0711,Work,The Candidate,The Candidate,Film,,4,RECORD-00488,1,,
W0712,Work,Cosmological Flyboy,Cosmological Flyboy,Blog post,,5,RECORD-00488,1,,
E0247,Event,Eschacon '08,Eschacon '08,Blogger conference,,7,RECORD-00488,1,,
E0248,Event,2008 United States presidential election,2008 United States presidential election,Election,,9,RECORD-00488,1,,
E0249,Event,Keating Five scandal,Keating Five scandal,Political scandal,,5,RECORD-00488,1,,
C0720,Concept,Radical openness with the press,Radical openness with the press,,,8,RECORD-00488,1,,
C0721,Concept,Blogospheric war on the mainstream media,Blogospheric war on the mainstream media,,,8,RECORD-00488,1,,
C0722,Concept,Press-McCain love affair,Press-McCain love affair,,,7,RECORD-00488,1,,
C0723,Concept,Message discipline,Message discipline,,,5,RECORD-00488,1,,
C0724,Concept,Straight Talk Express,Straight Talk Express,,,6,RECORD-00488,1,,
P2287,Person,Marjie Lundstrom,Marjie Lundstrom,"Journalist, editor, writing coach",Sacramento Bee,9,RECORD-00490,1,,
P2288,Person,José Luis Villegas,José Luis Villegas,Photographer,Sacramento Bee,6,RECORD-00490,1,,
P2289,Person,Pete Basofin,Pete Basofin,Newspaper librarian,Sacramento Bee,4,RECORD-00490,1,,
P2290,Person,Kyle Gann,Kyle Gann,"Music critic, composer",PostClassic / ArtsJournal,9,RECORD-00490,1,,
P2291,Person,John Adams,John Adams,Composer,Classical music,5,RECORD-00490,1,,
W0713,Work,Campaign Coverage Without the Candidates,Campaign Coverage Without the Candidates,Essay,,9,RECORD-00490,1,,
W0714,Work,PostClassic,PostClassic,Weblog,,7,RECORD-00490,1,,
W0715,Work,Following the Classical Script,Following the Classical Script,Blog post,,7,RECORD-00490,1,,
C0725,Concept,Truth of Numbers,Truth of Numbers,,,8,RECORD-00490,1,,
C0726,Concept,Truth of Voices,Truth of Voices,,,8,RECORD-00490,1,,
C0727,Concept,It is what it is,It is what it is,,,7,RECORD-00490,1,,
C0728,Concept,Forced choice,Forced choice,,,6,RECORD-00490,1,,
C0729,Concept,Geographic bias,Geographic bias,,,6,RECORD-00490,1,,
C0730,Concept,Horse race news,Horse race news,,,6,RECORD-00490,1,,
L0205,Location,Placer County,Placer County,U.S. county,,5,RECORD-00490,1,,
L0206,Location,Modoc County,Modoc County,U.S. county,,4,RECORD-00490,1,,
P2292,Person,Thomas B. Edsall,Thomas B. Edsall,Political reporter,The Washington Post,10,RECORD-00492,1,,
P2293,Person,Thomas L. McPhail,Thomas L. McPhail,Journalism professor,University of Missouri-St. Louis,9,RECORD-00492,1,,
P2294,Person,Terence R. McAuliffe,Terence R. McAuliffe,DNC Chair,Democratic National Committee,4,RECORD-00492,1,,
P2295,Person,Jeffrey H. Birnbaum,Jeffrey H. Birnbaum,Staff writer,The Washington Post,3,RECORD-00492,1,,
O1368,Organization,University of Missouri-St. Louis,University of Missouri-St. Louis,University,,6,RECORD-00492,1,,
O1369,Organization,Providence Journal Bulletin,Providence Journal Bulletin,Newspaper,,2,RECORD-00492,1,,
W0716,Work,The New Politics of Inequality,The New Politics of Inequality,Book,,4,RECORD-00492,1,,
W0717,Work,Power and Money,Power and Money,Book,,3,RECORD-00492,1,,
W0718,Work,"Chain Reaction: The Impact of Race, Rights and Taxes on American Politics","Chain Reaction: The Impact of Race, Rights and Taxes on American Politics",Book,,5,RECORD-00492,1,,
W0719,Work,The Reagan Legacy: A Nation Adrift,The Reagan Legacy: A Nation Adrift,Book,,2,RECORD-00492,1,,
W0720,Work,"For Lobbyists, Big Spending Means Big Presence","For Lobbyists, Big Spending Means Big Presence",Article,,4,RECORD-00492,1,,
W0721,Work,McAuliffe Is Dems' Comeback Kid,McAuliffe Is Dems' Comeback Kid,Article,,4,RECORD-00492,1,,
C0731,Concept,Group think in journalism,Group think in journalism,,,8,RECORD-00492,1,,
C0732,Concept,Pretend journalists,Pretend journalists,,,7,RECORD-00492,1,,
C0733,Concept,Political weblogs,Political weblogs,,,8,RECORD-00492,1,,
E0250,Event,2004 Republican National Convention,2004 Republican National Convention,Political convention,,5,RECORD-00492,1,,
E0251,Event,Trent Lott downed-by-weblogs story,Trent Lott downed-by-weblogs story,Media event,,7,RECORD-00492,1,,
P2296,Person,"I. Lewis ""Scooter"" Libby","I. Lewis ""Scooter"" Libby",Chief of staff,Office of the Vice President,7,RECORD-00493,1,,
P2297,Person,Douglas Jehl,Douglas Jehl,Reporter,The New York Times Washington bureau,6,RECORD-00493,1,,
P2298,Person,Bob Bennett,Bob Bennett,Criminal lawyer (representing Miller),Independent,4,RECORD-00493,1,,
O1370,Organization,Reporters Committee for Freedom of the Press,Reporters Committee for Freedom of the Press,Press advocacy nonprofit,,4,RECORD-00493,1,,
O1371,Organization,Village Voice,Village Voice,Newspaper,,4,RECORD-00493,1,,
W0722,Work,Reliable Sources,Reliable Sources,Television program,,7,RECORD-00493,1,,
W0723,Work,The Hypothesis: Notes on the Judy Miller Situation,The Hypothesis: Notes on the Judy Miller Situation,Blog post,,6,RECORD-00493,1,,
W0724,Work,The Times at Bay: Armchair Critic Speculates,The Times at Bay: Armchair Critic Speculates,Blog post,,5,RECORD-00493,1,,
W0725,Work,News Comes in Code: Judy Miller's Return to the Times,News Comes in Code: Judy Miller's Return to the Times,Blog post,,5,RECORD-00493,1,,
W0726,Work,Rollback,Rollback,Blog post,,4,RECORD-00493,1,,
W0727,Work,Case of C.I.A. Officer's Leaked Identity Takes New Turn,Case of C.I.A. Officer's Leaked Identity Takes New Turn,News article,,5,RECORD-00493,1,,
W0728,Work,Everything Bad Is Good For You,Everything Bad Is Good For You,Book,,3,RECORD-00493,1,,
C0734,Concept,News comes in code,News comes in code,,,8,RECORD-00493,1,,
C0735,Concept,Pictures that shimmer,Pictures that shimmer,,,6,RECORD-00493,1,,
C0736,Concept,Editorial default,Editorial default,,,6,RECORD-00493,1,,
E0252,Event,Plame leak investigation,Plame leak investigation,Federal investigation,,9,RECORD-00493,1,,
E0253,Event,Judith Miller's jailing and release,Judith Miller's jailing and release,Legal / press freedom,,8,RECORD-00493,1,,
E0254,Event,Jayson Blair plagiarism scandal,Jayson Blair plagiarism scandal,Journalism scandal,,6,RECORD-00493,1,,
P2299,Person,Jonathan Schell,Jonathan Schell,Writer/Journalist,The New Yorker,9,RECORD-00495,1,,
W0729,Work,History in Sherman Park: An American Family and the Reagan-Mondale Election,History in Sherman Park: An American Family and the Reagan-Mondale Election,Book,,9,RECORD-00495,1,,
W0730,Work,Players: Toward a More Honest Job Description For the Political Press,Players: Toward a More Honest Job Description For the Political Press,Essay,,6,RECORD-00495,1,,
W0731,Work,What Time is it in Political Journalism?,What Time is it in Political Journalism?,Essay,,5,RECORD-00495,1,,
W0732,Work,Psst... The Press is a Player,Psst... The Press is a Player,Essay,,5,RECORD-00495,1,,
O1372,Organization,Alfred A. Knopf,Alfred A. Knopf,Book Publisher,,6,RECORD-00495,1,,
C0737,Concept,Enterprise reporting,Enterprise reporting,,,7,RECORD-00495,1,,
C0738,Concept,Rotating the image,Rotating the image,,,8,RECORD-00495,1,,
C0739,Concept,Press as players,Press as players,,,7,RECORD-00495,1,,
C0740,Concept,Two-front war narrative,Two-front war narrative,,,7,RECORD-00495,1,,
L0207,Location,"Sherman Park, Milwaukee","Sherman Park, Milwaukee",Suburb,,7,RECORD-00495,1,,
E0255,Event,1984 Reagan-Mondale Presidential Election,1984 Reagan-Mondale Presidential Election,Election,,7,RECORD-00495,1,,
P2300,Person,Václav Havel,Václav Havel,President of Czechoslovakia,Czechoslovak government,4,RECORD-00496,1,,
O1373,Organization,Democratic National Convention,Democratic National Convention,Political organization,,6,RECORD-00496,1,,
C0741,Concept,The Cool Style,The Cool Style,,,9,RECORD-00496,1,,
C0742,Concept,Bully Pulpit,Bully Pulpit,,,7,RECORD-00496,1,,
C0743,Concept,Going Direct,Going Direct,,,7,RECORD-00496,1,,
E0256,Event,Inauguration of Barack Obama,Inauguration of Barack Obama,Presidential inauguration,,8,RECORD-00496,1,,
L0208,Location,White House Briefing Room,White House Briefing Room,Government building,,7,RECORD-00496,1,,
P2301,Person,Faye M. Anderson,Faye M. Anderson,"Blogger, former national correspondent for PoliticallyBlack.com",Republican National Committee (former),7,RECORD-00498,1,,
P2302,Person,Judith Donath,Judith Donath,"Professor at MIT Media Lab, director of Sociable Media research group",MIT Media Lab,8,RECORD-00498,1,,
P2303,Person,Jon Bonne,Jon Bonne,"Food and wine writer, blogger",MSNBC.com,7,RECORD-00498,1,,
P2304,Person,Jane Singer,Jane Singer,Professor of journalism,"University of Iowa, School of Journalism and Mass Communication",7,RECORD-00498,1,,
P2305,Person,Mao Zedong,Mao Zedong,Chinese revolutionary and political theorist,,3,RECORD-00498,1,,
O1374,Organization,BusinessWeek,BusinessWeek,Magazine,,5,RECORD-00498,1,,
O1375,Organization,National Enquirer,National Enquirer,Tabloid newspaper,,5,RECORD-00498,1,,
O1376,Organization,Nieman Foundation for Journalism,Nieman Foundation for Journalism,Journalism foundation,,6,RECORD-00498,1,,
O1377,Organization,"University of Iowa, School of Journalism and Mass Communication","University of Iowa, School of Journalism and Mass Communication",Academic institution,,5,RECORD-00498,1,,
O1378,Organization,"Graduate School of Journalism, University of California, Berkeley","Graduate School of Journalism, University of California, Berkeley",Academic institution,,5,RECORD-00498,1,,
O1379,Organization,American Press Institute,American Press Institute,Journalism organization,,4,RECORD-00498,1,,
W0733,Work,Small Pieces Loosely Joined,Small Pieces Loosely Joined,Book,,7,RECORD-00498,1,,
W0734,Work,The Cluetrain Manifesto,The Cluetrain Manifesto,Book,,5,RECORD-00498,1,,
E0257,Event,"Blogging, Journalism & Credibility conference","Blogging, Journalism & Credibility conference",Academic conference,,9,RECORD-00498,1,,
C0744,Concept,Credibility online,Credibility online,,,9,RECORD-00498,1,,
C0745,Concept,Transparency in journalism,Transparency in journalism,,,7,RECORD-00498,1,,
C0746,Concept,Podcasting,Podcasting,,,5,RECORD-00498,1,,
C0747,Concept,Unity of opposites,Unity of opposites,,,4,RECORD-00498,1,,
L0209,Location,"Cambridge, Massachusetts","Cambridge, Massachusetts",City,,5,RECORD-00498,1,,
P2306,Person,David Neiwert,David Neiwert,Journalist and blogger,Orcinus,4,RECORD-00499,1,,
P2307,Person,Robert Sam Anson,Robert Sam Anson,Columnist and journalist,New York Observer,4,RECORD-00499,1,,
O1380,Organization,Kerry-Edwards campaign,Kerry-Edwards campaign,Presidential campaign,,8,RECORD-00499,1,,
O1381,Organization,PBS Newshour,PBS Newshour,Television news program,,5,RECORD-00499,1,,
O1382,Organization,Lehman Brothers,Lehman Brothers,Investment bank and equity research firm,,5,RECORD-00499,1,,
O1383,Organization,Hannaford,Hannaford,Supermarket chain,,5,RECORD-00499,1,,
O1384,Organization,Edison Schools,Edison Schools,For-profit education company,,4,RECORD-00499,1,,
W0735,Work,Triumph of the Will,Triumph of the Will,Propaganda documentary film,,4,RECORD-00499,1,,
W0736,Work,Agnew with TV Stations: Sinclair Broadcasting Takes On John Kerry and The Liberal Media,Agnew with TV Stations: Sinclair Broadcasting Takes On John Kerry and The Liberal Media,Blog post,,6,RECORD-00499,1,,
W0737,Work,Kerry Should Accept,Kerry Should Accept,Blog post,,7,RECORD-00499,1,,
W0738,Work,The Sinclair Challenge,The Sinclair Challenge,Newspaper column,,5,RECORD-00499,1,,
W0739,Work,The Dark Campaign,The Dark Campaign,Blog post,,5,RECORD-00499,1,,
W0740,Work,Risks Seen for TV Chain Showing Film About Kerry,Risks Seen for TV Chain Showing Film About Kerry,Newspaper article,,4,RECORD-00499,1,,
C0748,Concept,Equal time rule,Equal time rule,,,6,RECORD-00499,1,,
C0749,Concept,Swift Boat Veterans for Truth attacks,Swift Boat Veterans for Truth attacks,,,6,RECORD-00499,1,,
C0750,Concept,Political empire built of television stations,Political empire built of television stations,,,7,RECORD-00499,1,,
L0210,Location,"Baltimore, Maryland","Baltimore, Maryland",City,,6,RECORD-00499,1,,
P2308,Person,Steven A. Smith,Steven A. Smith,Editor,Spokane Spokesman-Review,10,RECORD-00500,1,,
P2309,Person,Leonard Downie,Leonard Downie,Executive Editor,The Washington Post,7,RECORD-00500,1,,
P2310,Person,Judy Pace Christie,Judy Pace Christie,Author/Journalist,ASNE,3,RECORD-00500,1,,
P2311,Person,Gordon Jackson,Gordon Jackson,Journalism Professor / Independent Critic,Whitworth College,4,RECORD-00500,1,,
P2312,Person,Gene Weingarten,Gene Weingarten,Columnist,The Washington Post,3,RECORD-00500,1,,
P2313,Person,Doug Clark,Doug Clark,Metro Columnist,Spokane Spokesman-Review,2,RECORD-00500,1,,
O1385,Organization,The Spokesman-Review,The Spokesman-Review,Newspaper,,10,RECORD-00500,1,,
O1386,Organization,The Gazette,The Gazette,Newspaper,,3,RECORD-00500,1,,
O1387,Organization,Statesman Journal,Statesman Journal,Newspaper,,3,RECORD-00500,1,,
O1388,Organization,Whitworth College,Whitworth College,University,,3,RECORD-00500,1,,
C0751,Concept,Fortress Newsroom,Fortress Newsroom,,,9,RECORD-00500,1,,
C0752,Concept,User-as-Producer Model,User-as-Producer Model,,,7,RECORD-00500,1,,
W0741,Work,Fortress Journalism Failed. The Transparent Newsroom Works.,Fortress Journalism Failed. The Transparent Newsroom Works.,Essay,,9,RECORD-00500,1,,
W0742,Work,Ask the Editors,Ask the Editors,Online Blog,,3,RECORD-00500,1,,
W0743,Work,Finding the Frame,Finding the Frame,Online Feature,,3,RECORD-00500,1,,
E0258,Event,Judith Miller Fiasco,Judith Miller Fiasco,Press Controversy,,6,RECORD-00500,1,,
E0259,Event,Plame Case,Plame Case,Press Controversy,,6,RECORD-00500,1,,
E0260,Event,ASNE Credibility Project,ASNE Credibility Project,Research Project,,6,RECORD-00500,1,,
L0211,Location,"Spokane, Washington","Spokane, Washington",City,,7,RECORD-00500,1,,
P2314,Person,Ed O'Keefe,Ed O'Keefe,Off-air reporter,ABC News,9,RECORD-00502,1,,
P2315,Person,Esther Scott,Esther Scott,Author of Kennedy School case study,Harvard Kennedy School,6,RECORD-00502,1,,
P2316,Person,David Frum,David Frum,Conservative writer,Independent,4,RECORD-00502,1,,
P2317,Person,George Wallace,George Wallace,"Politician, segregationist presidential candidate",Alabama,3,RECORD-00502,1,,
P2318,Person,John Naughton,John Naughton,Journalist,The Guardian,2,RECORD-00502,1,,
O1389,Organization,Harvard Kennedy School of Government,Harvard Kennedy School of Government,Academic institution,,9,RECORD-00502,1,,
O1390,Organization,Council of Conservative Citizens,Council of Conservative Citizens,Political advocacy group,,5,RECORD-00502,1,,
O1391,Organization,Project on Excellence in Journalism,Project on Excellence in Journalism,Research organization,,6,RECORD-00502,1,,
O1392,Organization,AOL,AOL,Media company,,5,RECORD-00502,1,,
O1393,Organization,Time Warner,Time Warner,Media conglomerate,,5,RECORD-00502,1,,
W0744,Work,"""Big Media"" Meets the ""Bloggers""","""Big Media"" Meets the ""Bloggers""",Case study,,10,RECORD-00502,1,,
W0745,Work,Chain Reaction,Chain Reaction,Book,,5,RECORD-00502,1,,
W0746,Work,The State of the News Media,The State of the News Media,Report,,7,RECORD-00502,1,,
W0747,Work,The Weblog: An Extremely Democratic Form in Journalism,The Weblog: An Extremely Democratic Form in Journalism,Blog post,,3,RECORD-00502,1,,
C0753,Concept,24-hour news cycle,24-hour news cycle,,,8,RECORD-00502,1,,
C0754,Concept,Counter-conversation,Counter-conversation,,,8,RECORD-00502,1,,
C0755,Concept,Dixiecrat politics,Dixiecrat politics,,,6,RECORD-00502,1,,
E0261,Event,Strom Thurmond's 100th birthday party,Strom Thurmond's 100th birthday party,Political event,,10,RECORD-00502,1,,
E0262,Event,Strom Thurmond's 1948 presidential campaign,Strom Thurmond's 1948 presidential campaign,Political campaign,,8,RECORD-00502,1,,
E0263,Event,Trent Lott resignation as Senate Majority Leader,Trent Lott resignation as Senate Majority Leader,Political resignation,,8,RECORD-00502,1,,
P2319,Person,Jay Nordlinger,Jay Nordlinger,Journalist,National Review,5,RECORD-00503,1,,
P2320,Person,Carol Platt Liebau,Carol Platt Liebau,Blogger,Independent,4,RECORD-00503,1,,
E0264,Event,Easongate / Eason Jordan Davos controversy,Easongate / Eason Jordan Davos controversy,Media controversy,,10,RECORD-00503,1,,
E0265,Event,World Economic Forum 2005,World Economic Forum 2005,International conference,,8,RECORD-00503,1,,
L0212,Location,Davos,Davos,City,,7,RECORD-00503,1,,
C0756,Concept,Targeting of journalists,Targeting of journalists,,,8,RECORD-00503,1,,
P2321,Person,Cole C. Campbell,Cole C. Campbell,"Journalist, former newspaper editor",St. Louis Post-Dispatch (former),9,RECORD-00504,1,,
P2322,Person,John F. Harris,John F. Harris,Political writer,The Washington Post,7,RECORD-00504,1,,
P2323,Person,Wesley K. Clark,Wesley K. Clark,"Presidential candidate, retired General",Democratic Party,6,RECORD-00504,1,,
O1394,Organization,Columbia Journalism Review Campaign Desk,Columbia Journalism Review Campaign Desk,Journalism blog / publication,,6,RECORD-00504,1,,
C0757,Concept,Pressthink,Pressthink,,,9,RECORD-00504,1,,
C0758,Concept,Front-runner narrative,Front-runner narrative,,,9,RECORD-00504,1,,
C0759,Concept,Coverage of coverage,Coverage of coverage,,,7,RECORD-00504,1,,
C0760,Concept,Political innocence of the press,Political innocence of the press,,,9,RECORD-00504,1,,
W0748,Work,Innocent in Iowa,Innocent in Iowa,Essay / blog post,,8,RECORD-00504,1,,
E0266,Event,2004 New Hampshire Democratic primary,2004 New Hampshire Democratic primary,Political primary contest,,7,RECORD-00504,1,,
L0213,Location,FleetCenter,FleetCenter,Venue,,7,RECORD-00505,1,,
L0214,Location,Free Speech Zone,Free Speech Zone,Designated protest area,,7,RECORD-00505,1,,
O1395,Organization,Democratic Congressional Campaign Committee,Democratic Congressional Campaign Committee,Political committee,,5,RECORD-00505,1,,
O1396,Organization,Hartford Courant,Hartford Courant,Newspaper,,5,RECORD-00505,1,,
O1397,Organization,"Graduate School of Journalism, UC Berkeley","Graduate School of Journalism, UC Berkeley",Academic program,,4,RECORD-00505,1,,
O1398,Organization,Kerry-Edwards 2004 campaign,Kerry-Edwards 2004 campaign,Presidential campaign,,6,RECORD-00505,1,,
P2324,Person,Liz Halloran,Liz Halloran,Reporter,Hartford Courant,5,RECORD-00505,1,,
P2325,Person,Alex Williams,Alex Williams,Reporter,The New York Times,4,RECORD-00505,1,,
P2326,Person,Danah Boyd,Danah Boyd,Researcher / writer,Salon,5,RECORD-00505,1,,
P2327,Person,Jessica Bram,Jessica Bram,Writer,Westport Now,3,RECORD-00505,1,,
C0761,Concept,The Perimeter,The Perimeter,,,9,RECORD-00505,1,,
C0762,Concept,Words as deeds,Words as deeds,,,6,RECORD-00505,1,,
C0763,Concept,Blogging as political dialogue,Blogging as political dialogue,,,8,RECORD-00505,1,,
C0764,Concept,Post-9/11 security culture,Post-9/11 security culture,,,8,RECORD-00505,1,,
E0267,Event,2000 Democratic National Convention,2000 Democratic National Convention,Political Convention,,4,RECORD-00505,1,,
W0749,Work,Slogging Through Convention Blogs,Slogging Through Convention Blogs,Newspaper article,,5,RECORD-00505,1,,
W0750,Work,Blogged in Boston: Politics Gets an Unruly Spin,Blogged in Boston: Politics Gets an Unruly Spin,Newspaper article,,5,RECORD-00505,1,,
W0751,Work,1984,1984,Novel,,4,RECORD-00505,1,,
P2328,Person,Joe DeFeo,Joe DeFeo,Vice President of News,Sinclair Broadcast Group,6,RECORD-00507,1,,
P2329,Person,Don Hewitt,Don Hewitt,Television producer,60 Minutes / CBS,4,RECORD-00507,1,,
P2330,Person,Stephen Kiehl,Stephen Kiehl,Reporter,Baltimore Sun,4,RECORD-00507,1,,
P2331,Person,Barry Faber,Barry Faber,Lawyer,Sinclair Broadcast Group,5,RECORD-00507,1,,
O1399,Organization,CBS,CBS,Television network,,5,RECORD-00507,1,,
O1400,Organization,Burger King,Burger King,Restaurant chain / advertiser,,3,RECORD-00507,1,,
W0752,Work,"A POW Story: Politics, Pressure and the Media","A POW Story: Politics, Pressure and the Media",Television special,,8,RECORD-00507,1,,
W0753,Work,Fahrenheit 9/11,Fahrenheit 9/11,Documentary film,,4,RECORD-00507,1,,
C0765,Concept,Paranoid style of politics,Paranoid style of politics,,,7,RECORD-00507,1,,
C0766,Concept,Free media,Free media,,,4,RECORD-00507,1,,
P2332,Person,Sherry Chisenhall,Sherry Chisenhall,Editor,Wichita Eagle,7,RECORD-00508,1,,
P2333,Person,Mike Days,Mike Days,Editor,Philadelphia Daily News,7,RECORD-00508,1,,
P2334,Person,Mike Silverman,Mike Silverman,Managing editor,Associated Press,6,RECORD-00508,1,,
P2335,Person,Susan Glasser,Susan Glasser,Sunday Outlook editor,Washington Post,6,RECORD-00508,1,,
P2336,Person,Joan Vennochi,Joan Vennochi,Columnist,Boston Globe,4,RECORD-00508,1,,
P2337,Person,Geraldo Rivera,Geraldo Rivera,TV host,Fox News,3,RECORD-00508,1,,
O1401,Organization,Wichita Eagle,Wichita Eagle,Newspaper,,6,RECORD-00508,1,,
O1402,Organization,International Coal Group Inc.,International Coal Group Inc.,Mining company,,5,RECORD-00508,1,,
O1403,Organization,Newsbusters,Newsbusters,Media criticism blog,,4,RECORD-00508,1,,
E0268,Event,Sago mine disaster,Sago mine disaster,Industrial disaster / press failure,,10,RECORD-00508,1,,
L0215,Location,West Virginia,West Virginia,U.S. state,,6,RECORD-00508,1,,
C0767,Concept,Accuracy vs. truth in journalism,Accuracy vs. truth in journalism,,,9,RECORD-00508,1,,
C0768,Concept,Moral voice in journalism,Moral voice in journalism,,,9,RECORD-00508,1,,
C0769,Concept,Trust transaction in journalism,Trust transaction in journalism,,,8,RECORD-00508,1,,
C0770,Concept,Report what you know and how you know it,Report what you know and how you know it,,,6,RECORD-00508,1,,
P2338,Person,Kaye Trammell,Kaye Trammell,"Academic, blogger",Academic,6,RECORD-00509,1,,
P2339,Person,Jimmy Breslin,Jimmy Breslin,"Columnist, reporter, writer",Newsday,7,RECORD-00509,1,,
P2340,Person,Dean Landsman,Dean Landsman,Commenter on blogging,Independent,4,RECORD-00509,1,,
P2341,Person,Sheldon Wolin,Sheldon Wolin,Political philosopher,Princeton University,6,RECORD-00509,1,,
P2342,Person,Geoffrey Nunberg,Geoffrey Nunberg,"Linguist, commentator","Fresh Air, NPR",6,RECORD-00509,1,,
P2343,Person,Vin Crosbie,Vin Crosbie,"Media analyst, writer",Independent,5,RECORD-00509,1,,
P2344,Person,Ryszard Kapuscinski,Ryszard Kapuscinski,"Journalist, author of literary reportage",Independent,5,RECORD-00509,1,,
O1404,Organization,BloggerCon,BloggerCon,Conference,,9,RECORD-00509,1,,
O1405,Organization,Political Animal,Political Animal,Blog,,5,RECORD-00509,1,,
O1406,Organization,New York Observer,New York Observer,Newspaper,,5,RECORD-00509,1,,
O1407,Organization,IndyMedia,IndyMedia,Independent media network,,5,RECORD-00509,1,,
O1408,Organization,CableNewser,CableNewser,Blog,,4,RECORD-00509,1,,
W0754,Work,The Twilight of the Information Middlemen,The Twilight of the Information Middlemen,Article,,6,RECORD-00509,1,,
W0755,Work,Blogging in the Global Lunchroom,Blogging in the Global Lunchroom,Radio commentary,,5,RECORD-00509,1,,
W0756,Work,A Few Thoughts on Journalism and What Can Weblogs Do About It,A Few Thoughts on Journalism and What Can Weblogs Do About It,Essay,,6,RECORD-00509,1,,
W0757,Work,Is Blogging Journalism? (Rounds 1-4),Is Blogging Journalism? (Rounds 1-4),Article series,,5,RECORD-00509,1,,
C0771,Concept,Random acts of journalism,Random acts of journalism,,,7,RECORD-00509,1,,
C0772,Concept,Blogging is not journalism,Blogging is not journalism,,,9,RECORD-00509,1,,
C0773,Concept,Become the media,Become the media,,,5,RECORD-00509,1,,
C0774,Concept,"Bloggers are editors, not journalists","Bloggers are editors, not journalists",,,5,RECORD-00509,1,,
C0775,Concept,Vision in politics / corrected fullness,Vision in politics / corrected fullness,,,5,RECORD-00509,1,,
E0269,Event,BloggerCon II,BloggerCon II,Conference,,9,RECORD-00509,1,,
P2345,Person,Rick Perlstein,Rick Perlstein,Historian and author,Independent author,8,RECORD-00587,1,,
P2346,Person,Craig Shirley,Craig Shirley,Republican operative and Reagan biographer,Shirley & Banister Public Affairs,7,RECORD-00587,1,,
P2347,Person,Bill Brink,Bill Brink,Deputy media editor,The New York Times,4,RECORD-00587,1,,
P2348,Person,Lord Lawson,Lord Lawson,Politician and climate change policy critic,UK climate policy lobbying group,5,RECORD-00587,1,,
P2349,Person,Ann Coulter,Ann Coulter,Conservative commentator,Shirley & Banister Public Affairs (client),5,RECORD-00587,1,,
O1409,Organization,British Broadcasting Corporation,British Broadcasting Corporation,Public broadcaster,,8,RECORD-00587,1,,
O1410,Organization,The Telegraph,The Telegraph,Newspaper,,6,RECORD-00587,1,,
O1411,Organization,Shirley & Banister Public Affairs,Shirley & Banister Public Affairs,Public affairs firm,,5,RECORD-00587,1,,
O1412,Organization,Citizens United,Citizens United,Conservative advocacy organization,,6,RECORD-00587,1,,
W0758,Work,The Invisible Bridge: The Fall of Nixon and the Rise of Reagan,The Invisible Bridge: The Fall of Nixon and the Rise of Reagan,Book,,8,RECORD-00587,1,,
C0776,Concept,False equivalency,False equivalency,,,7,RECORD-00587,1,,
C0777,Concept,Climate change,Climate change,,,7,RECORD-00587,1,,
P2350,Person,Julian Sinclair Smith,Julian Sinclair Smith,Founder of Sinclair Broadcast Group,Sinclair Broadcast Group,5,RECORD-00614,1,,
P2351,Person,Ajit Pai,Ajit Pai,Chairman of the Federal Communications Commission,Federal Communications Commission,8,RECORD-00614,1,,
P2352,Person,Boris Epshteyn,Boris Epshteyn,"Chief political analyst, former Trump surrogate",Sinclair Broadcast Group,7,RECORD-00614,1,,
P2353,Person,Jared Kushner,Jared Kushner,Senior adviser to the President,Trump administration,7,RECORD-00614,1,,
O1413,Organization,Tribune Media,Tribune Media,Media company,,9,RECORD-00614,1,,
O1414,Organization,Cable News Network,Cable News Network,Cable news network,,5,RECORD-00614,1,,
O1415,Organization,Department of Justice,Department of Justice,Government agency,,5,RECORD-00614,1,,
O1416,Organization,Campaign Legal Center,Campaign Legal Center,Public interest group,,5,RECORD-00614,1,,
W0759,Work,Last Week Tonight,Last Week Tonight,Television program,,7,RECORD-00614,1,,
W0760,Work,WBFF,WBFF,Television station,,5,RECORD-00614,1,,
C0778,Concept,Must-runs,Must-runs,,,9,RECORD-00614,1,,
C0779,Concept,UHF discount,UHF discount,,,7,RECORD-00614,1,,
C0780,Concept,Next Gen TV,Next Gen TV,,,6,RECORD-00614,1,,
C0781,Concept,Voice-of-God journalism,Voice-of-God journalism,,,7,RECORD-00614,1,,
E0270,Event,Sinclair-Tribune merger,Sinclair-Tribune merger,Corporate acquisition,,10,RECORD-00614,1,,
E0271,Event,2016 presidential campaign,2016 presidential campaign,Political campaign,,7,RECORD-00614,1,,
L0216,Location,Baltimore,Baltimore,City,,6,RECORD-00614,1,,
W0761,Work,Rereading America: Cultural Contexts for Critical Thinking and Writing,Rereading America: Cultural Contexts for Critical Thinking and Writing,Book,,10,RECORD-00624,1,,
P2354,Person,Gary Colombo,Gary Colombo,Author,Rereading America,7,RECORD-00624,1,,
P2355,Person,Robert Cullen,Robert Cullen,Author,Rereading America,7,RECORD-00624,1,,
P2356,Person,Bonnie Lisle,Bonnie Lisle,Author,Rereading America,7,RECORD-00624,1,,
O1417,Organization,St. Martin's Press,St. Martin's Press,Publisher,,6,RECORD-00624,1,,
P2357,Person,Bradley Manning,Bradley Manning,Whistleblower,US Army,6,RECORD-00632,1,,
P2358,Person,David Miranda,David Miranda,Partner of Glenn Greenwald,,7,RECORD-00632,1,,
W0762,Work,Espionage Act,Espionage Act,Legislation,,7,RECORD-00632,1,,
C0782,Concept,Surveillance state,Surveillance state,,,9,RECORD-00632,1,,
C0783,Concept,Total information awareness,Total information awareness,,,7,RECORD-00632,1,,
C0784,Concept,Stateless journalism,Stateless journalism,,,7,RECORD-00632,1,,
E0272,Event,Snowden NSA leaks,Snowden NSA leaks,Whistleblower disclosure,,9,RECORD-00632,1,,
E0273,Event,David Miranda detention at Heathrow,David Miranda detention at Heathrow,Anti-terrorism detention,,8,RECORD-00632,1,,
L0217,Location,London Heathrow Airport,London Heathrow Airport,Airport,,7,RECORD-00632,1,,
L0218,Location,Rio de Janeiro,Rio de Janeiro,City,,5,RECORD-00632,1,,
P2359,Person,Jonathan Stray,Jonathan Stray,Journalist and author,Independent,9,RECORD-00633,1,,
C0785,Concept,Four types of scoops,Four types of scoops,,,9,RECORD-00633,1,,
C0786,Concept,Exclusive information from a confidential source,Exclusive information from a confidential source,,,7,RECORD-00633,1,,
C0787,Concept,Expert interview scoop,Expert interview scoop,,,6,RECORD-00633,1,,
C0788,Concept,Analysis as a form of scoop,Analysis as a form of scoop,,,6,RECORD-00633,1,,
C0789,Concept,Economics of modern journalism,Economics of modern journalism,,,6,RECORD-00633,1,,
P2360,Person,Mick Mulvaney,Mick Mulvaney,Former White House Chief of Staff; paid news contributor,CBS News,10,RECORD-00634,1,,
O1418,Organization,Trump White House,Trump White House,Executive branch administration,,6,RECORD-00634,1,,
E0274,Event,First impeachment of Donald Trump,First impeachment of Donald Trump,Impeachment,,7,RECORD-00634,1,,
E0275,Event,Russian invasion of Ukraine,Russian invasion of Ukraine,War / invasion,,8,RECORD-00634,1,,
C0790,Concept,Forum for debate vs. institution for accountability,Forum for debate vs. institution for accountability,,,8,RECORD-00634,1,,
O1419,Organization,StoryCorps,StoryCorps,Nonprofit Organization,,7,RECORD-00635,1,,
O1420,Organization,Quartz,Quartz,News Organization,,7,RECORD-00635,1,,
E0276,Event,Open Studio Night,Open Studio Night,Academic Showcase,,8,RECORD-00635,1,,
E0277,Event,The Great Thanksgiving Listen,The Great Thanksgiving Listen,Storytelling Initiative,,6,RECORD-00635,1,,
P2361,Person,Julian Assange,Julian Assange,Founder of WikiLeaks,WikiLeaks,10,RECORD-00637,1,,
L0219,Location,Sweden,Sweden,Country,,5,RECORD-00637,1,,
C0791,Concept,Dissembling,Dissembling,,,7,RECORD-00637,1,,
P2362,Person,Janet Napolitano,Janet Napolitano,Secretary of Homeland Security,Department of Homeland Security,6,RECORD-00638,1,,
O1421,Organization,Transportation Security Administration,Transportation Security Administration,Government agency,,9,RECORD-00638,1,,
O1422,Organization,Department of Homeland Security,Department of Homeland Security,Government agency,,5,RECORD-00638,1,,
O1423,Organization,New Black Panther Party,New Black Panther Party,Political organization,,4,RECORD-00638,1,,
C0792,Concept,Media echo chamber,Media echo chamber,,,7,RECORD-00638,1,,
C0793,Concept,TSA body scanners and pat-downs controversy,TSA body scanners and pat-downs controversy,,,9,RECORD-00638,1,,
C0794,Concept,Journalistic apologist,Journalistic apologist,,,7,RECORD-00638,1,,
O1424,Organization,Change the Ratio,Change the Ratio,Advocacy group / conference organizer,,9,RECORD-00639,1,,
E0278,Event,Change the Ratio conference,Change the Ratio conference,Conference,,8,RECORD-00639,1,,
P2363,Person,Jean-François Fogel,Jean-François Fogel,"Journalist, media observer",Le Monde (former),7,RECORD-00640,1,,
P2364,Person,Frédéric Filloux,Frédéric Filloux,"Head of digital activities, newsletter author",Les Échos,7,RECORD-00640,1,,
P2365,Person,Aron Pilhofer,Aron Pilhofer,Head of digital technologies,The Guardian,7,RECORD-00640,1,,
O1425,Organization,Gigaom,Gigaom,Technology blog,,6,RECORD-00640,1,,
O1426,Organization,Digiday,Digiday,Media publication,,6,RECORD-00640,1,,
O1427,Organization,Radio-Canada,Radio-Canada,Public broadcaster,,7,RECORD-00640,1,,
O1428,Organization,Le Monde,Le Monde,Newspaper,,7,RECORD-00640,1,,
O1429,Organization,City University of New York,City University of New York,University,,7,RECORD-00640,1,,
O1430,Organization,Les Échos,Les Échos,Newspaper group,,6,RECORD-00640,1,,
W0763,Work,Une presse sans Gutenberg,Une presse sans Gutenberg,Book,,6,RECORD-00640,1,,
W0764,Work,BuzzMachine,BuzzMachine,Blog,,7,RECORD-00640,1,,
W0765,Work,Monday Note,Monday Note,Newsletter,,6,RECORD-00640,1,,
W0766,Work,Next Draft,Next Draft,Newsletter,,6,RECORD-00640,1,,
W0767,Work,Need to Know,Need to Know,Newsletter,,5,RECORD-00640,1,,
W0768,Work,Médiacitoyens,Médiacitoyens,Blog,,5,RECORD-00640,1,,
C0795,Concept,Journalisme entrepreneurial,Journalisme entrepreneurial,,,6,RECORD-00640,1,,
C0796,Concept,Journalisme de données,Journalisme de données,,,7,RECORD-00640,1,,
C0797,Concept,Journalisme citoyen,Journalisme citoyen,,,7,RECORD-00640,1,,
P2366,Person,Paul Blest,Paul Blest,Journalist,VICE,7,RECORD-00641,1,,
O1431,Organization,VICE,VICE,News Media,,7,RECORD-00641,1,,
O1432,Organization,One America News Network,One America News Network,News Media,,5,RECORD-00641,1,,
W0769,Work,Trump's Train-Wreck NPR Interview Shows How to Cover Him,Trump's Train-Wreck NPR Interview Shows How to Cover Him,Article,,7,RECORD-00641,1,,
E0279,Event,NPR Interview with Donald Trump,NPR Interview with Donald Trump,Interview,,9,RECORD-00641,1,,
E0280,Event,2020 U.S. Presidential Election,2020 U.S. Presidential Election,Election,,8,RECORD-00641,1,,
C0798,Concept,Process statements,Process statements,,,8,RECORD-00641,1,,
C0799,Concept,Whataboutism,Whataboutism,,,6,RECORD-00641,1,,
C0800,Concept,Firehose of falsehoods,Firehose of falsehoods,,,7,RECORD-00641,1,,
C0801,Concept,Setting ground rules in advance,Setting ground rules in advance,,,8,RECORD-00641,1,,
C0802,Concept,Journalists as masters of exposure,Journalists as masters of exposure,,,7,RECORD-00641,1,,
P2367,Person,Thomas Frank,Thomas Frank,"Author, political analyst",Independent,9,RECORD-00643,1,,
P2368,Person,Jonathan Yardley,Jonathan Yardley,"Book reviewer, critic",New York Times,7,RECORD-00643,1,,
P2369,Person,Phill Kline,Phill Kline,"Attorney General, anti-abortion activist",Kansas Republican Party,5,RECORD-00643,1,,
P2370,Person,Dan Glickman,Dan Glickman,"U.S. Representative, Secretary of Agriculture","Democratic Party, Clinton administration",6,RECORD-00643,1,,
O1433,Organization,Citigroup,Citigroup,Financial institution,,4,RECORD-00643,1,,
O1434,Organization,Clinton administration,Clinton administration,U.S. presidential administration,,5,RECORD-00643,1,,
W0770,Work,What's the Matter With Kansas?,What's the Matter With Kansas?,Book,,9,RECORD-00643,1,,
C0803,Concept,Free-market populism,Free-market populism,,,8,RECORD-00643,1,,
C0804,Concept,Culture wars,Culture wars,,,6,RECORD-00643,1,,
L0220,Location,Kansas,Kansas,U.S. state,,9,RECORD-00643,1,,
P2371,Person,Giuseppe Richeri,Giuseppe Richeri,"Academic colleague, co-editor",USI (Università della Svizzera italiana),5,RECORD-00645,1,,
P2372,Person,Wiebke Loosen,Wiebke Loosen,Journalism researcher,Journalistik,5,RECORD-00645,1,,
P2373,Person,Nick Diakopoulos,Nick Diakopoulos,"Journalism scholar, author",Columbia Journalism Review,5,RECORD-00645,1,,
P2374,Person,Josh Constine,Josh Constine,Journalist,TechCrunch,5,RECORD-00645,1,,
P2375,Person,David Levy,David Levy,"Editor, journalism researcher",Reuters Institute for the Study of Journalism,5,RECORD-00645,1,,
P2376,Person,Rasmus Kleis Nielsen,Rasmus Kleis Nielsen,"Journalism researcher, editor",Reuters Institute for the Study of Journalism,6,RECORD-00645,1,,
P2377,Person,Klaus Meier,Klaus Meier,"Journalism professor, author",Journalistik,5,RECORD-00645,1,,
P2378,Person,Michael Skapinker,Michael Skapinker,Columnist,Financial Times,5,RECORD-00645,1,,
P2379,Person,Stephan Russ-Mohl,Stephan Russ-Mohl,"Journalism scholar, lecturer",USI (Università della Svizzera italiana),7,RECORD-00645,1,,
P2380,Person,Niklas Luhmann,Niklas Luhmann,"Sociologist, systems theorist",German sociology,7,RECORD-00645,1,,
O1435,Organization,Reuters Institute for the Study of Journalism,Reuters Institute for the Study of Journalism,Academic research institute,,8,RECORD-00645,1,,
O1436,Organization,Oxford University,Oxford University,University,,8,RECORD-00645,1,,
O1437,Organization,Università della Svizzera italiana,Università della Svizzera italiana,University,,5,RECORD-00645,1,,
O1438,Organization,Neue Zürcher Zeitung,Neue Zürcher Zeitung,Newspaper,,6,RECORD-00645,1,,
O1439,Organization,TechCrunch,TechCrunch,Technology news publication,,6,RECORD-00645,1,,
O1440,Organization,European Journalism Observatory,European Journalism Observatory,Journalism research organization,,6,RECORD-00645,1,,
O1441,Organization,Universität Fribourg,Universität Fribourg,University,,4,RECORD-00645,1,,
W0771,Work,Die fünfte Gewalt,Die fünfte Gewalt,Edited volume,,5,RECORD-00645,1,,
W0772,Work,Facebook Is The New Paperboy,Facebook Is The New Paperboy,Article,,5,RECORD-00645,1,,
W0773,Work,Silicon Valley and journalism: make up or break up?,Silicon Valley and journalism: make up or break up?,Lecture,,7,RECORD-00645,1,,
W0774,Work,The Changing Business of Journalism and its Implications for Democracy,The Changing Business of Journalism and its Implications for Democracy,Edited book,,6,RECORD-00645,1,,
W0775,Work,Journalismus mit Zukunft. Journalistische Kompetenzen für die digitale Medienwelt,Journalismus mit Zukunft. Journalistische Kompetenzen für die digitale Medienwelt,Article,,5,RECORD-00645,1,,
W0776,Work,"Long live the sub-editor, the unsung hero of journalism","Long live the sub-editor, the unsung hero of journalism",Column,,5,RECORD-00645,1,,
W0777,Work,"Was Lokaljournalisten von Soziologen lernen können: Warum es sich lohnt, Niklas Luhmann zu lesen","Was Lokaljournalisten von Soziologen lernen können: Warum es sich lohnt, Niklas Luhmann zu lesen",Article,,5,RECORD-00645,1,,
C0805,Concept,Native Advertising / Content Marketing,Native Advertising / Content Marketing,,,7,RECORD-00645,1,,
C0806,Concept,Computational journalism,Computational journalism,,,7,RECORD-00645,1,,
C0807,Concept,Neues Ökosystem der Nachrichten,Neues Ökosystem der Nachrichten,,,7,RECORD-00645,1,,
C0808,Concept,Mobile journalism / mobiles Publikum,Mobile journalism / mobiles Publikum,,,6,RECORD-00645,1,,
C0809,Concept,Journalism as a public good,Journalism as a public good,,,6,RECORD-00645,1,,
E0281,Event,Wissenschaft und Praxis im Dialog lecture series,Wissenschaft und Praxis im Dialog lecture series,Academic lecture series,,4,RECORD-00645,1,,
L0221,Location,Mainz,Mainz,City,,3,RECORD-00645,1,,
P2381,Person,Michelle Bachmann,Michelle Bachmann,"Republican presidential candidate, U.S. Representative",Republican Party,5,RECORD-00646,1,,
P2382,Person,Herman Cain,Herman Cain,"Republican presidential candidate, businessman",Republican Party,5,RECORD-00646,1,,
P2383,Person,Nancy Pelosi,Nancy Pelosi,"Democratic politician, former Speaker of the House",Democratic Party,4,RECORD-00646,1,,
O1442,Organization,Tea Party,Tea Party,Political movement,,7,RECORD-00646,1,,
O1443,Organization,Freddie Mac,Freddie Mac,Government-backed mortgage company,,4,RECORD-00646,1,,
C0810,Concept,Cultural conservatism,Cultural conservatism,,,9,RECORD-00646,1,,
C0811,Concept,Economic conservatism,Economic conservatism,,,9,RECORD-00646,1,,
C0812,Concept,American exceptionalism,American exceptionalism,,,5,RECORD-00646,1,,
C0813,Concept,Religious right,Religious right,,,7,RECORD-00646,1,,
E0282,Event,2012 Republican Primary,2012 Republican Primary,Political primary election,,10,RECORD-00646,1,,
L0222,Location,Massachusetts,Massachusetts,U.S. state,,5,RECORD-00646,1,,
L0223,Location,Soviet Union,Soviet Union,Former country,,4,RECORD-00646,1,,
P2384,Person,Craig Blomberg,Craig Blomberg,Biblical scholar and Christian apologist,Christian Research Journal,8,RECORD-00647,1,,
P2385,Person,Francis J. Beckwith,Francis J. Beckwith,Christian philosopher and apologist,Christian Research Journal,8,RECORD-00647,1,,
P2386,Person,Paul Copan,Paul Copan,Christian philosopher and apologist,Christian Research Journal,7,RECORD-00647,1,,
P2387,Person,Charles Taliaferro,Charles Taliaferro,Christian philosopher,Christian Research Journal,7,RECORD-00647,1,,
O1444,Organization,Christian Research Journal,Christian Research Journal,Religious publication,,8,RECORD-00647,1,,
W0778,Work,Making Biblical Scholarship More Biblical,Making Biblical Scholarship More Biblical,Article,,7,RECORD-00647,1,,
W0779,Work,"Substance, Souls and Human Beings","Substance, Souls and Human Beings",Article,,7,RECORD-00647,1,,
W0780,Work,Is the God of the Old Testament a Moral Monster?,Is the God of the Old Testament a Moral Monster?,Article,,7,RECORD-00647,1,,
W0781,Work,Deuteronomy,Deuteronomy,Religious text,,6,RECORD-00647,1,,
C0814,Concept,Christian apologetics,Christian apologetics,,,9,RECORD-00647,1,,
C0815,Concept,Is of identity vs. is of predication,Is of identity vs. is of predication,,,7,RECORD-00647,1,,
C0816,Concept,Problem of evil,Problem of evil,,,8,RECORD-00647,1,,
C0817,Concept,Gratuitous vs non-gratuitous suffering,Gratuitous vs non-gratuitous suffering,,,6,RECORD-00647,1,,
C0818,Concept,Good bias vs bad bias,Good bias vs bad bias,,,6,RECORD-00647,1,,
C0819,Concept,ANE warfare rhetoric as hyperbole,ANE warfare rhetoric as hyperbole,,,6,RECORD-00647,1,,
L0224,Location,Canaan,Canaan,Historical region,,5,RECORD-00647,1,,
L0225,Location,Ancient Near East,Ancient Near East,Historical region,,6,RECORD-00647,1,,
P2388,Person,Scott Jaschik,Scott Jaschik,Journalist,Inside Higher Ed,6,RECORD-00648,1,,
P2389,Person,Dan Meyer,Dan Meyer,Math teacher and education technology innovator,,7,RECORD-00648,1,,
W0782,Work,A Group Is Its Own Worst Enemy,A Group Is Its Own Worst Enemy,Essay,,9,RECORD-00648,1,,
O1445,Organization,Ethnography of the University Initiative,Ethnography of the University Initiative,Academic research initiative,,6,RECORD-00648,1,,
O1446,Organization,University of Illinois,University of Illinois,University,,6,RECORD-00648,1,,
C0820,Concept,Context of Alternatives,Context of Alternatives,,,8,RECORD-00648,1,,
C0821,Concept,Context of History,Context of History,,,8,RECORD-00648,1,,
C0822,Concept,Context of Implementation,Context of Implementation,,,8,RECORD-00648,1,,
C0823,Concept,Social software,Social software,,,7,RECORD-00648,1,,
P2390,Person,Philip N. Howard,Philip N. Howard,Author/Academic,The Next Digital Decade,9,RECORD-00649,1,,
P2391,Person,Berin Szoka,Berin Szoka,Editor,The Next Digital Decade,5,RECORD-00649,1,,
P2392,Person,Adam Marcus,Adam Marcus,Editor,The Next Digital Decade,5,RECORD-00649,1,,
W0783,Work,The Next Digital Decade: Essays on the Future of the Internet,The Next Digital Decade: Essays on the Future of the Internet,Book,,8,RECORD-00649,1,,
O1447,Organization,fivethirtyeight.com,fivethirtyeight.com,Blog/News site,,6,RECORD-00649,1,,
O1448,Organization,Members of Parliament,Members of Parliament,Government body,,5,RECORD-00649,1,,
C0824,Concept,Computer-assisted reporting,Computer-assisted reporting,,,7,RECORD-00649,1,,
C0825,Concept,Social network analysis,Social network analysis,,,7,RECORD-00649,1,,
C0826,Concept,Data visualization,Data visualization,,,7,RECORD-00649,1,,
C0827,Concept,Digital networks,Digital networks,,,8,RECORD-00649,1,,
E0283,Event,UK MPs expenses scandal,UK MPs expenses scandal,Political scandal,,7,RECORD-00649,1,,
P2393,Person,Walter Benjamin,Walter Benjamin,Philosopher and cultural critic,Frankfurt School,9,RECORD-00650,1,,
P2394,Person,Plato,Plato,Ancient Greek philosopher,Academy of Athens,7,RECORD-00650,1,,
P2395,Person,Theuth,Theuth,Egyptian god of writing in Plato's dialogue,Plato's Phaedrus,5,RECORD-00650,1,,
P2396,Person,Thamus,Thamus,Egyptian king in Plato's dialogue,Plato's Phaedrus,5,RECORD-00650,1,,
W0784,Work,Phaedrus,Phaedrus,Philosophical dialogue,,7,RECORD-00650,1,,
C0828,Concept,Information overload,Information overload,,,8,RECORD-00650,1,,
C0829,Concept,Externalized memory,Externalized memory,,,8,RECORD-00650,1,,
C0830,Concept,Knowledge vs. acquaintance,Knowledge vs. acquaintance,,,9,RECORD-00650,1,,
C0831,Concept,Writing as technology,Writing as technology,,,7,RECORD-00650,1,,
C0832,Concept,Web 2.0,Web 2.0,,,7,RECORD-00651,1,,
C0833,Concept,Paywall,Paywall,,,10,RECORD-00652,1,,
C0834,Concept,Sunday morning political talk shows,Sunday morning political talk shows,,,9,RECORD-00653,1,,
C0835,Concept,Shot clock for talking heads,Shot clock for talking heads,,,9,RECORD-00653,1,,
C0836,Concept,Real-time fact-checking,Real-time fact-checking,,,6,RECORD-00653,1,,
P2397,Person,Carl Lavin,Carl Lavin,Journalist,Politics Daily,7,RECORD-00655,1,,
O1449,Organization,Politics Daily,Politics Daily,News organization,,6,RECORD-00655,1,,
O1450,Organization,The Washington press,The Washington press,Institutional press,,8,RECORD-00655,1,,
W0785,Work,White House Escalates War on Fox News,White House Escalates War on Fox News,News article,,6,RECORD-00655,1,,
W0786,Work,White House vs. Fox News: A New Escalation,White House vs. Fox News: A New Escalation,News article,,6,RECORD-00655,1,,
C0837,Concept,The View from Somewhere,The View from Somewhere,,,8,RECORD-00655,1,,
C0838,Concept,Post-modern journalism,Post-modern journalism,,,6,RECORD-00655,1,,
C0839,Concept,Fracturing of the press,Fracturing of the press,,,7,RECORD-00655,1,,
W0787,Work,Jay Rosen's 10-point ethics checklist for journalists,Jay Rosen's 10-point ethics checklist for journalists,Checklist,,9,RECORD-00656,1,,
C0840,Concept,Fairness in reporting,Fairness in reporting,,,8,RECORD-00656,1,,
P2398,Person,Jonathan Martin,Jonathan Martin,Political journalist,Politico,5,RECORD-00657,1,,
C0841,Concept,Church of the Savvy,Church of the Savvy,,,10,RECORD-00657,1,,
C0842,Concept,Government Transparency,Government Transparency,,,8,RECORD-00657,1,,
C0843,Concept,State Secrets Privilege,State Secrets Privilege,,,6,RECORD-00657,1,,
O1451,Organization,Obama Administration,Obama Administration,Government Administration,,9,RECORD-00657,1,,
O1452,Organization,Supreme Court of the United States,Supreme Court of the United States,Judicial body,,6,RECORD-00657,1,,
W0788,Work,Obameter,Obameter,Tracking tool,,5,RECORD-00657,1,,
P2399,Person,Mitch McConnell,Mitch McConnell,"U.S. Senator (R-KY), Senate Minority Leader",Republican Party,7,RECORD-00658,1,,
P2400,Person,Orrin Hatch,Orrin Hatch,U.S. Senator (R-UT),Republican Party,5,RECORD-00658,1,,
P2401,Person,George Pataki,George Pataki,Former Governor of New York,Republican Party,5,RECORD-00658,1,,
P2402,Person,Ted Kennedy,Ted Kennedy,U.S. Senator (D-MA),Democratic Party,4,RECORD-00658,1,,
P2403,Person,Jon Kyl,Jon Kyl,U.S. Senator (R-AZ),Republican Party,5,RECORD-00658,1,,
P2404,Person,Michele Bachmann,Michele Bachmann,U.S. Representative (R-MN),Republican Party,7,RECORD-00658,1,,
O1453,Organization,News Hounds,News Hounds,Media watchdog blog,,4,RECORD-00658,1,,
O1454,Organization,Mediaite,Mediaite,Media news website,,4,RECORD-00658,1,,
O1455,Organization,Think Progress,Think Progress,Political news website,,4,RECORD-00658,1,,
O1456,Organization,Congressional Budget Office,Congressional Budget Office,Federal agency,,3,RECORD-00658,1,,
O1457,Organization,SurveyUSA,SurveyUSA,Polling firm,,2,RECORD-00658,1,,
W0789,Work,Meet the Press,Meet the Press,Television news program,,10,RECORD-00658,1,,
C0844,Concept,Fact-checking guests on television,Fact-checking guests on television,,,10,RECORD-00658,1,,
C0845,Concept,Lie of the Year,Lie of the Year,,,5,RECORD-00658,1,,
C0846,Concept,Affordable Care Act / health care reform,Affordable Care Act / health care reform,,,7,RECORD-00658,1,,
C0847,Concept,American Recovery and Reinvestment Act (stimulus),American Recovery and Reinvestment Act (stimulus),,,5,RECORD-00658,1,,
P2405,Person,David H. Freedman,David H. Freedman,Journalist and author,Independent,8,RECORD-00659,1,,
P2406,Person,Bill Gurley,Bill Gurley,Venture capitalist,Benchmark Capital,6,RECORD-00659,1,,
P2407,Person,Ron Paul,Ron Paul,Politician,U.S. Congress,4,RECORD-00659,1,,
W0790,Work,The Wisdom of Crowds,The Wisdom of Crowds,Book,,10,RECORD-00659,1,,
W0791,Work,Wrong,Wrong,Book,,7,RECORD-00659,1,,
C0848,Concept,Herd mentality,Herd mentality,,,7,RECORD-00659,1,,
E0284,Event,Housing bubble and financial meltdown,Housing bubble and financial meltdown,Economic crisis,,8,RECORD-00659,1,,
W0792,Work,Curious City,Curious City,Journalism program,,6,RECORD-00661,1,,
C0849,Concept,The Citizen's Agenda,The Citizen's Agenda,,,9,RECORD-00661,1,,
C0850,Concept,Horse-race politics,Horse-race politics,,,6,RECORD-00661,1,,
C0851,Concept,Subsidies in News Production,Subsidies in News Production,,,9,RECORD-00662,1,,
C0852,Concept,Wire Services,Wire Services,,,6,RECORD-00662,1,,
W0793,Work,iReport,iReport,Platform,,5,RECORD-00662,1,,
P2408,Person,William Shakespeare,William Shakespeare,Playwright,English literature,3,RECORD-00664,1,,
W0794,Work,The Merchant of Venice,The Merchant of Venice,Play,,3,RECORD-00664,1,,
E0285,Event,Nobel Prize in Literature 1990,Nobel Prize in Literature 1990,Award,,7,RECORD-00664,1,,
E0286,Event,World War I,World War I,War,,6,RECORD-00664,1,,
L0226,Location,"Mixcoac, Mexico City","Mixcoac, Mexico City",Neighborhood,,5,RECORD-00664,1,,
C0853,Concept,Awayness,Awayness,,,10,RECORD-00664,1,,
C0854,Concept,Search for the present,Search for the present,,,8,RECORD-00664,1,,
C0855,Concept,What is journalism for?,What is journalism for?,,,8,RECORD-00664,1,,
C0856,Concept,Problem of scale,Problem of scale,,,8,RECORD-00664,1,,
C0857,Concept,Meanwhile,Meanwhile,,,6,RECORD-00664,1,,
P2409,Person,David E. Sanger,David E. Sanger,Reporter,The New York Times,4,RECORD-00668,1,,
P2410,Person,Ted Widmer,Ted Widmer,Book reviewer,The New York Times,3,RECORD-00668,1,,
P2411,Person,Warren P. Strobel,Warren P. Strobel,Reporter,Knight-Ridder Washington Bureau,4,RECORD-00668,1,,
P2412,Person,Jonathan S. Landay,Jonathan S. Landay,Reporter,Knight-Ridder Washington Bureau,4,RECORD-00668,1,,
P2413,Person,George Tenet,George Tenet,Director of the CIA,Central Intelligence Agency,4,RECORD-00668,1,,
O1458,Organization,Fresh Air,Fresh Air,Radio program,,3,RECORD-00668,1,,
W0795,Work,Insulating Bush,Insulating Bush,Article,,7,RECORD-00668,1,,
W0796,Work,Libby Says Bush Authorized Leaks,Libby Says Bush Authorized Leaks,Article,,6,RECORD-00668,1,,
W0797,Work,"Did the White House ""Authorize"" Leaks to Woodward?","Did the White House ""Authorize"" Leaks to Woodward?",Article,,5,RECORD-00668,1,,
W0798,Work,Grokking Woodward,Grokking Woodward,Blog post,,4,RECORD-00668,1,,
C0858,Concept,The Biggest Story in Town,The Biggest Story in Town,,,7,RECORD-00668,1,,
C0859,Concept,Woodward of Now,Woodward of Now,,,8,RECORD-00668,1,,
E0287,Event,Iraq War / Run-up to Iraq War,Iraq War / Run-up to Iraq War,War,,7,RECORD-00668,1,,
E0288,Event,2003 State of the Union address,2003 State of the Union address,Speech,,5,RECORD-00668,1,,
E0289,Event,Fitzgerald investigation,Fitzgerald investigation,Criminal investigation,,6,RECORD-00668,1,,
P2414,Person,Richard Curtis,Richard Curtis,Literary agent,Richard Curtis Associates,5,RECORD-00672,1,,
C0860,Concept,The unreliable narrator (in journalism),The unreliable narrator (in journalism),,,7,RECORD-00672,1,,
C0861,Concept,The Miller method,The Miller method,,,6,RECORD-00672,1,,
E0290,Event,Judith Miller's 85 days in jail / Libby case,Judith Miller's 85 days in jail / Libby case,Legal/journalism controversy,,8,RECORD-00672,1,,
O1459,Organization,J-Lab: The Institute for Interactive Journalism,J-Lab: The Institute for Interactive Journalism,Journalism institute,,6,RECORD-00673,1,,
O1460,Organization,Librarians' Index to the Internet,Librarians' Index to the Internet,Library resource,,4,RECORD-00673,1,,
W0799,Work,Powerlineblog,Powerlineblog,Blog,,5,RECORD-00673,1,,
C0862,Concept,Citizens' journalism,Citizens' journalism,,,8,RECORD-00673,1,,
C0863,Concept,Loss of sovereignty in the press,Loss of sovereignty in the press,,,8,RECORD-00673,1,,
C0864,Concept,Shared media space,Shared media space,,,7,RECORD-00673,1,,
C0865,Concept,The art of linking,The art of linking,,,6,RECORD-00673,1,,
E0291,Event,"Blogging, Journalism, and Credibility: Battleground and Common Ground","Blogging, Journalism, and Credibility: Battleground and Common Ground",Conference,,9,RECORD-00673,1,,
E0292,Event,Eason Jordan resignation,Eason Jordan resignation,Media event,,6,RECORD-00673,1,,
E0293,Event,2004 Indian Ocean tsunami coverage,2004 Indian Ocean tsunami coverage,News event coverage,,6,RECORD-00673,1,,
P2415,Person,Tom Clancy,Tom Clancy,Novelist,Independent,3,RECORD-00674,1,,
W0800,Work,Intelligence 101A,Intelligence 101A,Blog post,,6,RECORD-00674,1,,
W0801,Work,Bill O'Reilly and the Paranoid Style in News,Bill O'Reilly and the Paranoid Style in News,Blog post,,5,RECORD-00674,1,,
W0802,Work,Once There Was a New Journalism: Here's Norman Mailer Covering the 1960 Democratic Convention,Once There Was a New Journalism: Here's Norman Mailer Covering the 1960 Democratic Convention,Blog post,,5,RECORD-00674,1,,
C0866,Concept,Paranoid style,Paranoid style,,,7,RECORD-00674,1,,
C0867,Concept,Linking as blogger's currency,Linking as blogger's currency,,,7,RECORD-00674,1,,
L0227,Location,Pennsylvania Avenue (1600),Pennsylvania Avenue (1600),Address (White House),,4,RECORD-00674,1,,
O1461,Organization,Agence France Presse,Agence France Presse,News Media,,4,RECORD-00675,1,,
C0868,Concept,Palace Press,Palace Press,,,6,RECORD-00675,1,,
C0869,Concept,"Triangular Relationship of Press, Administration and Public","Triangular Relationship of Press, Administration and Public",,,8,RECORD-00675,1,,
C0870,Concept,Balance of Power Shift,Balance of Power Shift,,,7,RECORD-00675,1,,
L0228,Location,Gulf Coast,Gulf Coast,Region,,7,RECORD-00675,1,,
O1462,Organization,nola.com,nola.com,News Media/Website,,5,RECORD-00675,1,,
O1463,Organization,New York Times Company,New York Times Company,Media Company,,8,RECORD-00676,1,,
O1464,Organization,New York Times Digital,New York Times Digital,Digital Media Division,,7,RECORD-00676,1,,
P2416,Person,"Arthur Sulzberger, Jr.","Arthur Sulzberger, Jr.",Publisher,The New York Times,8,RECORD-00676,1,,
P2417,Person,Thomas L. Friedman,Thomas L. Friedman,Columnist,The New York Times,7,RECORD-00676,1,,
W0803,Work,The Trust,The Trust,Book,,5,RECORD-00676,1,,
W0804,Work,Kausfiles,Kausfiles,Blog,,4,RECORD-00676,1,,
W0805,Work,Never Pay Retail,Never Pay Retail,Website,,4,RECORD-00676,1,,
C0871,Concept,Pay wall,Pay wall,,,8,RECORD-00676,1,,
C0872,Concept,Unique selling proposition,Unique selling proposition,,,6,RECORD-00676,1,,
C0873,Concept,Times loyalist,Times loyalist,,,5,RECORD-00676,1,,
C0874,Concept,Exclusivity,Exclusivity,,,7,RECORD-00676,1,,
E0294,Event,Launch of TimesSelect,Launch of TimesSelect,Product launch,,9,RECORD-00676,1,,
P2418,Person,Robert A. Heinlein,Robert A. Heinlein,Science fiction author,,3,RECORD-00677,1,,
W0806,Work,Getting Bob,Getting Bob,Column,,5,RECORD-00677,1,,
W0807,Work,Stranger in a Strange Land,Stranger in a Strange Land,Novel,,3,RECORD-00677,1,,
W0808,Work,The Man With the Inside Scoop,The Man With the Inside Scoop,Article/profile,,4,RECORD-00677,1,,
C0875,Concept,The Bush Bubble,The Bush Bubble,,,6,RECORD-00677,1,,
C0876,Concept,Faith-based policy-making,Faith-based policy-making,,,5,RECORD-00677,1,,
C0877,Concept,Grok,Grok,,,4,RECORD-00677,1,,
P2419,Person,Marty Kaplan,Marty Kaplan,Writer,Huffington Post,4,RECORD-00678,1,,
P2420,Person,Don Graham,Don Graham,Executive,The Washington Post,3,RECORD-00678,1,,
P2421,Person,Caroline Little,Caroline Little,Web site publisher,washingtonpost.com,3,RECORD-00678,1,,
W0809,Work,The Fix,The Fix,Political blog,,3,RECORD-00678,1,,
C0878,Concept,News vs. opinion distinction,News vs. opinion distinction,,,9,RECORD-00678,1,,
C0879,Concept,The Web's appetite for voice,The Web's appetite for voice,,,6,RECORD-00678,1,,
E0295,Event,The Froomkin Foofaraw,The Froomkin Foofaraw,Media controversy,,9,RECORD-00678,1,,
P2422,Person,Arthur Sulzberger,Arthur Sulzberger,Publisher,The New York Times,6,RECORD-00679,1,,
P2423,Person,Jeff Gerth,Jeff Gerth,Reporter (Wen Ho Lee coverage),The New York Times,3,RECORD-00679,1,,
W0810,Work,Preserving Our Readers' Trust: A Report to the Executive Editor,Preserving Our Readers' Trust: A Report to the Executive Editor,Internal report,,7,RECORD-00679,1,,
C0880,Concept,Stoic conceit / Watch our pages,Stoic conceit / Watch our pages,,,8,RECORD-00679,1,,
C0881,Concept,The Two Minds of the New York Times,The Two Minds of the New York Times,,,5,RECORD-00679,1,,
E0296,Event,Publication of NSA wiretapping story,Publication of NSA wiretapping story,Publication,,9,RECORD-00679,1,,
E0297,Event,Bush-Sulzberger-Keller Oval Office meeting,Bush-Sulzberger-Keller Oval Office meeting,Meeting,,7,RECORD-00679,1,,
P2424,Person,Robert Allbritton,Robert Allbritton,Publisher,Allbritton Communications,6,RECORD-00680,1,,
P2425,Person,Tom Ricks,Tom Ricks,Reporter,Washington Post,4,RECORD-00680,1,,
P2426,Person,Laura Blumenfeld,Laura Blumenfeld,Writer,Washington Post,3,RECORD-00680,1,,
W0811,Work,Capitol Leader,Capitol Leader,Newspaper,,7,RECORD-00680,1,,
W0812,Work,Hotline,Hotline,Political newsletter,,3,RECORD-00680,1,,
W0813,Work,Face the Nation,Face the Nation,TV program,,4,RECORD-00680,1,,
C0882,Concept,Extreme centrism,Extreme centrism,,,8,RECORD-00680,1,,
C0883,Concept,Voice-of-God detachment,Voice-of-God detachment,,,6,RECORD-00680,1,,
C0884,Concept,Distinctive signatures in journalism,Distinctive signatures in journalism,,,7,RECORD-00680,1,,
C0885,Concept,Detachment from the fight for power,Detachment from the fight for power,,,6,RECORD-00680,1,,
E0298,Event,Harris and VandeHei departure from Washington Post,Harris and VandeHei departure from Washington Post,Career announcement,,9,RECORD-00680,1,,
P2427,Person,Paul O'Neill,Paul O'Neill,Former Secretary of the Treasury,Bush administration,5,RECORD-00681,1,,
P2428,Person,Lawrence D. Freedman,Lawrence D. Freedman,Foreign policy scholar,Foreign Affairs,5,RECORD-00681,1,,
O1465,Organization,The New York Times Magazine,The New York Times Magazine,Magazine,,7,RECORD-00681,1,,
O1466,Organization,Iraq Study Group,Iraq Study Group,Bipartisan commission,,8,RECORD-00681,1,,
O1467,Organization,National Security Council,National Security Council,U.S. government body,,6,RECORD-00681,1,,
O1468,Organization,Foreign Affairs,Foreign Affairs,Journal,,5,RECORD-00681,1,,
O1469,Organization,The American Conservative,The American Conservative,Magazine,,4,RECORD-00681,1,,
W0814,Work,The Price of Loyalty,The Price of Loyalty,Book,,6,RECORD-00681,1,,
W0815,Work,The One Percent Doctrine,The One Percent Doctrine,Book,,6,RECORD-00681,1,,
W0816,Work,The Assassins' Gate,The Assassins' Gate,Book,,6,RECORD-00681,1,,
W0817,Work,Iraq Study Group Report,Iraq Study Group Report,Government report,,8,RECORD-00681,1,,
W0818,Work,Cobra II,Cobra II,Book,,5,RECORD-00681,1,,
C0886,Concept,Realism (foreign policy),Realism (foreign policy),,,8,RECORD-00681,1,,
C0887,Concept,Action vs. behavior distinction,Action vs. behavior distinction,,,7,RECORD-00681,1,,
C0888,Concept,Intellectual scoop,Intellectual scoop,,,6,RECORD-00681,1,,
C0889,Concept,Empire,Empire,,,6,RECORD-00681,1,,
E0299,Event,Release of the Iraq Study Group Report,Release of the Iraq Study Group Report,Report release,,7,RECORD-00681,1,,
W0819,Work,"Intelligence, Policy, and the War in Iraq","Intelligence, Policy, and the War in Iraq",Essay,,6,RECORD-00682,1,,
C0890,Concept,Press as proxy for the public,Press as proxy for the public,,,8,RECORD-00682,1,,
C0891,Concept,Routing around the press,Routing around the press,,,8,RECORD-00682,1,,
E0300,Event,Cheney hunting accident,Cheney hunting accident,Political incident,,9,RECORD-00682,1,,
O1470,Organization,Association for Education in Journalism and Mass Communication,Association for Education in Journalism and Mass Communication,Professional Academic Association,,10,RECORD-00684,1,,
P2429,Person,David T.Z. Mindich,David T.Z. Mindich,"Journalism Professor, Author",St. Michael's College,9,RECORD-00684,1,,
O1471,Organization,St. Michael's College,St. Michael's College,Academic Institution,,6,RECORD-00684,1,,
W0820,Work,Tuned Out: Why Americans Under 40 Don't Follow the News,Tuned Out: Why Americans Under 40 Don't Follow the News,Book,,7,RECORD-00684,1,,
P2430,Person,Jennifer McGill,Jennifer McGill,AEJMC Director,Association for Education in Journalism and Mass Communication,6,RECORD-00684,1,,
O1472,Organization,Boston University Journalism Department,Boston University Journalism Department,Academic Department,,7,RECORD-00684,1,,
P2431,Person,James Dale Guckert,James Dale Guckert,Fake reporter (pseudonym Jeff Gannon),Talon News,7,RECORD-00684,1,,
C0892,Concept,Anti-press policies,Anti-press policies,,,10,RECORD-00684,1,,
C0893,Concept,Covert propaganda,Covert propaganda,,,7,RECORD-00684,1,,
C0894,Concept,Watchdog journalism,Watchdog journalism,,,7,RECORD-00684,1,,
E0301,Event,AEJMC Resolution Against Bush Anti-Press Policies,AEJMC Resolution Against Bush Anti-Press Policies,Professional Resolution,,10,RECORD-00684,1,,
E0302,Event,Boston University Journalism Faculty VNR Resolution,Boston University Journalism Faculty VNR Resolution,Academic Resolution,,8,RECORD-00684,1,,
L0229,Location,"Bagram, Afghanistan","Bagram, Afghanistan",Military Prison Site,,6,RECORD-00684,1,,
L0230,Location,Guantanamo,Guantanamo,Military Detention Facility,,7,RECORD-00684,1,,
P2432,Person,Joshua Green,Joshua Green,Reporter,The Atlantic Monthly,9,RECORD-00685,1,,
C0895,Concept,Cult of savviness,Cult of savviness,,,8,RECORD-00685,1,,
C0896,Concept,Press decertification,Press decertification,,,6,RECORD-00685,1,,
C0897,Concept,Realignment theory,Realignment theory,,,5,RECORD-00685,1,,
O1473,Organization,NPR On the Media,NPR On the Media,Radio program,,6,RECORD-00686,1,,
O1474,Organization,PBS MediaShift,PBS MediaShift,Media blog,,5,RECORD-00686,1,,
O1475,Organization,Dallas Mavericks,Dallas Mavericks,NBA team,,6,RECORD-00686,1,,
W0821,Work,"Interviews, Going the Way of the Linotype?","Interviews, Going the Way of the Linotype?",Newspaper column,,8,RECORD-00686,1,,
W0822,Work,That Man Tried to Run You Over. Why Are You Having Dinner With Him?,That Man Tried to Run You Over. Why Are You Having Dinner With Him?,Blog post,,7,RECORD-00686,1,,
W0823,Work,Something Quite Breathtaking: My Exchange with Neil Lewis of the New York Times,Something Quite Breathtaking: My Exchange with Neil Lewis of the New York Times,Blog post,,6,RECORD-00686,1,,
W0824,Work,"No Matter the Format, Interviews Are Not Dying","No Matter the Format, Interviews Are Not Dying",Article,,5,RECORD-00686,1,,
C0898,Concept,Sources Go Direct,Sources Go Direct,,,8,RECORD-00686,1,,
C0899,Concept,The Obsolete Interview,The Obsolete Interview,,,7,RECORD-00686,1,,
C0900,Concept,Reporter's Narrative Frame,Reporter's Narrative Frame,,,7,RECORD-00686,1,,
C0901,Concept,Balance of Power Between Sources and Reporters,Balance of Power Between Sources and Reporters,,,8,RECORD-00686,1,,
E0303,Event,White House Correspondents Dinner 2007,White House Correspondents Dinner 2007,Press dinner,,6,RECORD-00686,1,,
O1476,Organization,New York University Department of Journalism,New York University Department of Journalism,Academic department,,8,RECORD-00687,1,,
C0902,Concept,Beat blogging,Beat blogging,,,7,RECORD-00687,1,,
C0903,Concept,Universal principles for journalists,Universal principles for journalists,,,7,RECORD-00687,1,,
W0825,Work,Eyes on the Money,Eyes on the Money,Reporting project,,8,RECORD-00688,1,,
C0904,Concept,Master narrative (horse race),Master narrative (horse race),,,8,RECORD-00688,1,,
E0304,Event,First YouTube Democratic Presidential Debate,First YouTube Democratic Presidential Debate,Political Debate,,10,RECORD-00689,1,,
W0826,Work,OffTheBus,OffTheBus,Citizen Journalism Project,,8,RECORD-00689,1,,
P2433,Person,Hillary Rodham Clinton,Hillary Rodham Clinton,"U.S. Senator, Presidential Candidate",Democratic Party,9,RECORD-00689,1,,
P2434,Person,Mike Gravel,Mike Gravel,"Former U.S. Senator, Presidential Candidate",Democratic Party,6,RECORD-00689,1,,
P2435,Person,Anwar Sadat,Anwar Sadat,Former President of Egypt,Government of Egypt,5,RECORD-00689,1,,
C0905,Concept,Citizen Participation in Political Debates,Citizen Participation in Political Debates,,,9,RECORD-00689,1,,
O1477,Organization,NYTimes.com,NYTimes.com,News website,,8,RECORD-00690,1,,
C0906,Concept,Times-Select,Times-Select,,,10,RECORD-00690,1,,
C0907,Concept,Web permanence,Web permanence,,,7,RECORD-00690,1,,
C0908,Concept,Cathedral and the Bazaar,Cathedral and the Bazaar,,,6,RECORD-00690,1,,
C0909,Concept,Link-based economy,Link-based economy,,,6,RECORD-00690,1,,
W0827,Work,Conscience of a Liberal,Conscience of a Liberal,Blog,,6,RECORD-00690,1,,
W0828,Work,Charging for Columnists: Notes and Comment on the Launch of TimesSelect,Charging for Columnists: Notes and Comment on the Launch of TimesSelect,Blog post,,7,RECORD-00690,1,,
W0829,Work,Times-Deselected,Times-Deselected,Blog post,,6,RECORD-00690,1,,
E0305,Event,Shutdown of Times-Select,Shutdown of Times-Select,Business decision,,10,RECORD-00690,1,,
O1478,Organization,NewsTrust,NewsTrust,Nonprofit news rating platform,,10,RECORD-00691,1,,
O1479,Organization,Massachusetts Institute of Technology,Massachusetts Institute of Technology,University,,4,RECORD-00691,1,,
P2436,Person,Fabrice Florin,Fabrice Florin,Founder,NewsTrust,7,RECORD-00691,1,,
C0910,Concept,Social hack,Social hack,,,8,RECORD-00691,1,,
C0911,Concept,Crowdsourced news filtering,Crowdsourced news filtering,,,8,RECORD-00691,1,,
E0306,Event,McCain News Hunt,McCain News Hunt,Crowdsourced news review project,,10,RECORD-00691,1,,
E0307,Event,Knight News Challenge winners gathering at MIT,Knight News Challenge winners gathering at MIT,Conference,,5,RECORD-00691,1,,
W0830,Work,The audacity of Mother Jones,The audacity of Mother Jones,Blog post,,5,RECORD-00692,1,,
W0831,Work,Mother Jones's Obama feature falls flat,Mother Jones's Obama feature falls flat,Article,,4,RECORD-00692,1,,
W0832,Work,Barack Obama's Messiah Complex,Barack Obama's Messiah Complex,Blog post,,4,RECORD-00692,1,,
C0912,Concept,Obamaism-as-cult meme,Obamaism-as-cult meme,,,5,RECORD-00692,1,,
O1480,Organization,NAACP,NAACP,Civil rights organization,,3,RECORD-00692,1,,
P2437,Person,Neal Gabler,Neal Gabler,Cultural critic and columnist,The New York Times (op-ed contributor),5,RECORD-00693,1,,
W0833,Work,McCain: The Myth of a Maverick,McCain: The Myth of a Maverick,Book,,6,RECORD-00693,1,,
W0834,Work,Where Did McCain Get What He's Got 'in the Bank' with the Press?,Where Did McCain Get What He's Got 'in the Bank' with the Press?,Blog post,,6,RECORD-00693,1,,
C0913,Concept,De-legitimating the media,De-legitimating the media,,,6,RECORD-00693,1,,
P2438,Person,Charlie Black,Charlie Black,McCain campaign advisor,McCain campaign,5,RECORD-00694,1,,
W0835,Work,New York Times endorsement of John McCain for Republican nomination,New York Times endorsement of John McCain for Republican nomination,Editorial endorsement,,8,RECORD-00694,1,,
C0914,Concept,Anonymous sources in journalism,Anonymous sources in journalism,,,8,RECORD-00694,1,,
C0915,Concept,Separation of newsroom and editorial page,Separation of newsroom and editorial page,,,7,RECORD-00694,1,,
O1481,Organization,Trinity United Church of Christ,Trinity United Church of Christ,Church,,6,RECORD-00695,1,,
W0836,Work,A More Perfect Union,A More Perfect Union,Political speech,,10,RECORD-00695,1,,
W0837,Work,The Bell Curve,The Bell Curve,Book,,5,RECORD-00695,1,,
C0916,Concept,Best Political Team on Television,Best Political Team on Television,,,9,RECORD-00695,1,,
C0917,Concept,Pre-emptive strike framing,Pre-emptive strike framing,,,6,RECORD-00695,1,,
E0308,Event,Obama's race speech (March 2008),Obama's race speech (March 2008),Political speech,,10,RECORD-00695,1,,
P2439,Person,Katharine Q. Seelye,Katharine Q. Seelye,Reporter,The New York Times,5,RECORD-00696,1,,
P2440,Person,Bill Burton,Bill Burton,Obama campaign spokesman,Obama 2008 campaign,5,RECORD-00696,1,,
P2441,Person,Joe Garofoli,Joe Garofoli,Reporter,San Francisco Chronicle,4,RECORD-00696,1,,
O1482,Organization,Obama 2008 presidential campaign,Obama 2008 presidential campaign,Political campaign,,8,RECORD-00696,1,,
C0918,Concept,Erasure by passive voice,Erasure by passive voice,,,6,RECORD-00696,1,,
W0838,Work,12 reasons 'bitter' is bad for Obama,12 reasons 'bitter' is bad for Obama,News article,,5,RECORD-00696,1,,
W0839,Work,Inside the Obama-Guns-God-Bitterness Storm,Inside the Obama-Guns-God-Bitterness Storm,Blog post,,5,RECORD-00696,1,,
E0309,Event,April 6 Pacific Heights Obama fundraiser,April 6 Pacific Heights Obama fundraiser,Political fundraiser,,9,RECORD-00696,1,,
W0840,Work,What That McCain Article Didn't Say,What That McCain Article Didn't Say,Newspaper column,,8,RECORD-00697,1,,
W0841,Work,All the President's Men,All the President's Men,Film,,6,RECORD-00697,1,,
W0842,Work,The Long Run,The Long Run,Newspaper series,,6,RECORD-00697,1,,
W0843,Work,Beast Without a Brain,Beast Without a Brain,Essay,,5,RECORD-00697,1,,
C0919,Concept,Enterprise-threatening event,Enterprise-threatening event,,,6,RECORD-00697,1,,
C0920,Concept,Cathedral of news,Cathedral of news,,,7,RECORD-00697,1,,
C0921,Concept,Thinking politically,Thinking politically,,,7,RECORD-00697,1,,
P2442,Person,Alberto Gonzalez,Alberto Gonzalez,U.S. Attorney General,Bush Administration,5,RECORD-00698,1,,
O1483,Organization,U.S. Congress,U.S. Congress,Legislative body,,5,RECORD-00698,1,,
C0922,Concept,The jerk at the podium,The jerk at the podium,,,7,RECORD-00698,1,,
C0923,Concept,Terror Presidency,Terror Presidency,,,7,RECORD-00698,1,,
C0924,Concept,Absence of constraint,Absence of constraint,,,6,RECORD-00698,1,,
C0925,Concept,Opacity of executive power,Opacity of executive power,,,8,RECORD-00698,1,,
P2443,Person,Maurice R. Greenberg,Maurice R. Greenberg,Former Chairman and CEO,A.I.G.,9,RECORD-00700,1,,
P2444,Person,Paul Kane,Paul Kane,Reporter,Washington Post,5,RECORD-00700,1,,
P2445,Person,Olympia Snowe,Olympia Snowe,U.S. Senator (R-Maine),Republican Party,4,RECORD-00700,1,,
P2446,Person,Richard A. Clarke,Richard A. Clarke,Former counter-terrorism official,U.S. government,4,RECORD-00700,1,,
O1484,Organization,A.I.G. (American International Group),A.I.G. (American International Group),Insurance/financial services company,,9,RECORD-00700,1,,
O1485,Organization,Drexel Burnham Lambert,Drexel Burnham Lambert,Investment bank (defunct),,4,RECORD-00700,1,,
O1486,Organization,AIG Financial Products,AIG Financial Products,Subsidiary financial division,,6,RECORD-00700,1,,
W0844,Work,See How They Run: The Making of a Pseudo-Candidate,See How They Run: The Making of a Pseudo-Candidate,Book,,7,RECORD-00700,1,,
W0845,Work,"He Said, She Said, We Said","He Said, She Said, We Said",Blog post,,5,RECORD-00700,1,,
W0846,Work,Why Campaign Coverage Sucks,Why Campaign Coverage Sucks,Article,,6,RECORD-00700,1,,
W0847,Work,Rethinking Objectivity,Rethinking Objectivity,Article,,5,RECORD-00700,1,,
W0848,Work,Blinded by Science: How 'Balanced' Coverage Lets the Scientific Fringe Hijack Reality,Blinded by Science: How 'Balanced' Coverage Lets the Scientific Fringe Hijack Reality,Article,,5,RECORD-00700,1,,
W0849,Work,Ex-Chairman of A.I.G. Says Bailout Has Failed,Ex-Chairman of A.I.G. Says Bailout Has Failed,News article,,7,RECORD-00700,1,,
C0926,Concept,Innocence agenda,Innocence agenda,,,6,RECORD-00700,1,,
C0927,Concept,Refuge-seeking behavior in journalism,Refuge-seeking behavior in journalism,,,7,RECORD-00700,1,,
P2447,Person,Tim Armstrong,Tim Armstrong,CEO,AOL,8,RECORD-00701,1,,
P2448,Person,Kathleen Parker,Kathleen Parker,Columnist/host,CNN Parker Spitzer,6,RECORD-00701,1,,
P2449,Person,Mike Arrington,Mike Arrington,Founder,TechCrunch,4,RECORD-00701,1,,
P2450,Person,Tony Blankley,Tony Blankley,Conservative commentator,The Huffington Post (contributor),2,RECORD-00701,1,,
P2451,Person,Richard Haass,Richard Haass,President,Council on Foreign Relations,2,RECORD-00701,1,,
P2452,Person,George Will,George Will,Conservative columnist,The Washington Post,3,RECORD-00701,1,,
P2453,Person,Ayn Rand,Ayn Rand,Author/philosopher,Objectivism,3,RECORD-00701,1,,
O1487,Organization,The Wrap,The Wrap,News website,,3,RECORD-00701,1,,
O1488,Organization,No Labels,No Labels,Political organization,,5,RECORD-00701,1,,
O1489,Organization,Patch,Patch,Hyperlocal news network,,5,RECORD-00701,1,,
O1490,Organization,Huffington Post Media Group,Huffington Post Media Group,Media division,,6,RECORD-00701,1,,
C0928,Concept,Ideological innovation,Ideological innovation,,,9,RECORD-00701,1,,
C0929,Concept,Beyond left and right,Beyond left and right,,,8,RECORD-00701,1,,
C0930,Concept,Pluralism,Pluralism,,,7,RECORD-00701,1,,
E0310,Event,AOL acquisition of The Huffington Post,AOL acquisition of The Huffington Post,Corporate acquisition,,10,RECORD-00701,1,,
O1491,Organization,Adbusters,Adbusters,Magazine,,7,RECORD-00702,1,,
O1492,Organization,U.S. Federal Government,U.S. Federal Government,Government,,6,RECORD-00702,1,,
C0931,Concept,Flooding the zone with shit,Flooding the zone with shit,,,9,RECORD-00702,1,,
C0932,Concept,The plan is to have no plan,The plan is to have no plan,,,10,RECORD-00702,1,,
C0933,Concept,Search costs,Search costs,,,6,RECORD-00702,1,,
E0311,Event,COVID-19 pandemic,COVID-19 pandemic,Public health crisis,,9,RECORD-00702,1,,
W0850,Work,AB#151 - Siege on the White House,AB#151 - Siege on the White House,Magazine issue,,6,RECORD-00702,1,,
P2454,Person,John Kelly,John Kelly,"Retired general, former Trump chief of staff",Former Trump administration,7,RECORD-00703,1,,
P2455,Person,Robert F. Kennedy Jr.,Robert F. Kennedy Jr.,"Political figure, vaccine skeptic",Trump campaign ally,6,RECORD-00703,1,,
O1493,Organization,Harris campaign,Harris campaign,Political campaign,,7,RECORD-00703,1,,
W0851,Work,Affordable Care Act,Affordable Care Act,Legislation,,6,RECORD-00703,1,,
W0852,Work,CHIPS and Science Act,CHIPS and Science Act,Legislation,,5,RECORD-00703,1,,
C0934,Concept,"Not the odds, but the stakes","Not the odds, but the stakes",,,9,RECORD-00703,1,,
C0935,Concept,Accountability politics,Accountability politics,,,7,RECORD-00703,1,,
C0936,Concept,Pax Americana,Pax Americana,,,5,RECORD-00703,1,,
E0312,Event,2024 U.S. Presidential Election,2024 U.S. Presidential Election,Election,,10,RECORD-00703,1,,
E0313,Event,Effort to overturn the 2020 election,Effort to overturn the 2020 election,Political/criminal,,6,RECORD-00703,1,,
E0314,Event,Russia-Ukraine War,Russia-Ukraine War,War,,5,RECORD-00703,1,,
P2456,Person,Ronna Romney McDaniel,Ronna Romney McDaniel,Former RNC Chair,Republican National Committee,9,RECORD-00704,1,,
P2457,Person,Jamie Dimon,Jamie Dimon,CEO,JPMorgan Chase,6,RECORD-00704,1,,
P2458,Person,Alicia Menendez,Alicia Menendez,Journalist,MSNBC,4,RECORD-00704,1,,
P2459,Person,Bob Menendez,Bob Menendez,US Senator,Democratic Party,5,RECORD-00704,1,,
P2460,Person,Hunter Biden,Hunter Biden,Private citizen,Biden family,4,RECORD-00704,1,,
O1494,Organization,Comcast,Comcast,Media conglomerate,,7,RECORD-00704,1,,
O1495,Organization,Trump Accountability Project,Trump Accountability Project,Political accountability initiative,,6,RECORD-00704,1,,
O1496,Organization,Harris Poll,Harris Poll,Polling organization,,5,RECORD-00704,1,,
C0937,Concept,Viewpoint diversity,Viewpoint diversity,,,8,RECORD-00704,1,,
C0938,Concept,Revolving door corruption,Revolving door corruption,,,7,RECORD-00704,1,,
C0939,Concept,MAGA,MAGA,,,9,RECORD-00704,1,,
C0940,Concept,Uniparty,Uniparty,,,6,RECORD-00704,1,,
C0941,Concept,Election denial,Election denial,,,8,RECORD-00704,1,,
E0315,Event,January 6 Committee,January 6 Committee,Congressional investigation,,7,RECORD-00704,1,,
E0316,Event,NBC News hiring of Ronna McDaniel,NBC News hiring of Ronna McDaniel,Media controversy,,9,RECORD-00704,1,,
W0853,Work,NBC's Meltdown Over the Ronna McDaniel Hiring Fiasco,NBC's Meltdown Over the Ronna McDaniel Hiring Fiasco,Article,,7,RECORD-00704,1,,
P2461,Person,Andy Revkin,Andy Revkin,"Journalist, Substack publisher, Sustain What host",Sustain What,8,RECORD-00705,1,,
P2462,Person,J.D. Vance,J.D. Vance,"U.S. senator, 2024 Republican vice-presidential candidate",Republican Party,8,RECORD-00705,1,,
P2463,Person,Kate Conger,Kate Conger,"Reporter, co-author of Character Limit",The New York Times,7,RECORD-00705,1,,
P2464,Person,Ryan Mac,Ryan Mac,"Reporter, co-author of Character Limit",The New York Times,7,RECORD-00705,1,,
P2465,Person,Daniel Castro,Daniel Castro,Vice president,Information Technology and Innovation Foundation,5,RECORD-00705,1,,
P2466,Person,Jim Moffitt,Jim Moffitt,"Former Twitter employee, engineer",Twitter (former),5,RECORD-00705,1,,
O1497,Organization,X,X,Social media platform,,9,RECORD-00705,1,,
O1498,Organization,Information Technology and Innovation Foundation,Information Technology and Innovation Foundation,Think tank,,5,RECORD-00705,1,,
O1499,Organization,Substack,Substack,Publishing platform,,6,RECORD-00705,1,,
W0854,Work,Character Limit: How Elon Musk Destroyed Twitter,Character Limit: How Elon Musk Destroyed Twitter,Book,,8,RECORD-00705,1,,
W0855,Work,Sustain What,Sustain What,Webcast/Newsletter,,7,RECORD-00705,1,,
W0856,Work,Stop the Presses,Stop the Presses,Newsletter,,5,RECORD-00705,1,,
W0857,Work,"The Press, the Pandemic and Presidential Propaganda","The Press, the Pandemic and Presidential Propaganda",Video/Webcast episode,,6,RECORD-00705,1,,
C0942,Concept,Liestream,Liestream,,,7,RECORD-00705,1,,
P2467,Person,Ellen Heinrichs,Ellen Heinrichs,Founder,Bonn Institute for Constructive Dialogue,7,RECORD-00706,1,,
P2468,Person,David Bornstein,David Bornstein,"Co-founder, journalist",Solutions Journalism Network,9,RECORD-00706,1,,
P2469,Person,Tina Rosenberg,Tina Rosenberg,"Journalist, co-author",The New York Times,6,RECORD-00706,1,,
P2470,Person,William Gibson,William Gibson,Author,,4,RECORD-00706,1,,
O1500,Organization,Bonn Institute for Constructive Dialogue,Bonn Institute for Constructive Dialogue,Journalism institute,,9,RECORD-00706,1,,
O1501,Organization,Solutions Journalism Network,Solutions Journalism Network,Nonprofit journalism organization,,9,RECORD-00706,1,,
W0858,Work,Fixes,Fixes,Newspaper column,,8,RECORD-00706,1,,
C0943,Concept,Knowledge transfer,Knowledge transfer,,,8,RECORD-00706,1,,
C0944,Concept,Positive outliers,Positive outliers,,,7,RECORD-00706,1,,
C0945,Concept,Theory of change,Theory of change,,,8,RECORD-00706,1,,
C0946,Concept,Outrage model,Outrage model,,,7,RECORD-00706,1,,
C0947,Concept,Civic agency,Civic agency,,,8,RECORD-00706,1,,
E0317,Event,Keynote speech to Bonn Institute,Keynote speech to Bonn Institute,Keynote speech,,8,RECORD-00706,1,,
L0231,Location,"Bonn, Germany","Bonn, Germany",City,,6,RECORD-00706,1,,
L0232,Location,"Cleveland, Ohio","Cleveland, Ohio",City,,5,RECORD-00706,1,,
P2471,Person,Rob Wijnberg,Rob Wijnberg,Founding editor,The Correspondent,6,RECORD-00707,1,,
P2472,Person,Ted Cruz,Ted Cruz,"U.S. Senator, former presidential candidate",Republican Party,5,RECORD-00707,1,,
P2473,Person,Rafael Cruz,Rafael Cruz,Father of Ted Cruz,None mentioned,3,RECORD-00707,1,,
P2474,Person,Lee Harvey Oswald,Lee Harvey Oswald,Assassin of John F. Kennedy,None,4,RECORD-00707,1,,
O1502,Organization,ABC,ABC,News network,,5,RECORD-00707,1,,
O1503,Organization,The Guardian US,The Guardian US,Newspaper,,6,RECORD-00707,1,,
W0859,Work,"Dear news media, stop covering the US as if it's a democracy","Dear news media, stop covering the US as if it's a democracy",Article,,6,RECORD-00707,1,,
C0948,Concept,Political vs. politicised distinction,Political vs. politicised distinction,,,8,RECORD-00707,1,,
C0949,Concept,Threats-to-democracy journalism,Threats-to-democracy journalism,,,7,RECORD-00707,1,,
C0950,Concept,Pro-truth position,Pro-truth position,,,6,RECORD-00707,1,,
E0318,Event,2020 United States presidential election,2020 United States presidential election,Election,,10,RECORD-00707,1,,
E0319,Event,2016 United States presidential election,2016 United States presidential election,Election,,8,RECORD-00707,1,,
E0320,Event,Assassination of John F. Kennedy,Assassination of John F. Kennedy,Assassination,,4,RECORD-00707,1,,
P2475,Person,Stephen Collinson,Stephen Collinson,Journalist,CNN,5,RECORD-00708,1,,
O1504,Organization,Data & Society Research Institute,Data & Society Research Institute,Research institute,,5,RECORD-00708,1,,
O1505,Organization,United States Postal Service,United States Postal Service,Government agency,,7,RECORD-00708,1,,
O1506,Organization,FiveThirtyEight,FiveThirtyEight,Polling/analytics site,,4,RECORD-00708,1,,
O1507,Organization,Food and Drug Administration,Food and Drug Administration,Government agency,,4,RECORD-00708,1,,
O1508,Organization,Yale University,Yale University,University,,4,RECORD-00708,1,,
W0860,Work,It's time for the press to suspend normal relations with the Trump presidency,It's time for the press to suspend normal relations with the Trump presidency,Blog post,,6,RECORD-00708,1,,
W0861,Work,Send the interns,Send the interns,Blog post,,5,RECORD-00708,1,,
W0862,Work,The Oxygen of Amplification,The Oxygen of Amplification,Research report,,6,RECORD-00708,1,,
W0863,Work,Donald Trump is a menace to public health,Donald Trump is a menace to public health,Article,,4,RECORD-00708,1,,
C0951,Concept,Emergency mode journalism,Emergency mode journalism,,,8,RECORD-00708,1,,
C0952,Concept,Threat Urgency Index,Threat Urgency Index,,,7,RECORD-00708,1,,
C0953,Concept,Threat modelling team,Threat modelling team,,,6,RECORD-00708,1,,
C0954,Concept,Suspend normal relations,Suspend normal relations,,,7,RECORD-00708,1,,
L0233,Location,Montana,Montana,US state,,3,RECORD-00708,1,,
P2476,Person,Joshua Geltzer,Joshua Geltzer,Visiting professor of law; former senior director for counterterrorism,Georgetown University; National Security Council,9,RECORD-00709,1,,
P2477,Person,Alex Stamos,Alex Stamos,Former chief security officer,Facebook; Yahoo,9,RECORD-00709,1,,
P2478,Person,Kyle Pope,Kyle Pope,Editor,Columbia Journalism Review,6,RECORD-00709,1,,
P2479,Person,Bálint Magyar,Bálint Magyar,Hungarian sociologist; originator of autocratic attempt framework,Independent scholar,5,RECORD-00709,1,,
P2480,Person,Steven Levitsky,Steven Levitsky,Political scientist; co-author of How Democracies Die,Harvard University,6,RECORD-00709,1,,
P2481,Person,Daniel Ziblatt,Daniel Ziblatt,Political scientist; co-author of How Democracies Die,Harvard University,6,RECORD-00709,1,,
P2482,Person,Brandy Zadrozny,Brandy Zadrozny,Reporter covering misinformation,NBC News,5,RECORD-00709,1,,
P2483,Person,Ben Collins,Ben Collins,Reporter covering misinformation,NBC News,5,RECORD-00709,1,,
O1509,Organization,Georgetown University,Georgetown University,Academic institution,,5,RECORD-00709,1,,
O1510,Organization,Yahoo,Yahoo,Technology company,,5,RECORD-00709,1,,
O1511,Organization,Aspen Institute,Aspen Institute,Think tank,,5,RECORD-00709,1,,
W0864,Work,Surviving Autocracy,Surviving Autocracy,Book,,7,RECORD-00709,1,,
W0865,Work,How Democracies Die,How Democracies Die,Book,,7,RECORD-00709,1,,
W0866,Work,Four radical ways the media can protect US democracy from Trump,Four radical ways the media can protect US democracy from Trump,Article,,7,RECORD-00709,1,,
W0867,Work,The Trump administration's war on the government is an autocratic attempt,The Trump administration's war on the government is an autocratic attempt,Article,,6,RECORD-00709,1,,
W0868,Work,Trump has launched a three-pronged attack on the election,Trump has launched a three-pronged attack on the election,Article,,6,RECORD-00709,1,,
C0955,Concept,Threat modelling,Threat modelling,,,10,RECORD-00709,1,,
C0956,Concept,Red team exercises,Red team exercises,,,7,RECORD-00709,1,,
C0957,Concept,QAnon,QAnon,,,5,RECORD-00709,1,,
E0321,Event,2020 US Presidential Election,2020 US Presidential Election,Election,,9,RECORD-00709,1,,
O1512,Organization,Covering Climate Now,Covering Climate Now,Journalism collaborative,,6,RECORD-00710,1,,
W0869,Work,The plan is to have no plan,The plan is to have no plan,Blog post,,8,RECORD-00710,1,,
W0870,Work,"Coronavirus crisis demands journalism collaboration, not competition","Coronavirus crisis demands journalism collaboration, not competition",Article,,7,RECORD-00710,1,,
C0958,Concept,Urgency Index,Urgency Index,,,9,RECORD-00710,1,,
C0959,Concept,Decentering Trump,Decentering Trump,,,8,RECORD-00710,1,,
C0960,Concept,Manufacture of confusion as governance,Manufacture of confusion as governance,,,8,RECORD-00710,1,,
C0961,Concept,Cross-newsroom collaboration,Cross-newsroom collaboration,,,7,RECORD-00710,1,,
P2484,Person,Jay Rossiter,Jay Rossiter,Manager,Yahoo,4,RECORD-00711,1,,
P2485,Person,Mark Zuckerberg,Mark Zuckerberg,CEO,Facebook,6,RECORD-00711,1,,
P2486,Person,Frank Swiderski,Frank Swiderski,Author,Microsoft,5,RECORD-00711,1,,
P2487,Person,Window Snyder,Window Snyder,Author / security expert,Microsoft,5,RECORD-00711,1,,
P2488,Person,Mike Barbaro,Mike Barbaro,Podcast host,The New York Times,4,RECORD-00711,1,,
O1513,Organization,GRU,GRU,Russian military intelligence agency,,8,RECORD-00711,1,,
O1514,Organization,Internet Research Agency,Internet Research Agency,Russian troll farm,,7,RECORD-00711,1,,
O1515,Organization,NBCUniversal,NBCUniversal,News and media company,,6,RECORD-00711,1,,
O1516,Organization,The Verge,The Verge,News publication,,6,RECORD-00711,1,,
C0962,Concept,Threat Modeling,Threat Modeling,,,10,RECORD-00711,1,,
C0963,Concept,Threat Ideation,Threat Ideation,,,8,RECORD-00711,1,,
C0964,Concept,Red Teaming,Red Teaming,,,8,RECORD-00711,1,,
C0965,Concept,Tabletop Exercise,Tabletop Exercise,,,8,RECORD-00711,1,,
C0966,Concept,Hack and Leak,Hack and Leak,,,8,RECORD-00711,1,,
C0967,Concept,Amplification of disinformation,Amplification of disinformation,,,7,RECORD-00711,1,,
W0871,Work,Threat Modeling,Threat Modeling,Book,,6,RECORD-00711,1,,
W0872,Work,MITRE ATT&CK Matrix,MITRE ATT&CK Matrix,Cybersecurity framework,,6,RECORD-00711,1,,
W0873,Work,The National News Providers Need Threat Modeling Teams,The National News Providers Need Threat Modeling Teams,Essay,,8,RECORD-00711,1,,
O1517,Organization,Vice Media,Vice Media,Digital Media,,6,RECORD-00712,1,,
O1518,Organization,MinnPost,MinnPost,Non-profit News,,5,RECORD-00712,1,,
O1519,Organization,IJNet,IJNet,Journalism Resource,,5,RECORD-00712,1,,
O1520,Organization,Beacon,Beacon,Crowdfunding Platform,,4,RECORD-00712,1,,
P2489,Person,Steve Buttry,Steve Buttry,Journalist,Independent,5,RECORD-00712,1,,
C0968,Concept,Data journalism,Data journalism,,,7,RECORD-00712,1,,
C0969,Concept,Robot journalism,Robot journalism,,,6,RECORD-00712,1,,
C0970,Concept,News as a service,News as a service,,,6,RECORD-00712,1,,
C0971,Concept,Native advertising,Native advertising,,,6,RECORD-00712,1,,
C0972,Concept,Curation,Curation,,,6,RECORD-00712,1,,
P2490,Person,Michael Barthel,Michael Barthel,journalist,Salon,8,RECORD-00713,1,,
P2491,Person,Kerry Lauerman,Kerry Lauerman,editor,Salon,6,RECORD-00713,1,,
P2492,Person,James Holmes,James Holmes,Aurora shooting perpetrator,none,3,RECORD-00713,1,,
O1521,Organization,Reddit,Reddit,online platform,,8,RECORD-00713,1,,
W0874,Work,Hold the Reddit Hype,Hold the Reddit Hype,article,,9,RECORD-00713,1,,
W0875,Work,From 'Write us a Post' to 'Fill out this Form': Progress in Pro-Am Journalism,From 'Write us a Post' to 'Fill out this Form': Progress in Pro-Am Journalism,talk,,5,RECORD-00713,1,,
C0973,Concept,Linkless hype buster,Linkless hype buster,,,7,RECORD-00713,1,,
E0322,Event,Aurora shootings,Aurora shootings,mass shooting,,7,RECORD-00713,1,,
E0323,Event,Personal Democracy Forum 2011,Personal Democracy Forum 2011,conference,,5,RECORD-00713,1,,
E0324,Event,PolitiFact wins Pulitzer Prize,PolitiFact wins Pulitzer Prize,Award,,6,RECORD-00714,1,,
C0974,Concept,Ritualized objectivity,Ritualized objectivity,,,8,RECORD-00714,1,,
C0975,Concept,Extreme polarization,Extreme polarization,,,7,RECORD-00714,1,,
C0976,Concept,Scorekeeping journalism,Scorekeeping journalism,,,7,RECORD-00714,1,,
C0977,Concept,Intellectual honesty,Intellectual honesty,,,6,RECORD-00714,1,,
W0876,Work,In Theory,In Theory,Column series,,5,RECORD-00715,1,,
C0978,Concept,Campaign journalism norms,Campaign journalism norms,,,9,RECORD-00715,1,,
P2493,Person,Paul Rosenberg,Paul Rosenberg,"Interviewer, writer",Salon,6,RECORD-00716,1,,
P2494,Person,Dave Roberts,Dave Roberts,Journalist,Vox,5,RECORD-00716,1,,
O1522,Organization,American Red Cross,American Red Cross,Nonprofit,,5,RECORD-00716,1,,
W0877,Work,Public Opinion,Public Opinion,Book,,8,RECORD-00716,1,,
W0878,Work,What the campaign press should not be neutral toward,What the campaign press should not be neutral toward,Blog post,,8,RECORD-00716,1,,
C0979,Concept,Legible society,Legible society,,,7,RECORD-00716,1,,
C0980,Concept,Birtherism,Birtherism,,,6,RECORD-00716,1,,
E0325,Event,2016 U.S. Presidential Campaign,2016 U.S. Presidential Campaign,Election,,10,RECORD-00716,1,,
E0326,Event,1989 Associated Press Managing Editors Conference,1989 Associated Press Managing Editors Conference,Professional conference,,5,RECORD-00716,1,,
L0234,Location,"Des Moines, Iowa","Des Moines, Iowa",City,,4,RECORD-00716,1,,
P2495,Person,Ernst-Jan Pfauth,Ernst-Jan Pfauth,Cofounder and publisher,De Correspondent,7,RECORD-00717,1,,
P2496,Person,Thalia Verkade,Thalia Verkade,Clean tech and mobility correspondent,De Correspondent,4,RECORD-00717,1,,
P2497,Person,Jessica Lessin,Jessica Lessin,Founder,The Information,4,RECORD-00717,1,,
O1523,Organization,Democracy Fund,Democracy Fund,Foundation,,7,RECORD-00717,1,,
O1524,Organization,Politico Pro,Politico Pro,News organization (subscription),,5,RECORD-00717,1,,
O1525,Organization,The Information,The Information,News organization (subscription),,4,RECORD-00717,1,,
W0879,Work,This is what a news organization built on reader trust looks like,This is what a news organization built on reader trust looks like,Article,,8,RECORD-00717,1,,
W0880,Work,Shell knew: oil giant's 1991 film warned of climate change danger,Shell knew: oil giant's 1991 film warned of climate change danger,Article,,5,RECORD-00717,1,,
W0881,Work,"Prospects for the American Press Under Trump, Part Two","Prospects for the American Press Under Trump, Part Two",Blog post,,5,RECORD-00717,1,,
W0882,Work,The View from Nowhere: Questions and Answers,The View from Nowhere: Questions and Answers,Blog post,,6,RECORD-00717,1,,
C0981,Concept,Optimizing for trust,Optimizing for trust,,,10,RECORD-00717,1,,
C0982,Concept,Membership model,Membership model,,,9,RECORD-00717,1,,
C0983,Concept,Journalist as conversation leader,Journalist as conversation leader,,,8,RECORD-00717,1,,
C0984,Concept,"Not the weather, but the climate","Not the weather, but the climate",,,7,RECORD-00717,1,,
C0985,Concept,Writer's paper,Writer's paper,,,6,RECORD-00717,1,,
C0986,Concept,Obsessions model,Obsessions model,,,6,RECORD-00717,1,,
C0987,Concept,Social contract between journalists and readers,Social contract between journalists and readers,,,7,RECORD-00717,1,,
C0988,Concept,Data minimization privacy policy,Data minimization privacy policy,,,5,RECORD-00717,1,,
E0327,Event,De Correspondent U.S. launch announcement,De Correspondent U.S. launch announcement,Business announcement,,9,RECORD-00717,1,,
E0328,Event,Launch of the Membership Puzzle Project,Launch of the Membership Puzzle Project,Research project launch,,9,RECORD-00717,1,,
P2498,Person,Kathy Kiely,Kathy Kiely,Journalist and journalism teacher,"Bloomberg Politics, Sunlight Foundation, National Journal, CBS News",8,RECORD-00718,1,,
P2499,Person,Tracey Taylor,Tracey Taylor,Writer,Berkeleyside,4,RECORD-00718,1,,
O1526,Organization,Berkeleyside,Berkeleyside,Independent News Site,,6,RECORD-00718,1,,
O1527,Organization,Bloomberg Politics,Bloomberg Politics,News Organization,,5,RECORD-00718,1,,
W0883,Work,What Are Journalists For,What Are Journalists For,Book,,8,RECORD-00718,1,,
E0329,Event,Uncharted Festival of Ideas,Uncharted Festival of Ideas,Festival,,6,RECORD-00718,1,,
L0235,Location,Berkeley,Berkeley,City,,5,RECORD-00718,1,,
P2500,Person,Rosanne Cash,Rosanne Cash,Singer; ambassador for The Correspondent,The Correspondent,3,RECORD-00720,1,,
P2501,Person,Molly Crabapple,Molly Crabapple,Artist and writer; ambassador for The Correspondent,The Correspondent,3,RECORD-00720,1,,
W0884,Work,Winter is Coming: Prospects for the American Press Under Trump,Winter is Coming: Prospects for the American Press Under Trump,Blog post,,7,RECORD-00720,1,,
W0885,Work,Unbreaking News,Unbreaking News,Essay series,,6,RECORD-00720,1,,
W0886,Work,The Death of Truth,The Death of Truth,Book,,3,RECORD-00720,1,,
C0989,Concept,Recency bias,Recency bias,,,5,RECORD-00720,1,,
E0330,Event,Newsgeist conference,Newsgeist conference,Conference,,6,RECORD-00720,1,,
E0331,Event,Iraq War buildup coverage failure,Iraq War buildup coverage failure,Press failure,,5,RECORD-00720,1,,
E0332,Event,2008 Financial Crisis,2008 Financial Crisis,Economic crisis,,4,RECORD-00720,1,,
L0236,Location,Netherlands,Netherlands,Country,,7,RECORD-00720,1,,
P2502,Person,Bob Dylan,Bob Dylan,"Musician, songwriter",,5,RECORD-00721,1,,
O1528,Organization,Luminate,Luminate,Foundation,,4,RECORD-00721,1,,
O1529,Organization,Votebeat,Votebeat,Nonprofit news organization,,6,RECORD-00721,1,,
C0990,Concept,Asymmetry between press paradigm and Trump's playbook,Asymmetry between press paradigm and Trump's playbook,,,8,RECORD-00721,1,,
C0991,Concept,Maximize polarization,Maximize polarization,,,7,RECORD-00721,1,,
C0992,Concept,Stop the Steal movement,Stop the Steal movement,,,7,RECORD-00721,1,,
C0993,Concept,Media as hate objects,Media as hate objects,,,8,RECORD-00721,1,,
E0333,Event,COVID-19 White House briefings,COVID-19 White House briefings,Press briefings,,7,RECORD-00721,1,,
E0334,Event,Trump's attempt to overturn the 2020 election,Trump's attempt to overturn the 2020 election,Political event,,9,RECORD-00721,1,,
L0237,Location,Central Pennsylvania,Central Pennsylvania,Region,,5,RECORD-00721,1,,
P2503,Person,Jennifer Rubin,Jennifer Rubin,Opinion columnist,The Washington Post,9,RECORD-00722,1,,
W0887,Work,Journalists also have an obligation to fix democracy,Journalists also have an obligation to fix democracy,Opinion column,,9,RECORD-00722,1,,
C0994,Concept,Media complicity in democratic crisis,Media complicity in democratic crisis,,,8,RECORD-00722,1,,
C0995,Concept,Republican assault on democracy,Republican assault on democracy,,,7,RECORD-00722,1,,
P2504,Person,Aaron Rupar,Aaron Rupar,"Journalist, newsletter author",Public Notice,6,RECORD-00723,1,,
P2505,Person,Thor Benson,Thor Benson,"Contributor, interviewer",Public Notice,6,RECORD-00723,1,,
P2506,Person,Brianna Keilar,Brianna Keilar,News anchor,CNN,5,RECORD-00723,1,,
O1530,Organization,Public Notice,Public Notice,Substack newsletter,,6,RECORD-00723,1,,
C0996,Concept,Bothsidesism,Bothsidesism,,,9,RECORD-00723,1,,
C0997,Concept,Liberal bias critique,Liberal bias critique,,,7,RECORD-00723,1,,
C0998,Concept,MAGA movement,MAGA movement,,,8,RECORD-00723,1,,
P2507,Person,Mike Johnson,Mike Johnson,Speaker of the House,U.S. House of Representatives,7,RECORD-00724,1,,
P2508,Person,Erika McEntarfer,Erika McEntarfer,Former Commissioner of the Bureau of Labor Statistics,Bureau of Labor Statistics,6,RECORD-00724,1,,
O1531,Organization,Environmental Protection Agency,Environmental Protection Agency,Government agency,,7,RECORD-00724,1,,
O1532,Organization,Bureau of Labor Statistics,Bureau of Labor Statistics,Government agency,,7,RECORD-00724,1,,
O1533,Organization,Stop the Presses,Stop the Presses,Newsletter/Substack,,6,RECORD-00724,1,,
W0888,Work,Good Old Fashioned Shoe Leather Reporting,Good Old Fashioned Shoe Leather Reporting,Blog post,,6,RECORD-00724,1,,
C0999,Concept,Verification,Verification,,,9,RECORD-00724,1,,
C1000,Concept,Nullify the real,Nullify the real,,,8,RECORD-00724,1,,
C1001,Concept,Reality rejection check,Reality rejection check,,,7,RECORD-00724,1,,
C1002,Concept,Symmetrical accounts of asymmetrical realities,Symmetrical accounts of asymmetrical realities,,,7,RECORD-00724,1,,
C1003,Concept,Politics as strategic game,Politics as strategic game,,,6,RECORD-00724,1,,
E0335,Event,Firing of BLS Commissioner Erika McEntarfer,Firing of BLS Commissioner Erika McEntarfer,Political action,,7,RECORD-00724,1,,
E0336,Event,EPA proposal to revoke endangerment finding,EPA proposal to revoke endangerment finding,Policy announcement,,8,RECORD-00724,1,,
P2509,Person,Ellen Clegg,Ellen Clegg,"Journalist, co-author",What Works in Community News,5,RECORD-00725,1,,
O1534,Organization,The Bedford Citizen,The Bedford Citizen,Hyperlocal news outlet,,4,RECORD-00725,1,,
W0889,Work,The Production of Innocence in the Reporting of American Politics,The Production of Innocence in the Reporting of American Politics,Essay / blog post,,7,RECORD-00725,1,,
W0890,Work,What Works in Community News,What Works in Community News,Book,,6,RECORD-00725,1,,
W0891,Work,Assignment Zero,Assignment Zero,Journalism experiment / project,,6,RECORD-00725,1,,
P2510,Person,Judd Legum,Judd Legum,Journalist,Popular Information (Substack),4,RECORD-00726,1,,
P2511,Person,Jelani Cobb,Jelani Cobb,Journalist,The New Yorker,4,RECORD-00726,1,,
O1535,Organization,Status,Status,Newsletter,,4,RECORD-00726,1,,
C1004,Concept,Citizen's agenda,Citizen's agenda,,,6,RECORD-00726,1,,
E0337,Event,Trump Madison Square Garden rally,Trump Madison Square Garden rally,Political rally,,6,RECORD-00726,1,,
P2512,Person,Suzanne Braun Levine,Suzanne Braun Levine,Journalist/Editor,,5,RECORD-00727,1,,
P2513,Person,John Dinges,John Dinges,Journalist,,5,RECORD-00727,1,,
O1536,Organization,NYPR Archive Collections,NYPR Archive Collections,Media archive,,4,RECORD-00727,1,,
C1005,Concept,New roles for journalism,New roles for journalism,,,7,RECORD-00727,1,,
O1537,Organization,Wired.com,Wired.com,News organization,,5,RECORD-00729,1,,
O1538,Organization,WBAI,WBAI,Radio station,,4,RECORD-00729,1,,
O1539,Organization,Wikipedia Advisory Board,Wikipedia Advisory Board,Advisory board,,4,RECORD-00729,1,,
W0892,Work,The Zeitgeist Hour,The Zeitgeist Hour,Radio show,,4,RECORD-00729,1,,
E0338,Event,Reporters Without Borders 2005 Freedom Blog award,Reporters Without Borders 2005 Freedom Blog award,Award,,5,RECORD-00729,1,,
E0339,Event,Project on Public Life and the Press,Project on Public Life and the Press,Research project,,5,RECORD-00729,1,,
P2514,Person,Seth C. Lewis,Seth C. Lewis,Journalism researcher / interviewer,Nieman Journalism Lab,7,RECORD-00730,1,,
P2515,Person,Tim Stenovec,Tim Stenovec,"Student, community relationships lead for LEV",NYU Studio 20,3,RECORD-00730,1,,
O1540,Organization,McCormick Tribune Foundation,McCormick Tribune Foundation,Foundation,,4,RECORD-00730,1,,
W0893,Work,The Local: East Village,The Local: East Village,Hyperlocal news site,,9,RECORD-00730,1,,
W0894,Work,Studio 20,Studio 20,Academic concentration / program,,8,RECORD-00730,1,,
W0895,Work,Reporting New York,Reporting New York,Academic concentration,,5,RECORD-00730,1,,
C1006,Concept,American pragmatism,American pragmatism,,,6,RECORD-00730,1,,
C1007,Concept,Journalism education reform,Journalism education reform,,,8,RECORD-00730,1,,
L0238,Location,"East Village, Manhattan","East Village, Manhattan",Neighborhood,,8,RECORD-00730,1,,
P2516,Person,Benjamin Mullin,Benjamin Mullin,Journalist,Poynter,4,RECORD-00732,1,,
O1541,Organization,Buffalo Courier-Express,Buffalo Courier-Express,Newspaper,,3,RECORD-00732,1,,
W0896,Work,Covering 45,Covering 45,Podcast,,6,RECORD-00732,1,,
C1008,Concept,Outside-in journalism,Outside-in journalism,,,8,RECORD-00732,1,,
C1009,Concept,Stop interviewing surrogates,Stop interviewing surrogates,,,7,RECORD-00732,1,,
C1010,Concept,Words are deeds,Words are deeds,,,6,RECORD-00732,1,,
C1011,Concept,Collapse of the White House spokesperson,Collapse of the White House spokesperson,,,7,RECORD-00732,1,,
E0340,Event,White House Correspondents' Association Dinner,White House Correspondents' Association Dinner,Annual Banquet,,6,RECORD-00732,1,,
O1542,Organization,WNYC Studios,WNYC Studios,Public Radio Producer,,7,RECORD-00733,1,,
E0341,Event,NBC News Town Hall with Donald Trump,NBC News Town Hall with Donald Trump,Televised Town Hall,,7,RECORD-00733,1,,
L0239,Location,Perez Art Museum Miami,Perez Art Museum Miami,Museum / Event Venue,,4,RECORD-00733,1,,
C1012,Concept,Lessons of the Trump Era for the Press,Lessons of the Trump Era for the Press,,,7,RECORD-00734,1,,
P2517,Person,Kevin McCarthy,Kevin McCarthy,"Politician, House Republican Leader",Republican Party,6,RECORD-00735,1,,
P2518,Person,Ari Berman,Ari Berman,Reporter covering elections and voting rights,Mother Jones,6,RECORD-00735,1,,
P2519,Person,Mike Pence,Mike Pence,Former Vice President,Republican Party,5,RECORD-00735,1,,
P2520,Person,Jimmy Fallon,Jimmy Fallon,Late-night TV host,NBC,4,RECORD-00735,1,,
P2521,Person,Jimmy Kimmel,Jimmy Kimmel,Late-night TV host,ABC,4,RECORD-00735,1,,
O1543,Organization,WITF Public Broadcasting,WITF Public Broadcasting,Public broadcaster,,7,RECORD-00735,1,,
C1013,Concept,The Big Lie,The Big Lie,,,9,RECORD-00735,1,,
C1014,Concept,Never forget policy,Never forget policy,,,7,RECORD-00735,1,,
C1015,Concept,Raising reality's negatives,Raising reality's negatives,,,8,RECORD-00735,1,,
C1016,Concept,Pro-democracy press,Pro-democracy press,,,8,RECORD-00735,1,,
E0342,Event,Arizona audit,Arizona audit,Election audit,,7,RECORD-00735,1,,
L0240,Location,"Harrisburg, Pennsylvania","Harrisburg, Pennsylvania",City,,4,RECORD-00735,1,,
P2522,Person,Ramishah Maruf,Ramishah Maruf,Reporter,CNN Business,4,RECORD-00736,1,,
C1017,Concept,Horse race reporting,Horse race reporting,,,7,RECORD-00736,1,,
P2523,Person,Eric Black,Eric Black,Columnist,MinnPost,7,RECORD-00737,1,,
W0897,Work,"A Current List of My Top Problems in PressThink, May 2021","A Current List of My Top Problems in PressThink, May 2021",Blog post,,8,RECORD-00737,1,,
W0898,Work,Asymmetry Between the Major Parties Fries the Circuits of the Mainstream Press,Asymmetry Between the Major Parties Fries the Circuits of the Mainstream Press,Blog post,,7,RECORD-00737,1,,
C1018,Concept,Objectivity norm,Objectivity norm,,,9,RECORD-00737,1,,
C1019,Concept,Both sides model of news coverage,Both sides model of news coverage,,,9,RECORD-00737,1,,
C1020,Concept,Asymmetry between the major parties,Asymmetry between the major parties,,,8,RECORD-00737,1,,
E0343,Event,Trump presidency,Trump presidency,Political era,,9,RECORD-00737,1,,
O1544,Organization,The 11th Hour,The 11th Hour,Television Program,,6,RECORD-00738,1,,
P2524,Person,Lawrence O'Donnell,Lawrence O'Donnell,Host,MSNBC,6,RECORD-00739,1,,
P2525,Person,Alex Wagner,Alex Wagner,Host,MSNBC,6,RECORD-00739,1,,
W0899,Work,The Last Word,The Last Word,Television program,,5,RECORD-00739,1,,
W0900,Work,Alex Wagner Tonight,Alex Wagner Tonight,Television program,,5,RECORD-00739,1,,
E0344,Event,CNN Trump Town Hall,CNN Trump Town Hall,Televised political event,,8,RECORD-00739,1,,
C1021,Concept,Conventional tools of journalism,Conventional tools of journalism,,,7,RECORD-00739,1,,
C1022,Concept,Fear mongering in news media,Fear mongering in news media,,,6,RECORD-00739,1,,
P2526,Person,Donald J. Trump,Donald J. Trump,"Former U.S. President, 2024 presidential candidate",Republican Party,10,RECORD-00741,1,,
P2527,Person,Micah Loewinger,Micah Loewinger,Co-host of On the Media,WNYC,7,RECORD-00741,1,,
P2528,Person,Dan Frumkin,Dan Frumkin,Press critic,Press Watch,7,RECORD-00741,1,,
P2529,Person,Naomi Klein,Naomi Klein,Author and journalist,Independent,8,RECORD-00741,1,,
P2530,Person,Kaitlan Collins,Kaitlan Collins,CNN anchor and Trump Town Hall moderator,CNN,7,RECORD-00741,1,,
P2531,Person,Walter Isaacson,Walter Isaacson,Biographer of Elon Musk,Independent,6,RECORD-00741,1,,
P2532,Person,Zoe Schiffer,Zoe Schiffer,Journalist covering Twitter/X,Platformer,5,RECORD-00741,1,,
P2533,Person,Bob Iger,Bob Iger,CEO of Disney,Disney,6,RECORD-00741,1,,
O1545,Organization,Dominion Voting Systems,Dominion Voting Systems,Election technology company,,7,RECORD-00741,1,,
W0901,Work,Doppelganger,Doppelganger,Book,,7,RECORD-00741,1,,
C1023,Concept,Stakes versus odds framing,Stakes versus odds framing,,,8,RECORD-00741,1,,
C1024,Concept,Fascism as political descriptor,Fascism as political descriptor,,,7,RECORD-00741,1,,
C1025,Concept,"Took him seriously, not literally","Took him seriously, not literally",,,7,RECORD-00741,1,,
E0345,Event,Dominion v. Fox News settlement,Dominion v. Fox News settlement,Legal settlement,,8,RECORD-00741,1,,
E0346,Event,E. Jean Carroll v. Trump verdict,E. Jean Carroll v. Trump verdict,Civil trial verdict,,7,RECORD-00741,1,,
P2534,Person,John Herrman,John Herrman,"Co-editor, journalist",The Awl,9,RECORD-00743,1,,
P2535,Person,Graham family,Graham family,Former owners of The Washington Post,The Washington Post,4,RECORD-00743,1,,
O1546,Organization,The Intercept,The Intercept,News Publication,,6,RECORD-00743,1,,
W0902,Work,Tech Is Eating Media. Now What?,Tech Is Eating Media. Now What?,Article,,9,RECORD-00743,1,,
C1026,Concept,Tech absorbing the press,Tech absorbing the press,,,9,RECORD-00743,1,,
C1027,Concept,Editorial company,Editorial company,,,7,RECORD-00743,1,,
W0903,Work,Politics and Vision,Politics and Vision,Book,,6,RECORD-00744,1,,
O1547,Organization,Apple News,Apple News,Technology Company,,4,RECORD-00744,1,,
O1548,Organization,Temple University,Temple University,University,,5,RECORD-00744,1,,
O1549,Organization,Daily Mail,Daily Mail,News Publication,,5,RECORD-00744,1,,
P2536,Person,Harold Evans,Harold Evans,Publisher,British press,6,RECORD-00744,1,,
E0347,Event,International Journalism Festival 2018,International Journalism Festival 2018,Conference Keynote,,7,RECORD-00744,1,,
L0241,Location,Macedonia,Macedonia,Country,,6,RECORD-00744,1,,
C1028,Concept,Agile Manifesto,Agile Manifesto,,,4,RECORD-00744,1,,
P2537,Person,Ernst Pfauth,Ernst Pfauth,CEO,The Correspondent,8,RECORD-00745,1,,
P2538,Person,Sebastian Kersten,Sebastian Kersten,Co-founder,The Correspondent,5,RECORD-00745,1,,
P2539,Person,Harald Dunnink,Harald Dunnink,Co-founder,The Correspondent,5,RECORD-00745,1,,
P2540,Person,Nienke Venema,Nienke Venema,Executive director,Stichting Democratie & Media,7,RECORD-00745,1,,
O1550,Organization,Stichting Democratie & Media,Stichting Democratie & Media,Foundation,,9,RECORD-00745,1,,
O1551,Organization,Omidyar Group,Omidyar Group,Investment group,,6,RECORD-00745,1,,
O1552,Organization,Craig Newmark Philanthropies,Craig Newmark Philanthropies,Philanthropic foundation,,5,RECORD-00745,1,,
O1553,Organization,Het Parool,Het Parool,Newspaper,,6,RECORD-00745,1,,
O1554,Organization,Oculus Rift,Oculus Rift,Technology company,,4,RECORD-00745,1,,
C1029,Concept,Public service veto,Public service veto,,,10,RECORD-00745,1,,
C1030,Concept,Priority share,Priority share,,,9,RECORD-00745,1,,
C1031,Concept,Profit cap,Profit cap,,,8,RECORD-00745,1,,
C1032,Concept,Public benefit corporation,Public benefit corporation,,,5,RECORD-00745,1,,
C1033,Concept,B Corporation,B Corporation,,,5,RECORD-00745,1,,
C1034,Concept,Profit maximization,Profit maximization,,,7,RECORD-00745,1,,
E0348,Event,Sale of the Huffington Post to AOL,Sale of the Huffington Post to AOL,Corporate acquisition,,8,RECORD-00745,1,,
L0242,Location,Amsterdam,Amsterdam,City,,4,RECORD-00745,1,,
P2541,Person,Simon Jenkins,Simon Jenkins,"Columnist, former editor in chief","The Guardian, formerly The Times of London",6,RECORD-00747,1,,
O1555,Organization,The Times of London,The Times of London,Newspaper,,5,RECORD-00747,1,,
W0904,Work,This Week,This Week,Television program,,5,RECORD-00747,1,,
C1035,Concept,Here's where I'm coming from,Here's where I'm coming from,,,7,RECORD-00747,1,,
C1036,Concept,Impartiality in journalism,Impartiality in journalism,,,7,RECORD-00747,1,,
P2542,Person,Edward Schumacher-Matos,Edward Schumacher-Matos,NPR Ombudsman,NPR,7,RECORD-00748,1,,
P2543,Person,Kathy Lohr,Kathy Lohr,Reporter,NPR,6,RECORD-00748,1,,
O1556,Organization,Harvard School of Public Health,Harvard School of Public Health,Academic institution,,3,RECORD-00748,1,,
W0905,Work,Journalists Washing Their Hands of the Truth,Journalists Washing Their Hands of the Truth,Blog post,,8,RECORD-00748,1,,
E0349,Event,TechCrunch Disrupt,TechCrunch Disrupt,Conference,,3,RECORD-00748,1,,
C1037,Concept,Thin legitimacy,Thin legitimacy,,,9,RECORD-00749,1,,
C1038,Concept,Thick legitimacy,Thick legitimacy,,,9,RECORD-00749,1,,
C1039,Concept,Democracy as participant sport,Democracy as participant sport,,,7,RECORD-00749,1,,
C1040,Concept,Filter bubble,Filter bubble,,,6,RECORD-00749,1,,
O1557,Organization,Spot.us,Spot.us,crowdfunded journalism platform,,8,RECORD-00750,1,,
O1558,Organization,John S. and James L. Knight Foundation,John S. and James L. Knight Foundation,philanthropic foundation,,7,RECORD-00750,1,,
O1559,Organization,Kiva,Kiva,microloan platform,,5,RECORD-00750,1,,
W0906,Work,Max Headroom,Max Headroom,TV show,,7,RECORD-00750,1,,
W0907,Work,PBS MediaShift Idea Lab,PBS MediaShift Idea Lab,blog,,5,RECORD-00750,1,,
C1041,Concept,The Future of Context,The Future of Context,,,8,RECORD-00750,1,,
E0350,Event,South by Southwest 2010,South by Southwest 2010,conference/festival,,7,RECORD-00750,1,,
L0243,Location,"Austin, Texas","Austin, Texas",city,,5,RECORD-00750,1,,
C1042,Concept,Right-wing radio,Right-wing radio,,,7,RECORD-00751,1,,
P2544,Person,Mark Colvin,Mark Colvin,Radio presenter,Australian Broadcasting Corporation,6,RECORD-00752,1,,
O1560,Organization,FORA.tv,FORA.tv,Video platform,,4,RECORD-00752,1,,
E0351,Event,The Future of Context (talk),The Future of Context (talk),Public lecture,,7,RECORD-00752,1,,
L0244,Location,ABC Ultimo Centre,ABC Ultimo Centre,Broadcasting facility,,5,RECORD-00752,1,,
L0245,Location,"Sydney, Australia","Sydney, Australia",City,,4,RECORD-00752,1,,
C1043,Concept,Journalist as explainer,Journalist as explainer,,,8,RECORD-00752,1,,
C1044,Concept,Future of context in journalism,Future of context in journalism,,,8,RECORD-00752,1,,
C1045,Concept,Socratic position in journalism,Socratic position in journalism,,,6,RECORD-00752,1,,
W0908,Work,PM (ABC Radio program),PM (ABC Radio program),Radio program,,5,RECORD-00752,1,,
P2545,Person,Lois Beckett,Lois Beckett,Journalist/Writer,Nieman Journalism Lab,5,RECORD-00753,1,,
P2546,Person,Rachel Slaff,Rachel Slaff,"Graduate student, research group leader","Studio 20, NYU",4,RECORD-00753,1,,
O1561,Organization,The National Post,The National Post,Newspaper,,3,RECORD-00753,1,,
W0909,Work,Explainer.net,Explainer.net,Website/database,,8,RECORD-00753,1,,
W0910,Work,Building a Better Explainer: NYU and ProPublica will collaborate and share what they learn,Building a Better Explainer: NYU and ProPublica will collaborate and share what they learn,Blog post,,7,RECORD-00753,1,,
W0911,Work,Google Living Stories,Google Living Stories,News experiment/platform,,4,RECORD-00753,1,,
W0912,Work,RSA Animate video series,RSA Animate video series,Educational video series,,4,RECORD-00753,1,,
C1046,Concept,Future of context,Future of context,,,9,RECORD-00753,1,,
C1047,Concept,Explainer journalism,Explainer journalism,,,9,RECORD-00753,1,,
C1048,Concept,Journalism schools as R&D labs,Journalism schools as R&D labs,,,7,RECORD-00753,1,,
E0352,Event,SXSW 2010 panel on the future of context,SXSW 2010 panel on the future of context,Conference panel,,6,RECORD-00753,1,,
E0353,Event,WikiLeaks cables release,WikiLeaks cables release,News event,,4,RECORD-00753,1,,
E0354,Event,BP oil spill (Deepwater Horizon),BP oil spill (Deepwater Horizon),Environmental/news event,,3,RECORD-00753,1,,
P2547,Person,Megan Garber,Megan Garber,Journalist,Nieman Journalism Lab,5,RECORD-00754,1,,
W0913,Work,The Citizens Agenda in Campaign Coverage,The Citizens Agenda in Campaign Coverage,Blog post,,9,RECORD-00754,1,,
C1049,Concept,Mutualized journalism,Mutualized journalism,,,5,RECORD-00754,1,,
E0355,Event,2012 U.S. presidential election,2012 U.S. presidential election,Election,,8,RECORD-00754,1,,
P2548,Person,Sarah Darville,Sarah Darville,Journalist,Nieman Journalism Lab,5,RECORD-00757,1,,
P2549,Person,Ed Fouhy,Ed Fouhy,Journalist and commentator,Pew Center for Civic Journalism,5,RECORD-00757,1,,
W0914,Work,Getting the Connections Right: Public Journalism and the Troubles in the Press,Getting the Connections Right: Public Journalism and the Troubles in the Press,Book,,9,RECORD-00757,1,,
C1050,Concept,Getting the Separations Right,Getting the Separations Right,,,8,RECORD-00757,1,,
C1051,Concept,Getting the Connections Right,Getting the Connections Right,,,9,RECORD-00757,1,,
P2550,Person,Christine Schmidt,Christine Schmidt,Journalist,Nieman Journalism Lab,5,RECORD-00758,1,,
P2551,Person,Styli Charalambous,Styli Charalambous,Publisher and CEO,Daily Maverick,7,RECORD-00758,1,,
P2552,Person,Mo Tafech,Mo Tafech,Fundraising and marketing,Fumaca,4,RECORD-00758,1,,
P2553,Person,Gonzalo del Peon,Gonzalo del Peon,Researcher,Membership Puzzle Project,4,RECORD-00758,1,,
P2554,Person,Ashley Alvarado,Ashley Alvarado,Journalist / Engagement lead,KPCC,4,RECORD-00758,1,,
P2555,Person,Will Carless,Will Carless,Reporter,Reveal,3,RECORD-00758,1,,
P2556,Person,Aaron Sankin,Aaron Sankin,Reporter,Reveal,3,RECORD-00758,1,,
O1562,Organization,Daily Maverick,Daily Maverick,Investigative news outlet,,8,RECORD-00758,1,,
O1563,Organization,News Revenue Hub,News Revenue Hub,News service organization,,5,RECORD-00758,1,,
O1564,Organization,The Devil Strip,The Devil Strip,Local news cooperative,,4,RECORD-00758,1,,
O1565,Organization,The Bristol Cable,The Bristol Cable,News cooperative,,4,RECORD-00758,1,,
O1566,Organization,Decât o Revistă,Decât o Revistă,News outlet,,3,RECORD-00758,1,,
O1567,Organization,The Dallas Morning News,The Dallas Morning News,Newspaper,,4,RECORD-00758,1,,
O1568,Organization,Aos Fatos,Aos Fatos,Fact-checking platform,,4,RECORD-00758,1,,
O1569,Organization,Conexion Migrante,Conexion Migrante,News outlet,,3,RECORD-00758,1,,
O1570,Organization,Fumaca,Fumaca,Independent news outlet,,4,RECORD-00758,1,,
O1571,Organization,Open Society Foundations,Open Society Foundations,Foundation,,4,RECORD-00758,1,,
O1572,Organization,KPCC,KPCC,Public radio station,,4,RECORD-00758,1,,
O1573,Organization,Reveal,Reveal,News outlet,,4,RECORD-00758,1,,
O1574,Organization,Membership in News Fund,Membership in News Fund,Grant program,,7,RECORD-00758,1,,
C1052,Concept,Membership model in journalism,Membership model in journalism,,,10,RECORD-00758,1,,
C1053,Concept,Reader revenue,Reader revenue,,,8,RECORD-00758,1,,
C1054,Concept,Join the Beat,Join the Beat,,,6,RECORD-00758,1,,
C1055,Concept,Membership 101,Membership 101,,,5,RECORD-00758,1,,
C1056,Concept,Non-extractive reporting,Non-extractive reporting,,,5,RECORD-00758,1,,
L0246,Location,South Africa,South Africa,Country,,5,RECORD-00758,1,,
P2557,Person,Laura Hazard Owen,Laura Hazard Owen,Journalist / interviewer,Nieman Journalism Lab,7,RECORD-00759,1,,
P2558,Person,Judd Apatow,Judd Apatow,Correspondent ambassador,Independent,3,RECORD-00759,1,,
P2559,Person,DeRay Mckesson,DeRay Mckesson,Correspondent ambassador,Independent,3,RECORD-00759,1,,
P2560,Person,Roseanne Cash,Roseanne Cash,Correspondent ambassador,Independent,3,RECORD-00759,1,,
P2561,Person,Esther Perel,Esther Perel,Correspondent ambassador,Independent,3,RECORD-00759,1,,
P2562,Person,Joshua Benton,Joshua Benton,Director / journalist,Nieman Journalism Lab,4,RECORD-00759,1,,
O1575,Organization,Blue State Digital,Blue State Digital,Campaign / digital strategy agency,,5,RECORD-00759,1,,
C1057,Concept,Distributed journalism model,Distributed journalism model,,,9,RECORD-00759,1,,
C1058,Concept,Reader-funded ad-free journalism,Reader-funded ad-free journalism,,,9,RECORD-00759,1,,
C1059,Concept,Unbreaking news,Unbreaking news,,,7,RECORD-00759,1,,
C1060,Concept,Trust-based journalism,Trust-based journalism,,,8,RECORD-00759,1,,
E0356,Event,The Correspondent U.S. crowdfunding campaign,The Correspondent U.S. crowdfunding campaign,Crowdfunding campaign,,10,RECORD-00759,1,,
E0357,Event,Jay Rosen's appearance on The Daily Show,Jay Rosen's appearance on The Daily Show,Television appearance,,7,RECORD-00759,1,,
P2563,Person,Stephen Bannon,Stephen Bannon,White House Chief Strategist,Trump Administration,7,RECORD-00760,1,,
P2564,Person,Brendan Nyhan,Brendan Nyhan,Political scientist,Dartmouth College,4,RECORD-00760,1,,
O1576,Organization,Vermont Public,Vermont Public,Public radio,,5,RECORD-00760,1,,
C1061,Concept,Opposition party,Opposition party,,,6,RECORD-00760,1,,
C1062,Concept,Maximize trust,Maximize trust,,,7,RECORD-00760,1,,
C1063,Concept,Replacing the press,Replacing the press,,,7,RECORD-00760,1,,
O1577,Organization,The Poynter Institute,The Poynter Institute,Non-profit journalism school,,6,RECORD-00761,1,,
O1578,Organization,Tampa Bay Times,Tampa Bay Times,Newspaper,,4,RECORD-00761,1,,
O1579,Organization,The Scott Trust,The Scott Trust,Trust (ownership entity),,5,RECORD-00761,1,,
O1580,Organization,The Creativist,The Creativist,Publishing platform,,4,RECORD-00761,1,,
C1064,Concept,Independent public interest journalism,Independent public interest journalism,,,8,RECORD-00761,1,,
C1065,Concept,Hybrid for-profit/non-profit media structure,Hybrid for-profit/non-profit media structure,,,8,RECORD-00761,1,,
E0358,Event,First Look Media launch announcement,First Look Media launch announcement,Corporate announcement,,9,RECORD-00761,1,,
P2565,Person,Liz Spayd,Liz Spayd,Public editor,The New York Times,6,RECORD-00762,1,,
P2566,Person,Jake Batsell,Jake Batsell,"Author, journalism scholar",Engaged Journalism (book),6,RECORD-00762,1,,
P2567,Person,Elia Powers,Elia Powers,"Journalist, writer on engagement editors",Mediashift,4,RECORD-00762,1,,
O1581,Organization,Mediashift,Mediashift,Media publication,,6,RECORD-00762,1,,
O1582,Organization,The Coral Project,The Coral Project,Journalism tools project,,5,RECORD-00762,1,,
O1583,Organization,Engaging News Project,Engaging News Project,Research project,,5,RECORD-00762,1,,
O1584,Organization,Agora Journalism Center,Agora Journalism Center,Academic center,,5,RECORD-00762,1,,
O1585,Organization,University of Oregon,University of Oregon,University,,4,RECORD-00762,1,,
O1586,Organization,Billy Penn,Billy Penn,News outlet,,5,RECORD-00762,1,,
W0915,Work,Engaged Journalism: Connecting with Digitally Empowered News Audiences,Engaged Journalism: Connecting with Digitally Empowered News Audiences,Book,,6,RECORD-00762,1,,
W0916,Work,The People Formerly Known as the Audience,The People Formerly Known as the Audience,Essay,,8,RECORD-00762,1,,
W0917,Work,The View from Nowhere,The View from Nowhere,Essay,,8,RECORD-00762,1,,
W0918,Work,Want to Attract More Readers? Try Listening to Them,Want to Attract More Readers? Try Listening to Them,Column,,5,RECORD-00762,1,,
C1066,Concept,Engaged journalism,Engaged journalism,,,9,RECORD-00762,1,,
E0359,Event,ONA London 2016,ONA London 2016,Conference,,4,RECORD-00762,1,,
E0360,Event,Engagement Summit,Engagement Summit,Conference,,4,RECORD-00762,1,,
E0361,Event,2015 UK General Election,2015 UK General Election,Election,,4,RECORD-00762,1,,
O1587,Organization,GBH,GBH,public media,,4,RECORD-00763,1,,
W0919,Work,The Wired City,The Wired City,book,,5,RECORD-00763,1,,
C1067,Concept,Manufacture of Consent,Manufacture of Consent,,,6,RECORD-00763,1,,
P2568,Person,Chris Mims,Chris Mims,Journalist/blogger,Climate Progress,5,RECORD-00764,1,,
O1588,Organization,Climate Progress,Climate Progress,Blog/news site,,6,RECORD-00764,1,,
W0920,Work,The actual ideology of our political press,The actual ideology of our political press,Essay,,7,RECORD-00764,1,,
C1068,Concept,Illegitimate debate,Illegitimate debate,,,9,RECORD-00764,1,,
C1069,Concept,Manufactured doubt,Manufactured doubt,,,8,RECORD-00764,1,,
C1070,Concept,Neutrality and objectivity,Neutrality and objectivity,,,8,RECORD-00764,1,,
C1071,Concept,Status anxiety in journalism,Status anxiety in journalism,,,7,RECORD-00764,1,,
P2569,Person,Tony Judt,Tony Judt,"Historian, public intellectual",NYU,9,RECORD-00765,1,,
P2570,Person,Anthony Shadid,Anthony Shadid,"Foreign correspondent, Pulitzer Prize winner","The New York Times, The Washington Post",7,RECORD-00765,1,,
P2571,Person,Sam Zell,Sam Zell,"Media owner, businessman",Tribune Company,5,RECORD-00765,1,,
P2572,Person,Edward Herman,Edward Herman,"Economist, media analyst",University of Pennsylvania,5,RECORD-00765,1,,
O1589,Organization,TruthDig,TruthDig,News website,,4,RECORD-00765,1,,
W0921,Work,Ill Fares the Land,Ill Fares the Land,Book,,7,RECORD-00765,1,,
W0922,Work,Thinking the Twentieth Century,Thinking the Twentieth Century,Book,,7,RECORD-00765,1,,
W0923,Work,Manufacturing Consent,Manufacturing Consent,Book,,6,RECORD-00765,1,,
W0924,Work,Only the Super-Rich Can Save Us,Only the Super-Rich Can Save Us,Book,,4,RECORD-00765,1,,
C1072,Concept,Too Big to Tell,Too Big to Tell,,,9,RECORD-00765,1,,
C1073,Concept,Reality-based politics,Reality-based politics,,,8,RECORD-00765,1,,
C1074,Concept,Distributed responsibility,Distributed responsibility,,,6,RECORD-00765,1,,
C1075,Concept,Accountability crisis,Accountability crisis,,,8,RECORD-00765,1,,
E0362,Event,2008 Financial Crash,2008 Financial Crash,Economic crisis,,7,RECORD-00765,1,,
P2573,Person,Walter Russell Mead,Walter Russell Mead,"Panelist, public intellectual",Bard College,6,RECORD-00766,1,,
P2574,Person,Roger Berkowitz,Roger Berkowitz,"Moderator, academic director","Hannah Arendt Center, Bard College",6,RECORD-00766,1,,
O1590,Organization,Hannah Arendt Center for Politics and Humanities,Hannah Arendt Center for Politics and Humanities,Academic center,,7,RECORD-00766,1,,
O1591,Organization,Bard College,Bard College,University,,6,RECORD-00766,1,,
O1592,Organization,SCOTUSblog,SCOTUSblog,Legal blog,,5,RECORD-00766,1,,
E0363,Event,Blogging and the New Public Intellectual panel,Blogging and the New Public Intellectual panel,Panel discussion,,7,RECORD-00766,1,,
C1076,Concept,Journalist as heightened informed citizen,Journalist as heightened informed citizen,,,7,RECORD-00766,1,,
C1077,Concept,Public intellectual,Public intellectual,,,6,RECORD-00766,1,,
O1593,Organization,Rita Allen Foundation,Rita Allen Foundation,Foundation,,4,RECORD-00767,1,,
P2575,Person,Jennifer Preston,Jennifer Preston,Vice president for journalism,Knight Foundation,6,RECORD-00767,1,,
P2576,Person,Josh Stearns,Josh Stearns,"Associate Director, Public Square Program",Democracy Fund,6,RECORD-00767,1,,
P2577,Person,Anusha Alikhan,Anusha Alikhan,Director of Communications,Knight Foundation,3,RECORD-00767,1,,
P2578,Person,Lauren Strayer,Lauren Strayer,Director of Communications,Democracy Fund,3,RECORD-00767,1,,
W0925,Work,Membership Puzzle Project,Membership Puzzle Project,Project,,10,RECORD-00767,1,,
C1078,Concept,Social contract with supporters,Social contract with supporters,,,8,RECORD-00767,1,,
C1079,Concept,Reader-supported journalism,Reader-supported journalism,,,7,RECORD-00767,1,,
P2579,Person,James O'Keefe,James O'Keefe,Conservative activist / Filmmaker,Project Veritas,7,RECORD-00768,1,,
P2580,Person,Caitlin Curran,Caitlin Curran,Freelance journalist,WNYC (former),6,RECORD-00768,1,,
O1594,Organization,National Public Radio,National Public Radio,Public broadcaster,,9,RECORD-00768,1,,
W0926,Work,World of Opera,World of Opera,Radio program,,6,RECORD-00768,1,,
C1080,Concept,Fairness bias,Fairness bias,,,9,RECORD-00768,1,,
C1081,Concept,Transparency over objectivity,Transparency over objectivity,,,9,RECORD-00768,1,,
E0364,Event,Occupy Wall Street,Occupy Wall Street,Protest movement,,7,RECORD-00768,1,,
E0365,Event,Comcast Must Die campaign,Comcast Must Die campaign,Consumer advocacy campaign,,5,RECORD-00768,1,,
P2581,Person,Chas Danner,Chas Danner,"Journalism student, co-founder of Meet the Facts",The New School,8,RECORD-00769,1,,
P2582,Person,Paul Breer,Paul Breer,"Political science student, co-founder of Meet the Facts",Kansas,5,RECORD-00769,1,,
P2583,Person,Betsy Fischer,Betsy Fischer,Executive producer of Meet the Press,NBC,3,RECORD-00769,1,,
O1595,Organization,The New School,The New School,University,,4,RECORD-00769,1,,
O1596,Organization,Meet the Facts,Meet the Facts,Fact-checking website,,9,RECORD-00769,1,,
W0927,Work,My Simple Fix for the Messed Up Sunday Shows,My Simple Fix for the Messed Up Sunday Shows,Blog post,,8,RECORD-00769,1,,
C1082,Concept,Fact-checking Sunday shows,Fact-checking Sunday shows,,,9,RECORD-00769,1,,
P2584,Person,Linda Greenhouse,Linda Greenhouse,Supreme Court correspondent,The New York Times,7,RECORD-00770,1,,
P2585,Person,Ida B. Wells,Ida B. Wells,"Journalist, anti-lynching activist",Independent journalist,7,RECORD-00770,1,,
W0928,Work,The View From Somewhere,The View From Somewhere,Book,,9,RECORD-00770,1,,
W0929,Work,"Objectivity is dead, and I'm okay with it","Objectivity is dead, and I'm okay with it",Essay/Medium post,,8,RECORD-00770,1,,
W0930,Work,The View From Everywhere,The View From Everywhere,Radio episode,,6,RECORD-00770,1,,
C1083,Concept,The production of innocence,The production of innocence,,,8,RECORD-00770,1,,
E0366,Event,Linda Greenhouse reproductive rights march,Linda Greenhouse reproductive rights march,Journalistic controversy,,6,RECORD-00770,1,,
O1597,Organization,NPR (National Public Radio),NPR (National Public Radio),Public Media / News Organization,,10,RECORD-00772,1,,
O1598,Organization,Mercer University Center for Collaborative Journalism,Mercer University Center for Collaborative Journalism,Academic Journalism Center,,7,RECORD-00772,1,,
O1599,Organization,Georgia Public Broadcasting,Georgia Public Broadcasting,Public Media,,3,RECORD-00772,1,,
W0931,Work,We have no idea who's right: Criticizing he said/she said journalism at NPR,We have no idea who's right: Criticizing he said/she said journalism at NPR,Blog Post,,7,RECORD-00772,1,,
C1084,Concept,He Said / She Said Journalism,He Said / She Said Journalism,,,9,RECORD-00772,1,,
E0367,Event,Jay Rosen visit to Mercer Center for Collaborative Journalism,Jay Rosen visit to Mercer Center for Collaborative Journalism,Live Podcast Recording,,6,RECORD-00772,1,,
E0368,Event,Removal from Buffalo Courier-Express building,Removal from Buffalo Courier-Express building,Personal/career incident,,6,RECORD-00773,1,,
O1600,Organization,State University of New York at Buffalo,State University of New York at Buffalo,University,,6,RECORD-00774,1,,
O1601,Organization,The Spectrum,The Spectrum,Student newspaper,,6,RECORD-00774,1,,
O1602,Organization,Northeastern News,Northeastern News,Student newspaper,,5,RECORD-00774,1,,
W0932,Work,Why I Am Not a Journalist: A True Story,Why I Am Not a Journalist: A True Story,Personal essay,,8,RECORD-00774,1,,
C1085,Concept,Audience engagement,Audience engagement,,,7,RECORD-00776,1,,
C1086,Concept,Democracy as Participation,Democracy as Participation,,,7,RECORD-00777,1,,
C1087,Concept,Social Media as News Source,Social Media as News Source,,,8,RECORD-00777,1,,
W0933,Work,The Structural Transformation of the Public Sphere,The Structural Transformation of the Public Sphere,Book,,9,RECORD-00782,1,,
P2586,Person,Jacques Necker,Jacques Necker,Finance minister to the King of France,French monarchy,8,RECORD-00782,1,,
W0934,Work,Compte rendu,Compte rendu,Public financial record,,7,RECORD-00782,1,,
P2587,Person,John Wilkes,John Wilkes,Printer and politician,British Parliament,6,RECORD-00782,1,,
P2588,Person,Keith Michael Baker,Keith Michael Baker,Historian,Academic,5,RECORD-00782,1,,
O1603,Organization,Sciences Po école du journalisme,Sciences Po école du journalisme,Journalism school,,6,RECORD-00782,1,,
O1604,Organization,British Parliament,British Parliament,Government legislature,,7,RECORD-00782,1,,
W0935,Work,Audience Atomization Overcome,Audience Atomization Overcome,Blog post,,8,RECORD-00782,1,,
C1088,Concept,The Journalists Formerly Known as the Media,The Journalists Formerly Known as the Media,,,9,RECORD-00782,1,,
C1089,Concept,Audience atomization,Audience atomization,,,8,RECORD-00782,1,,
C1090,Concept,Mutualization of journalism,Mutualization of journalism,,,7,RECORD-00782,1,,
E0369,Event,Paris Peace Conference,Paris Peace Conference,Diplomatic conference,,7,RECORD-00782,1,,
E0370,Event,Inaugural Lecture at Sciences Po,Inaugural Lecture at Sciences Po,Academic lecture,,6,RECORD-00782,1,,
L0247,Location,"Paris, France","Paris, France",City,,6,RECORD-00782,1,,
P2589,Person,Eric Johnson,Eric Johnson,Journalist,Recode,4,RECORD-00784,1,,
O1605,Organization,Recode,Recode,Media Outlet,,7,RECORD-00784,1,,
W0936,Work,Recode Media with Peter Kafka,Recode Media with Peter Kafka,Podcast,,8,RECORD-00784,1,,
C1091,Concept,Show Your Work,Show Your Work,,,8,RECORD-00784,1,,
C1092,Concept,Extraordinary Act of Listening,Extraordinary Act of Listening,,,7,RECORD-00784,1,,
C1093,Concept,Journalistic logic of interviewing administration spokespersons,Journalistic logic of interviewing administration spokespersons,,,8,RECORD-00785,1,,
C1094,Concept,Press transparency about interview rationale,Press transparency about interview rationale,,,7,RECORD-00785,1,,
P2590,Person,David Mindich,David Mindich,"Faculty member, media studies, journalism and digital arts",Saint Michael's College,6,RECORD-00786,1,,
P2591,Person,Elizabeth Murray,Elizabeth Murray,Associate Director of Communications,Saint Michael's College,2,RECORD-00786,1,,
O1606,Organization,Saint Michael's College,Saint Michael's College,Educational institution,,7,RECORD-00786,1,,
C1095,Concept,Public and civic journalism,Public and civic journalism,,,9,RECORD-00786,1,,
C1096,Concept,Civic emergency,Civic emergency,,,8,RECORD-00786,1,,
C1097,Concept,Radical uncertainty,Radical uncertainty,,,7,RECORD-00786,1,,
C1098,Concept,Collapsed categories,Collapsed categories,,,7,RECORD-00786,1,,
C1099,Concept,Voice of God journalism,Voice of God journalism,,,6,RECORD-00786,1,,
E0371,Event,Jay Rosen presentation at Saint Michael's College,Jay Rosen presentation at Saint Michael's College,Public lecture,,7,RECORD-00786,1,,
L0248,Location,McCarthy Arts Center Recital Hall,McCarthy Arts Center Recital Hall,Venue,,4,RECORD-00786,1,,
P2592,Person,Jessica Clark,Jessica Clark,"Director, Future of Public Media Project; Knight Media Policy Fellow",American University Center for Social Media,8,RECORD-00787,1,,
P2593,Person,Anthony Hunt,Anthony Hunt,Station manager,Public broadcasting,6,RECORD-00787,1,,
P2594,Person,Peter Corbett,Peter Corbett,"Organizer, Public Media Camp",iStrategy Labs,6,RECORD-00787,1,,
P2595,Person,Jauvan Moradi,Jauvan Moradi,Digital media staff,NPR Digital Media,6,RECORD-00787,1,,
P2596,Person,Maxie Jackson,Maxie Jackson,President and CEO,National Federation for Community Broadcasters,6,RECORD-00787,1,,
O1607,Organization,Public Broadcasting Service,Public Broadcasting Service,Public broadcaster,,7,RECORD-00787,1,,
O1608,Organization,United States House of Representatives,United States House of Representatives,Government body,,7,RECORD-00787,1,,
O1609,Organization,American University,American University,University,,5,RECORD-00787,1,,
O1610,Organization,Center for Social Media,Center for Social Media,Academic research center,,6,RECORD-00787,1,,
O1611,Organization,Ford Foundation,Ford Foundation,Philanthropic foundation,,5,RECORD-00787,1,,
O1612,Organization,iStrategy Labs,iStrategy Labs,Digital agency,,4,RECORD-00787,1,,
O1613,Organization,National Federation of Community Broadcasters,National Federation of Community Broadcasters,Public broadcasting association,,6,RECORD-00787,1,,
O1614,Organization,New America Foundation,New America Foundation,Think tank,,4,RECORD-00787,1,,
E0372,Event,Public Media Camp,Public Media Camp,Conference/unconference,,7,RECORD-00787,1,,
E0373,Event,House vote to defund NPR,House vote to defund NPR,Legislative action,,8,RECORD-00787,1,,
C1100,Concept,Public Media 2.0,Public Media 2.0,,,6,RECORD-00787,1,,
C1101,Concept,Systematically distorted communication,Systematically distorted communication,,,7,RECORD-00787,1,,
P2597,Person,Katherine Krueger,Katherine Krueger,Writer and editor; breaking news reporter,Talking Points Memo,4,RECORD-00788,1,,
P2598,Person,Chris Lusk,Chris Lusk,Studio 20 student; design and web development lead,New York University,5,RECORD-00788,1,,
P2599,Person,Kim Bode,Kim Bode,News Literacy project manager,"Studio 20, NYU",4,RECORD-00788,1,,
O1615,Organization,News Literacy Project,News Literacy Project,Educational nonprofit,,4,RECORD-00788,1,,
W0937,Work,News Literacy 2016,News Literacy 2016,Educational web project,,9,RECORD-00788,1,,
W0938,Work,How to Be Literate in What's Changing Journalism,How to Be Literate in What's Changing Journalism,Blog post,,6,RECORD-00788,1,,
C1102,Concept,Digital transformation of journalism,Digital transformation of journalism,,,8,RECORD-00788,1,,
C1103,Concept,News literacy,News literacy,,,7,RECORD-00788,1,,
C1104,Concept,Automated journalism,Automated journalism,,,5,RECORD-00788,1,,
C1105,Concept,Digital thinking,Digital thinking,,,6,RECORD-00788,1,,
C1106,Concept,Mexico City Policy,Mexico City Policy,,,7,RECORD-00789,1,,
E0374,Event,First week of the Trump administration,First week of the Trump administration,Political event,,8,RECORD-00789,1,,
L0249,Location,White House,White House,Government building,,7,RECORD-00789,1,,
P2600,Person,Pete Dominick,Pete Dominick,Podcast host,Stand Up! with Pete Dominick,7,RECORD-00790,1,,
O1616,Organization,Project on Public Life and the Press,Project on Public Life and the Press,Research project,,6,RECORD-00790,1,,
O1617,Organization,"Shorenstein Center on the Press, Politics and Public Policy","Shorenstein Center on the Press, Politics and Public Policy",Academic research center,,6,RECORD-00790,1,,
O1618,Organization,Gannett Center for Media Studies,Gannett Center for Media Studies,Academic research center,,5,RECORD-00790,1,,
O1619,Organization,Stand Up! with Pete Dominick,Stand Up! with Pete Dominick,Podcast,,6,RECORD-00790,1,,
C1107,Concept,Membership models for journalism,Membership models for journalism,,,7,RECORD-00790,1,,
L0250,Location,"Buffalo, NY","Buffalo, NY",City,,4,RECORD-00790,1,,
E0375,Event,Online News Association 2017 Conference,Online News Association 2017 Conference,Conference,,6,RECORD-00791,1,,
O1620,Organization,International Symposium on Online Journalism,International Symposium on Online Journalism,Conference,,7,RECORD-00792,1,,
O1621,Organization,Knight Center for Journalism in the Americas,Knight Center for Journalism in the Americas,Journalism center,,6,RECORD-00792,1,,
C1108,Concept,Membership models for news sustainability,Membership models for news sustainability,,,7,RECORD-00792,1,,
E0376,Event,ISOJ 2019,ISOJ 2019,Conference,,7,RECORD-00792,1,,
P2601,Person,Amy Siskind,Amy Siskind,"Author and activist, President of The New Agenda",The New Agenda,8,RECORD-00793,1,,
P2602,Person,Leah Wright Rigueur,Leah Wright Rigueur,Associate Research Professor,"SNF Agora Institute, Johns Hopkins University",8,RECORD-00793,1,,
O1622,Organization,Center for Media at Risk,Center for Media at Risk,Academic research center,,8,RECORD-00793,1,,
O1623,Organization,The New Agenda,The New Agenda,Non-profit,,6,RECORD-00793,1,,
O1624,Organization,SNF Agora Institute,SNF Agora Institute,Academic institute,,6,RECORD-00793,1,,
O1625,Organization,Annenberg School for Communication,Annenberg School for Communication,Academic school,,6,RECORD-00793,1,,
W0939,Work,The Weekly List,The Weekly List,Book,,6,RECORD-00793,1,,
E0377,Event,"Archiving Trump: Cruelties, Corruption and Citational Complexity","Archiving Trump: Cruelties, Corruption and Citational Complexity",Virtual roundtable panel,,8,RECORD-00793,1,,
P2603,Person,Florence Madenga,Florence Madenga,"Doctoral student, podcast producer","Annenberg School for Communication, University of Pennsylvania",7,RECORD-00794,1,,
P2604,Person,Aaron Shapiro,Aaron Shapiro,Podcast host and editor,"Annenberg School for Communication, University of Pennsylvania",4,RECORD-00794,1,,
C1109,Concept,Optimize the news for trust,Optimize the news for trust,,,8,RECORD-00794,1,,
C1110,Concept,Newspaper of record,Newspaper of record,,,6,RECORD-00794,1,,
C1111,Concept,Democracy dies in darkness,Democracy dies in darkness,,,6,RECORD-00794,1,,
C1112,Concept,Church/state separation,Church/state separation,,,5,RECORD-00794,1,,
C1113,Concept,Bridge roles,Bridge roles,,,6,RECORD-00794,1,,
C1114,Concept,Legitimacy of the American press,Legitimacy of the American press,,,8,RECORD-00794,1,,
E0378,Event,2016 US Presidential Election,2016 US Presidential Election,Election,,7,RECORD-00794,1,,
P2605,Person,Tatiana Mayberry,Tatiana Mayberry,"Student, sports management junior",Texas A&M University,3,RECORD-00795,1,,
P2606,Person,Molly Smith,Molly Smith,"Student, business honors senior",Texas A&M University,3,RECORD-00795,1,,
P2607,Person,Brad Morse,Brad Morse,Writer/reporter,The Battalion,2,RECORD-00795,1,,
P2608,Person,Savannah Mehrens,Savannah Mehrens,Writer/reporter,The Battalion,2,RECORD-00795,1,,
O1626,Organization,Texas A&M University,Texas A&M University,University,,5,RECORD-00795,1,,
O1627,Organization,The Battalion,The Battalion,Student newspaper,,4,RECORD-00795,1,,
E0379,Event,Restoring Trust in the American Press after Trump's Election,Restoring Trust in the American Press after Trump's Election,Lecture,,9,RECORD-00795,1,,
E0380,Event,Aggie Agora lecture series,Aggie Agora lecture series,Lecture series,,6,RECORD-00795,1,,
C1115,Concept,Trust in the press,Trust in the press,,,9,RECORD-00795,1,,
C1116,Concept,Enemy of the American people,Enemy of the American people,,,7,RECORD-00795,1,,
C1117,Concept,Economic crisis in the news,Economic crisis in the news,,,7,RECORD-00795,1,,
C1118,Concept,Conservative campaign to discredit journalism,Conservative campaign to discredit journalism,,,7,RECORD-00795,1,,
O1628,Organization,Center for Investigative Reporting,Center for Investigative Reporting,News Organization,,5,RECORD-00797,1,,
O1629,Organization,Center for Public Integrity,Center for Public Integrity,News Organization,,5,RECORD-00797,1,,
O1630,Organization,Investigative Reporting Workshop,Investigative Reporting Workshop,News Organization,,4,RECORD-00797,1,,
E0381,Event,Why do we need 'professional' journalists if anyone can report the news?,Why do we need 'professional' journalists if anyone can report the news?,Lecture,,7,RECORD-00798,1,,
L0251,Location,Cheray Science Hall Room 101,Cheray Science Hall Room 101,Venue,,4,RECORD-00798,1,,
O1631,Organization,Postmedia,Postmedia,Media Company,,5,RECORD-00798,1,,
O1632,Organization,"Media Studies, Journalism & Digital Arts Department","Media Studies, Journalism & Digital Arts Department",Academic Department,,4,RECORD-00798,1,,
O1633,Organization,Vermont Press Association,Vermont Press Association,Professional Association,,4,RECORD-00798,1,,
E0382,Event,Walkley Media Conference,Walkley Media Conference,Conference,,8,RECORD-00799,1,,
O1634,Organization,"Media, Entertainment & Arts Alliance","Media, Entertainment & Arts Alliance",Trade Union/Professional Association,,7,RECORD-00799,1,,
C1119,Concept,Citizens' agenda,Citizens' agenda,,,8,RECORD-00799,1,,
O1635,Organization,upstart magazine,upstart magazine,Student publication,,5,RECORD-00799,1,,
O1636,Organization,Bleacher Report,Bleacher Report,Media company,,5,RECORD-00800,1,,
W0940,Work,How to be literate in what's changing in journalism,How to be literate in what's changing in journalism,Blog post,,9,RECORD-00800,1,,
C1120,Concept,News as product or service,News as product or service,,,6,RECORD-00800,1,,
C1121,Concept,Personal franchise model in news,Personal franchise model in news,,,6,RECORD-00800,1,,
C1122,Concept,Analytics in news production,Analytics in news production,,,5,RECORD-00800,1,,
C1123,Concept,Agile culture in newsrooms,Agile culture in newsrooms,,,5,RECORD-00800,1,,
C1124,Concept,Shift to mobile devices,Shift to mobile devices,,,6,RECORD-00800,1,,
C1125,Concept,Viewlessness,Viewlessness,,,6,RECORD-00801,1,,
O1637,Organization,Elon University,Elon University,university,,6,RECORD-00803,1,,
W0941,Work,60 Minutes Killian memos report,60 Minutes Killian memos report,television news report,,5,RECORD-00803,1,,
E0383,Event,U.S. Attorneys firings investigation,U.S. Attorneys firings investigation,investigative reporting campaign,,6,RECORD-00803,1,,
E0384,Event,Killian memos controversy,Killian memos controversy,media authentication dispute,,6,RECORD-00803,1,,
W0942,Work,Harvard Kennedy School case study on the fall of Trent Lott,Harvard Kennedy School case study on the fall of Trent Lott,Academic Case Study,,6,RECORD-00804,1,,
C1126,Concept,Court of Appeal in the State of Supreme News Judgment,Court of Appeal in the State of Supreme News Judgment,,,10,RECORD-00804,1,,
C1127,Concept,24-hour audition,24-hour audition,,,7,RECORD-00804,1,,
C1128,Concept,Power shapes truth,Power shapes truth,,,8,RECORD-00804,1,,
O1638,Organization,Christian Science Monitor,Christian Science Monitor,Newspaper,,5,RECORD-00804,1,,
O1639,Organization,New York Review of Books,New York Review of Books,Magazine,,6,RECORD-00804,1,,
P2609,Person,Sandra Day O'Connor,Sandra Day O'Connor,Supreme Court Justice,U.S. Supreme Court,9,RECORD-00805,1,,
O1640,Organization,MoveOn,MoveOn,Political advocacy group,,5,RECORD-00805,1,,
O1641,Organization,Independent Women's Forum,Independent Women's Forum,Political advocacy group,,4,RECORD-00805,1,,
O1642,Organization,U.S. Supreme Court,U.S. Supreme Court,Government - Judicial,,9,RECORD-00805,1,,
O1643,Organization,U.S. Senate,U.S. Senate,Government - Legislative,,7,RECORD-00805,1,,
C1129,Concept,News cured of views,News cured of views,,,6,RECORD-00805,1,,
E0385,Event,Sandra Day O'Connor's retirement,Sandra Day O'Connor's retirement,Political/judicial event,,9,RECORD-00805,1,,
P2610,Person,Joseph C. Wilson IV,Joseph C. Wilson IV,"Former ambassador, diplomat, whistleblower",U.S. State Department (former),9,RECORD-00806,1,,
P2611,Person,John Barron,John Barron,Editor,Chicago Sun-Times,5,RECORD-00806,1,,
P2612,Person,John Cruickshank,John Cruickshank,Publisher,Chicago Sun-Times,4,RECORD-00806,1,,
C1130,Concept,Chilling effect on whistleblowers,Chilling effect on whistleblowers,,,8,RECORD-00806,1,,
C1131,Concept,Journalistic professional conscience,Journalistic professional conscience,,,7,RECORD-00806,1,,
E0386,Event,Plame affair / CIA leak case,Plame affair / CIA leak case,Political scandal,,10,RECORD-00806,1,,
E0387,Event,Wilson's trip to Niger,Wilson's trip to Niger,CIA-sponsored fact-finding mission,,7,RECORD-00806,1,,
P2613,Person,Vince Cannistraro,Vince Cannistraro,"Former Chief of Operations and Analysis, CIA Counterterrorism Center",Central Intelligence Agency,5,RECORD-00807,1,,
W0943,Work,Fortress Bush,Fortress Bush,Magazine article,,6,RECORD-00807,1,,
W0944,Work,"For Bush, Facts Are Malleable","For Bush, Facts Are Malleable",Newspaper article,,5,RECORD-00807,1,,
C1132,Concept,Executive freedom on the terrain of fact,Executive freedom on the terrain of fact,,,8,RECORD-00807,1,,
E0388,Event,Valerie Plame leak case,Valerie Plame leak case,Political scandal,,10,RECORD-00807,1,,
E0389,Event,"July 11, 2005 McClellan press briefing","July 11, 2005 McClellan press briefing",White House press briefing,,9,RECORD-00807,1,,
E0390,Event,Iraq War buildup,Iraq War buildup,Political/military campaign,,6,RECORD-00807,1,,
L0252,Location,White House press podium,White House press podium,Briefing room,,7,RECORD-00807,1,,
P2614,Person,Edie Emery,Edie Emery,Spokeswoman,CNN,2,RECORD-00808,1,,
O1644,Organization,Broadcasting & Cable,Broadcasting & Cable,Trade magazine,,3,RECORD-00808,1,,
W0945,Work,Time for Robert Novak to Feel Some Chill,Time for Robert Novak to Feel Some Chill,Blog post/column,,6,RECORD-00808,1,,
W0946,Work,Ex-CIA official's remark is wrong,Ex-CIA official's remark is wrong,Newspaper column,,7,RECORD-00808,1,,
W0947,Work,Who's Who in America,Who's Who in America,Reference book,,3,RECORD-00808,1,,
E0391,Event,Novak walks off CNN's Inside Politics,Novak walks off CNN's Inside Politics,Broadcast incident,,9,RECORD-00808,1,,
E0392,Event,Novak speech to young conservatives,Novak speech to young conservatives,Public speech,,4,RECORD-00808,1,,
C1133,Concept,Journalist's duty to peers and profession,Journalist's duty to peers and profession,,,6,RECORD-00808,1,,
P2615,Person,Hillary Profita,Hillary Profita,Public Eye contributor who interviewed Ciprian-Matthews,CBS News / Public Eye,4,RECORD-00809,1,,
O1645,Organization,CBS Digital,CBS Digital,Digital media division of CBS,,7,RECORD-00809,1,,
O1646,Organization,60 Minutes Wednesday,60 Minutes Wednesday,CBS News broadcast program,,9,RECORD-00809,1,,
O1647,Organization,Wizbang,Wizbang,Blog,,4,RECORD-00809,1,,
W0948,Work,Thornburgh-Bocardi Report,Thornburgh-Bocardi Report,Investigative report,,8,RECORD-00809,1,,
W0949,Work,For the Record,For the Record,60 Minutes Wednesday segment on Bush National Guard service,,9,RECORD-00809,1,,
W0950,Work,Outside Voices: Jay Rosen's Open Letter To CBS,Outside Voices: Jay Rosen's Open Letter To CBS,Guest blog post,,7,RECORD-00809,1,,
C1134,Concept,Media ecosystem (old media and new media),Media ecosystem (old media and new media),,,8,RECORD-00809,1,,
C1135,Concept,The old opacity,The old opacity,,,7,RECORD-00809,1,,
E0393,Event,Killian Documents / National Guard Memo Controversy,Killian Documents / National Guard Memo Controversy,Journalism scandal,,10,RECORD-00809,1,,
E0394,Event,Launch of Public Eye blog,Launch of Public Eye blog,Media launch,,8,RECORD-00809,1,,
P2616,Person,Kevin Sites,Kevin Sites,Journalist,Yahoo News,4,RECORD-00810,1,,
O1648,Organization,Yahoo News,Yahoo News,Online news portal,,7,RECORD-00810,1,,
O1649,Organization,MSNBC.com,MSNBC.com,Online news,,5,RECORD-00810,1,,
W0951,Work,First Draft,First Draft,Blog,,5,RECORD-00810,1,,
W0952,Work,Bayosphere,Bayosphere,Citizen journalism site,,5,RECORD-00810,1,,
W0953,Work,Joho the Blog,Joho the Blog,Blog,,5,RECORD-00810,1,,
W0954,Work,Baristanet,Baristanet,Hyperlocal blog,,5,RECORD-00810,1,,
W0955,Work,Public Eye,Public Eye,Ombudsman blog,,5,RECORD-00810,1,,
W0956,Work,Blogspotting,Blogspotting,Blog,,4,RECORD-00810,1,,
W0957,Work,Wikipedia,Wikipedia,Online encyclopedia,,6,RECORD-00810,1,,
C1136,Concept,Citizens media,Citizens media,,,7,RECORD-00810,1,,
C1137,Concept,Hyper-local blogging,Hyper-local blogging,,,5,RECORD-00810,1,,
C1138,Concept,Distributed fact-collection,Distributed fact-collection,,,6,RECORD-00810,1,,
C1139,Concept,Illusion of omniscience,Illusion of omniscience,,,6,RECORD-00810,1,,
E0395,Event,"Big Media, the Bloggers roundtable","Big Media, the Bloggers roundtable",Industry roundtable,,7,RECORD-00810,1,,
E0396,Event,Killian Memos / Rathergate,Killian Memos / Rathergate,Journalistic controversy,,6,RECORD-00810,1,,
E0397,Event,DeLay ethics rules change vote,DeLay ethics rules change vote,Political vote,,6,RECORD-00810,1,,
L0253,Location,"CBS Building (Black Rock), Manhattan","CBS Building (Black Rock), Manhattan",Corporate headquarters,,4,RECORD-00810,1,,
P2617,Person,I. Lewis 'Scooter' Libby,I. Lewis 'Scooter' Libby,Chief of Staff to the Vice President,Office of the Vice President,6,RECORD-00811,1,,
O1650,Organization,The Philadelphia Inquirer,The Philadelphia Inquirer,Newspaper,,6,RECORD-00811,1,,
O1651,Organization,United States Congress,United States Congress,Government legislature,,5,RECORD-00811,1,,
C1140,Concept,Confidential source protection,Confidential source protection,,,8,RECORD-00811,1,,
C1141,Concept,Judy Miller's Times,Judy Miller's Times,,,9,RECORD-00811,1,,
C1142,Concept,Epic collision of first principles,Epic collision of first principles,,,7,RECORD-00811,1,,
C1143,Concept,TimesSelect,TimesSelect,,,5,RECORD-00812,1,,
C1144,Concept,Blanket waiver,Blanket waiver,,,5,RECORD-00812,1,,
E0398,Event,Reporting on Iraq Weapons of Mass Destruction,Reporting on Iraq Weapons of Mass Destruction,Journalism failure,,8,RECORD-00812,1,,
P2618,Person,Lewis 'Scooter' Libby,Lewis 'Scooter' Libby,Chief of Staff to the Vice President,White House,7,RECORD-00813,1,,
P2619,Person,George Freeman,George Freeman,Assistant General Counsel,The New York Times,4,RECORD-00813,1,,
O1652,Organization,Columbia Journalism Review Daily,Columbia Journalism Review Daily,Trade Publication,,5,RECORD-00813,1,,
O1653,Organization,The New York Times Washington Bureau,The New York Times Washington Bureau,News Bureau,,5,RECORD-00813,1,,
W0958,Work,Judith Miller and Her Times,Judith Miller and Her Times,Blog Post,,6,RECORD-00813,1,,
W0959,Work,The Case of the Missing Notebook,The Case of the Missing Notebook,Column,,4,RECORD-00813,1,,
E0399,Event,Judith Miller's Release from Prison,Judith Miller's Release from Prison,Legal / Press,,8,RECORD-00813,1,,
C1145,Concept,The News Comes in Code,The News Comes in Code,,,7,RECORD-00813,1,,
C1146,Concept,The suspended state,The suspended state,,,8,RECORD-00814,1,,
C1147,Concept,Missing journalism,Missing journalism,,,8,RECORD-00814,1,,
C1148,Concept,Embedded journalism,Embedded journalism,,,6,RECORD-00814,1,,
W0960,Work,The Shimmer: Missing Data at the New York Times,The Shimmer: Missing Data at the New York Times,Blog Post,,7,RECORD-00814,1,,
E0400,Event,Judith Miller's 85-day jail term,Judith Miller's 85-day jail term,Imprisonment,,9,RECORD-00814,1,,
W0961,Work,Armchair Critic Speculates,Armchair Critic Speculates,Blog post,,7,RECORD-00815,1,,
E0401,Event,Plame Affair,Plame Affair,Legal/political scandal,,8,RECORD-00815,1,,
E0402,Event,SPJ National Convention 2005,SPJ National Convention 2005,Conference,,6,RECORD-00815,1,,
E0403,Event,California First Amendment Coalition Open Government Assembly,California First Amendment Coalition Open Government Assembly,Conference,,4,RECORD-00815,1,,
C1149,Concept,Reporter's privilege,Reporter's privilege,,,7,RECORD-00815,1,,
L0254,Location,"Las Vegas, Nevada","Las Vegas, Nevada",City,,4,RECORD-00815,1,,
L0255,Location,"Fullerton, California","Fullerton, California",City,,3,RECORD-00815,1,,
P2620,Person,Eugene Pomeroy,Eugene Pomeroy,Public affairs officer,MET Alpha,4,RECORD-00816,1,,
O1654,Organization,The Pentagon,The Pentagon,Government agency,,8,RECORD-00816,1,,
O1655,Organization,MET Alpha,MET Alpha,Military unit,,7,RECORD-00816,1,,
O1656,Organization,75th Exploitation Task Force,75th Exploitation Task Force,Military unit,,6,RECORD-00816,1,,
O1657,Organization,White House Iraq Group,White House Iraq Group,Government working group,,6,RECORD-00816,1,,
O1658,Organization,Poynter Institute Romenesko,Poynter Institute Romenesko,Journalism forum,,5,RECORD-00816,1,,
O1659,Organization,West Point,West Point,Military academy,,4,RECORD-00816,1,,
C1150,Concept,Unreliable narrator,Unreliable narrator,,,7,RECORD-00816,1,,
C1151,Concept,Pre-publication review,Pre-publication review,,,7,RECORD-00816,1,,
C1152,Concept,Kremlinology,Kremlinology,,,5,RECORD-00816,1,,
C1153,Concept,The shimmer,The shimmer,,,6,RECORD-00816,1,,
C1154,Concept,Nondisclosure form,Nondisclosure form,,,7,RECORD-00816,1,,
C1155,Concept,Terms of accreditation,Terms of accreditation,,,6,RECORD-00816,1,,
W0962,Work,My Four Hours in a Holding Cell,My Four Hours in a Holding Cell,Article,,8,RECORD-00816,1,,
W0963,Work,Deep Miller: Did the New York Times just change the rules of journalism?,Deep Miller: Did the New York Times just change the rules of journalism?,Column,,6,RECORD-00816,1,,
W0964,Work,No Gun Ri,No Gun Ri,Book,,4,RECORD-00816,1,,
W0965,Work,Bloggers Discuss the Miller Case,Bloggers Discuss the Miller Case,Aggregation feature,,6,RECORD-00816,1,,
E0404,Event,Plame Affair / CIA leak investigation,Plame Affair / CIA leak investigation,Political scandal,,9,RECORD-00816,1,,
E0405,Event,Iraq War WMD hunt,Iraq War WMD hunt,Military operation,,8,RECORD-00816,1,,
L0256,Location,Tuwaitha,Tuwaitha,Site,,4,RECORD-00816,1,,
W0966,Work,"Thanks for the Link, New York Times. Now Please Answer My Question","Thanks for the Link, New York Times. Now Please Answer My Question",Blog post,,7,RECORD-00817,1,,
W0967,Work,Barney Calame public editor column on Judith Miller,Barney Calame public editor column on Judith Miller,Newspaper column,,8,RECORD-00817,1,,
C1156,Concept,Government security clearance for journalists,Government security clearance for journalists,,,9,RECORD-00817,1,,
E0406,Event,CIA leak investigation,CIA leak investigation,Investigation,,8,RECORD-00817,1,,
P2621,Person,Tom Wicker,Tom Wicker,Former Reporter,The New York Times,4,RECORD-00818,1,,
W0968,Work,The Case Against Scooter Libby,The Case Against Scooter Libby,Editorial,,8,RECORD-00818,1,,
W0969,Work,October 16th report on Judith Miller case,October 16th report on Judith Miller case,News Report,,8,RECORD-00818,1,,
C1157,Concept,Civil disobedience defense for journalists,Civil disobedience defense for journalists,,,6,RECORD-00818,1,,
C1158,Concept,Reporter-newspaper contract,Reporter-newspaper contract,,,7,RECORD-00818,1,,
E0407,Event,Judith Miller's 85-day jailing,Judith Miller's 85-day jailing,Incarceration,,8,RECORD-00818,1,,
P2622,Person,Ed Meese,Ed Meese,Former U.S. Attorney General,Reagan administration,3,RECORD-00820,1,,
P2623,Person,Ken Lay,Ken Lay,Former CEO,Enron,3,RECORD-00820,1,,
W0970,Work,Charlie Rose,Charlie Rose,Television program,,8,RECORD-00820,1,,
W0971,Work,Instapundit,Instapundit,Weblog,,5,RECORD-00820,1,,
E0408,Event,Sulzberger Charlie Rose interview,Sulzberger Charlie Rose interview,Television interview,,9,RECORD-00820,1,,
E0409,Event,Judith Miller case,Judith Miller case,Journalism scandal,,10,RECORD-00820,1,,
C1159,Concept,Weapons of mass destruction coverage,Weapons of mass destruction coverage,,,7,RECORD-00820,1,,
C1160,Concept,Miller-speak,Miller-speak,,,6,RECORD-00820,1,,
O1660,Organization,Knight-Ridder Inc.,Knight-Ridder Inc.,Newspaper company,,10,RECORD-00821,1,,
O1661,Organization,Goldman Sachs,Goldman Sachs,Investment bank,,5,RECORD-00821,1,,
O1662,Organization,Private Capital Management,Private Capital Management,Investment firm,,7,RECORD-00821,1,,
O1663,Organization,The Miami Herald,The Miami Herald,Newspaper,,4,RECORD-00821,1,,
O1664,Organization,The Kansas City Star,The Kansas City Star,Newspaper,,4,RECORD-00821,1,,
O1665,Organization,The Charlotte Observer,The Charlotte Observer,Newspaper,,4,RECORD-00821,1,,
O1666,Organization,Idaho Statesman,Idaho Statesman,Newspaper,,3,RECORD-00821,1,,
O1667,Organization,Duluth News Tribune,Duluth News Tribune,Newspaper,,3,RECORD-00821,1,,
P2624,Person,Mark Fitzgerald,Mark Fitzgerald,Columnist,Editor & Publisher,4,RECORD-00821,1,,
P2625,Person,George Steinbrenner,George Steinbrenner,Businessman/Owner,New York Yankees,3,RECORD-00821,1,,
C1161,Concept,Main Street Strategy,Main Street Strategy,,,10,RECORD-00821,1,,
C1162,Concept,Community buyback plan,Community buyback plan,,,9,RECORD-00821,1,,
C1163,Concept,Shareholder value,Shareholder value,,,6,RECORD-00821,1,,
W0972,Work,Re-Thinking Knight Ridder's Future,Re-Thinking Knight Ridder's Future,Column/Article,,4,RECORD-00821,1,,
W0973,Work,Who Wants to Buy a Newspaper?,Who Wants to Buy a Newspaper?,Blog post,,4,RECORD-00821,1,,
L0257,Location,"San Jose, California","San Jose, California",City,,4,RECORD-00821,1,,
E0410,Event,Knight-Ridder put up for sale,Knight-Ridder put up for sale,Corporate sale announcement,,9,RECORD-00821,1,,
P2626,Person,Becky Wagoner,Becky Wagoner,Reporter,Inter-Mountain newspaper,9,RECORD-00822,1,,
P2627,Person,Linda Skidmore,Linda Skidmore,Editor,Inter-Mountain newspaper,4,RECORD-00822,1,,
O1668,Organization,Inter-Mountain,Inter-Mountain,Local newspaper,,8,RECORD-00822,1,,
W0974,Work,"Today, we fell short vs. I'm not seeing any obvious missteps","Today, we fell short vs. I'm not seeing any obvious missteps",Blog post,,5,RECORD-00822,1,,
W0975,Work,CNN Presents: Sago mine disaster special,CNN Presents: Sago mine disaster special,TV special,,5,RECORD-00822,1,,
W0976,Work,Behind the Scenes (Anderson Cooper account),Behind the Scenes (Anderson Cooper account),First-person column,,5,RECORD-00822,1,,
W0977,Work,Reliable Sources transcript,Reliable Sources transcript,TV program transcript,,3,RECORD-00822,1,,
E0411,Event,Misreporting that 12 miners were alive,Misreporting that 12 miners were alive,Media error,,9,RECORD-00822,1,,
L0258,Location,"Elkins, West Virginia","Elkins, West Virginia",Town,,5,RECORD-00822,1,,
L0259,Location,"Sago, West Virginia","Sago, West Virginia",Mining community,,7,RECORD-00822,1,,
C1164,Concept,Difference between the story and the information,Difference between the story and the information,,,8,RECORD-00822,1,,
C1165,Concept,Process of figuring out what to believe is live,Process of figuring out what to believe is live,,,6,RECORD-00822,1,,
C1166,Concept,Authorized knower,Authorized knower,,,6,RECORD-00822,1,,
O1669,Organization,CBS News Public Eye,CBS News Public Eye,News blog,,4,RECORD-00823,1,,
C1167,Concept,Balance in journalism,Balance in journalism,,,9,RECORD-00823,1,,
C1168,Concept,Civility in online comments,Civility in online comments,,,8,RECORD-00823,1,,
C1169,Concept,Comment moderation,Comment moderation,,,7,RECORD-00823,1,,
C1170,Concept,Partisanship and news engagement,Partisanship and news engagement,,,7,RECORD-00823,1,,
E0412,Event,post.blog comment shutdown,post.blog comment shutdown,Editorial decision,,9,RECORD-00823,1,,
E0413,Event,Jack Abramoff scandal,Jack Abramoff scandal,Political scandal,,7,RECORD-00823,1,,
E0414,Event,Dan Froomkin White House Briefing controversy,Dan Froomkin White House Briefing controversy,Editorial controversy,,6,RECORD-00823,1,,
C1171,Concept,Be the press,Be the press,,,7,RECORD-00824,1,,
C1172,Concept,De-certification of journalists,De-certification of journalists,,,7,RECORD-00824,1,,
C1173,Concept,Bush thesis (reporters as special interest),Bush thesis (reporters as special interest),,,7,RECORD-00824,1,,
C1174,Concept,Changed the game,Changed the game,,,8,RECORD-00824,1,,
P2628,Person,Roch Smith Jr.,Roch Smith Jr.,Founder,Greensboro101,6,RECORD-00825,1,,
P2629,Person,Ken Lerer,Ken Lerer,Co-founder,Huffington Post,6,RECORD-00825,1,,
O1670,Organization,Buffalo News,Buffalo News,Newspaper,,6,RECORD-00825,1,,
O1671,Organization,KRON 4,KRON 4,Television station,,5,RECORD-00825,1,,
O1672,Organization,Blue Plate Special,Blue Plate Special,NYU journalism project,,6,RECORD-00825,1,,
W0978,Work,Blinq,Blinq,Blog,,4,RECORD-00825,1,,
C1175,Concept,Newspaper as public square,Newspaper as public square,,,8,RECORD-00825,1,,
C1176,Concept,Local blog aggregator,Local blog aggregator,,,8,RECORD-00825,1,,
C1177,Concept,Reader engagement and added value,Reader engagement and added value,,,7,RECORD-00825,1,,
C1178,Concept,Seeders of clouds,Seeders of clouds,,,6,RECORD-00825,1,,
O1673,Organization,McClatchy Company,McClatchy Company,Newspaper chain,,7,RECORD-00826,1,,
O1674,Organization,Philadelphia Media Holdings,Philadelphia Media Holdings,Newspaper ownership group,,9,RECORD-00826,1,,
O1675,Organization,Philadelphia Weekly,Philadelphia Weekly,Alternative newsweekly,,4,RECORD-00826,1,,
O1676,Organization,SSG Capital Advisors L.P.,SSG Capital Advisors L.P.,Investment firm,,3,RECORD-00826,1,,
O1677,Organization,LLR Partners Inc.,LLR Partners Inc.,Investment firm,,3,RECORD-00826,1,,
W0979,Work,Twelve Newspapers in a State of Nature,Twelve Newspapers in a State of Nature,Blog post,,6,RECORD-00826,1,,
C1179,Concept,Psychic rewards,Psychic rewards,,,6,RECORD-00826,1,,
C1180,Concept,Newspaper ownership models,Newspaper ownership models,,,7,RECORD-00826,1,,
E0415,Event,Sale of Philadelphia Inquirer and Daily News to local owners,Sale of Philadelphia Inquirer and Daily News to local owners,Business transaction,,10,RECORD-00826,1,,
W0980,Work,Bank Data Is Sifted by U.S. in Secret to Block Terror,Bank Data Is Sifted by U.S. in Secret to Block Terror,Article,,9,RECORD-00827,1,,
W0981,Work,Secret U.S. Program Tracks Global Bank Transfers,Secret U.S. Program Tracks Global Bank Transfers,Article,,7,RECORD-00827,1,,
W0982,Work,The Assassin's Gate,The Assassin's Gate,Book,,6,RECORD-00827,1,,
C1181,Concept,Press Legitimacy,Press Legitimacy,,,9,RECORD-00827,1,,
C1182,Concept,Rollback Strategy,Rollback Strategy,,,9,RECORD-00827,1,,
C1183,Concept,Storm Conditions,Storm Conditions,,,7,RECORD-00827,1,,
E0416,Event,SWIFT Banking Disclosure Controversy,SWIFT Banking Disclosure Controversy,Media Controversy,,9,RECORD-00827,1,,
P2630,Person,Michael Bierut,Michael Bierut,"Designer, co-editor of Design Observer",Design Observer,5,RECORD-00828,1,,
P2631,Person,Jessica Helfand,Jessica Helfand,"Designer, co-editor and partner","Design Observer, Winterhouse Institute",6,RECORD-00828,1,,
O1678,Organization,Design for Democracy,Design for Democracy,Initiative / nonprofit program,,7,RECORD-00828,1,,
O1679,Organization,Thirdwave,Thirdwave,Technology / development firm,,4,RECORD-00828,1,,
O1680,Organization,Creative Commons,Creative Commons,Nonprofit / licensing,,5,RECORD-00828,1,,
O1681,Organization,"Cooper-Hewitt, National Design Museum","Cooper-Hewitt, National Design Museum",Museum,,3,RECORD-00828,1,,
O1682,Organization,New York Institute of the Humanities,New York Institute of the Humanities,Academic institute,,3,RECORD-00828,1,,
W0983,Work,Design Observer,Design Observer,Blog,,7,RECORD-00828,1,,
W0984,Work,Media Shift,Media Shift,Blog / PBS column,,4,RECORD-00828,1,,
C1184,Concept,Political ergonomics,Political ergonomics,,,7,RECORD-00828,1,,
E0417,Event,2006 U.S. midterm elections,2006 U.S. midterm elections,Election,,9,RECORD-00828,1,,
E0418,Event,2000 Florida election dispute,2000 Florida election dispute,Election controversy,,5,RECORD-00828,1,,
O1683,Organization,American Broadcasting Company,American Broadcasting Company,Television network,,4,RECORD-00829,1,,
W0985,Work,CBS This Morning,CBS This Morning,Television program,,4,RECORD-00829,1,,
W0986,Work,The Daily Show,The Daily Show,Television program,,5,RECORD-00829,1,,
W0987,Work,Hot Soup,Hot Soup,Website / media venture,,3,RECORD-00829,1,,
C1185,Concept,Pulling back the curtain,Pulling back the curtain,,,7,RECORD-00829,1,,
C1186,Concept,Gentleman's agreements in political reporting,Gentleman's agreements in political reporting,,,7,RECORD-00829,1,,
C1187,Concept,Truly down the middle (centrist political reporting),Truly down the middle (centrist political reporting),,,6,RECORD-00829,1,,
L0260,Location,"Washington, DC","Washington, DC",City (U.S. capital),,5,RECORD-00829,1,,
O1684,Organization,White House Office of Faith-Based and Community Initiatives,White House Office of Faith-Based and Community Initiatives,Government office,,3,RECORD-00830,1,,
C1188,Concept,Action vs. behavior,Action vs. behavior,,,6,RECORD-00830,1,,
C1189,Concept,Empiricism,Empiricism,,,7,RECORD-00830,1,,
P2632,Person,Jamil Hussein,Jamil Hussein,"Iraqi police captain, disputed AP source",Iraqi police (disputed),7,RECORD-00831,1,,
O1685,Organization,The National Review,The National Review,Conservative magazine,,8,RECORD-00831,1,,
O1686,Organization,The New Criterion,The New Criterion,Conservative cultural magazine,,6,RECORD-00831,1,,
O1687,Organization,U.S. State Department,U.S. State Department,Government agency,,6,RECORD-00831,1,,
W0988,Work,Delusions of 'reality',Delusions of 'reality',Essay,,6,RECORD-00831,1,,
W0989,Work,Future of Iraq Project,Future of Iraq Project,Government policy study,,6,RECORD-00831,1,,
C1190,Concept,Agnewocracy,Agnewocracy,,,8,RECORD-00831,1,,
C1191,Concept,The Fourth Estate,The Fourth Estate,,,4,RECORD-00831,1,,
E0419,Event,Goldwater campaign of 1964,Goldwater campaign of 1964,Presidential campaign,,7,RECORD-00831,1,,
E0420,Event,Jamil Hussein controversy,Jamil Hussein controversy,Media controversy,,8,RECORD-00831,1,,
C1192,Concept,Strength-in-numbers approach,Strength-in-numbers approach,,,7,RECORD-00832,1,,
O1688,Organization,White House Correspondents Association,White House Correspondents Association,Press Association,,10,RECORD-00833,1,,
O1689,Organization,Cox Newspapers,Cox Newspapers,Newspaper Chain,,5,RECORD-00833,1,,
O1690,Organization,PBS Frontline,PBS Frontline,Television Documentary Series,,7,RECORD-00833,1,,
P2633,Person,Ken Herman,Ken Herman,White House correspondent,Cox Newspapers,5,RECORD-00833,1,,
P2634,Person,Laurie David,Laurie David,Environmental activist,The Huffington Post,4,RECORD-00833,1,,
P2635,Person,Sheryl Crow,Sheryl Crow,Singer and activist,Independent,3,RECORD-00833,1,,
W0990,Work,News War,News War,Documentary series,,7,RECORD-00833,1,,
C1193,Concept,Rollback of the press,Rollback of the press,,,8,RECORD-00833,1,,
C1194,Concept,Bloggers vs. journalists debate,Bloggers vs. journalists debate,,,7,RECORD-00833,1,,
C1195,Concept,Ideology of the center,Ideology of the center,,,7,RECORD-00833,1,,
E0421,Event,White House Correspondents Association Dinner 2007,White House Correspondents Association Dinner 2007,Press gala,,9,RECORD-00833,1,,
E0422,Event,Colbert's 2006 Correspondents Dinner performance,Colbert's 2006 Correspondents Dinner performance,Comedy performance,,7,RECORD-00833,1,,
C1196,Concept,Press failure on Iraq War,Press failure on Iraq War,,,8,RECORD-00834,1,,
C1197,Concept,Interview as transaction of trust,Interview as transaction of trust,,,6,RECORD-00834,1,,
O1691,Organization,House Judiciary Committee,House Judiciary Committee,Congressional committee,,6,RECORD-00835,1,,
O1692,Organization,International Communication Association,International Communication Association,Academic association,,6,RECORD-00835,1,,
C1198,Concept,Democratic potential of blogging,Democratic potential of blogging,,,9,RECORD-00835,1,,
C1199,Concept,Audience vs. Public,Audience vs. Public,,,9,RECORD-00835,1,,
C1200,Concept,Read-write Web,Read-write Web,,,7,RECORD-00835,1,,
C1201,Concept,First Amendment machine,First Amendment machine,,,7,RECORD-00835,1,,
C1202,Concept,Crowdsourcing investigative journalism,Crowdsourcing investigative journalism,,,7,RECORD-00835,1,,
E0423,Event,Trent Lott's remarks at Strom Thurmond's 100th birthday party,Trent Lott's remarks at Strom Thurmond's 100th birthday party,Political controversy,,8,RECORD-00835,1,,
E0424,Event,Lewis Libby Trial,Lewis Libby Trial,Federal trial,,8,RECORD-00835,1,,
E0425,Event,Chris Allbritton's reader-funded Iraq War reporting,Chris Allbritton's reader-funded Iraq War reporting,Independent journalism project,,8,RECORD-00835,1,,
E0426,Event,U.S. Attorney firings scandal / DOJ document dump,U.S. Attorney firings scandal / DOJ document dump,Political scandal/document release,,7,RECORD-00835,1,,
E0427,Event,Dan Rather National Guard report controversy,Dan Rather National Guard report controversy,News scandal,,7,RECORD-00835,1,,
E0428,Event,ICA 2007 Annual Conference,ICA 2007 Annual Conference,Academic conference,,6,RECORD-00835,1,,
E0429,Event,Strom Thurmond 1948 presidential campaign,Strom Thurmond 1948 presidential campaign,Political campaign,,6,RECORD-00835,1,,
P2636,Person,Heather Hopkins,Heather Hopkins,Web analytics blogger,Hitwise,4,RECORD-00836,1,,
P2637,Person,Steve Boriss,Steve Boriss,Blogger,The Future of News,3,RECORD-00836,1,,
O1693,Organization,UC Berkeley Graduate School of Journalism,UC Berkeley Graduate School of Journalism,Academic institution,,7,RECORD-00836,1,,
O1694,Organization,San Jose State University,San Jose State University,Academic institution,,3,RECORD-00836,1,,
W0991,Work,American Carnival: Journalism Under Siege in an Age of New Media,American Carnival: Journalism Under Siege in an Age of New Media,Book,,7,RECORD-00836,1,,
W0992,Work,10 obvious things about the future of newspapers you need to get through your head,10 obvious things about the future of newspapers you need to get through your head,Blog post,,6,RECORD-00836,1,,
W0993,Work,Google News,Google News,News aggregator service,,8,RECORD-00836,1,,
W0994,Work,Yahoo News,Yahoo News,News aggregator service,,5,RECORD-00836,1,,
C1203,Concept,Reparations from Google for journalism,Reparations from Google for journalism,,,9,RECORD-00836,1,,
C1204,Concept,News aggregator economics,News aggregator economics,,,8,RECORD-00836,1,,
C1205,Concept,Curmudgeon class in newsrooms and J-schools,Curmudgeon class in newsrooms and J-schools,,,8,RECORD-00836,1,,
C1206,Concept,Link rot,Link rot,,,5,RECORD-00836,1,,
O1695,Organization,British Labour Party,British Labour Party,Political Party,,5,RECORD-00838,1,,
C1207,Concept,Open Blogging Platform,Open Blogging Platform,,,8,RECORD-00838,1,,
E0430,Event,2008 US Presidential Campaign,2008 US Presidential Campaign,Political Campaign,,8,RECORD-00838,1,,
O1696,Organization,Reuters Media,Reuters Media,News media / funder,,4,RECORD-00839,1,,
O1697,Organization,Cambrian House,Cambrian House,Funder,,3,RECORD-00839,1,,
O1698,Organization,British Labor Party,British Labor Party,Political party,,4,RECORD-00839,1,,
O1699,Organization,Generation Dean,Generation Dean,Political campaign youth organization,,3,RECORD-00839,1,,
C1208,Concept,Open platform journalism,Open platform journalism,,,7,RECORD-00839,1,,
C1209,Concept,Network journalism,Network journalism,,,6,RECORD-00839,1,,
E0431,Event,2008 U.S. presidential election cycle,2008 U.S. presidential election cycle,Election,,7,RECORD-00839,1,,
E0432,Event,Launch of OffTheBus.Net,Launch of OffTheBus.Net,Project launch,,8,RECORD-00839,1,,
L0261,Location,"New York, NY","New York, NY",City,,4,RECORD-00839,1,,
P2638,Person,Michael Cornfield,Michael Cornfield,Academic,George Washington University,5,RECORD-00840,1,,
O1700,Organization,MyDD,MyDD,Political blog,,4,RECORD-00840,1,,
O1701,Organization,Afro-Netizen,Afro-Netizen,Blog,,3,RECORD-00840,1,,
O1702,Organization,Digg,Digg,Social news website,,3,RECORD-00840,1,,
W0995,Work,Hillary 1984,Hillary 1984,Viral political video,,6,RECORD-00840,1,,
W0996,Work,Editors' Note (Mother Jones Politics 2.0),Editors' Note (Mother Jones Politics 2.0),Editorial,,6,RECORD-00840,1,,
W0997,Work,Chait New Republic article on Netroots,Chait New Republic article on Netroots,Magazine article,,6,RECORD-00840,1,,
C1210,Concept,Open-Source Politics,Open-Source Politics,,,9,RECORD-00840,1,,
C1211,Concept,Hype-busting/debunking frame,Hype-busting/debunking frame,,,8,RECORD-00840,1,,
C1212,Concept,Savvy vs naive framing,Savvy vs naive framing,,,7,RECORD-00840,1,,
C1213,Concept,Generational gap in campaign Internet strategy,Generational gap in campaign Internet strategy,,,5,RECORD-00840,1,,
P2639,Person,Frank Sennett,Frank Sennett,columnist and blogger,Spokesman-Review,9,RECORD-00842,1,,
W0998,Work,Blogspotter,Blogspotter,blog,,6,RECORD-00842,1,,
W0999,Work,Hard 7,Hard 7,blog,,6,RECORD-00842,1,,
W1000,Work,Alternative Source,Alternative Source,podcast,,5,RECORD-00842,1,,
C1214,Concept,open platform campaign bureau,open platform campaign bureau,,,8,RECORD-00842,1,,
C1215,Concept,conflict of interest in journalism,conflict of interest in journalism,,,5,RECORD-00842,1,,
E0433,Event,First YouTube/CNN Presidential Debate,First YouTube/CNN Presidential Debate,political debate,,6,RECORD-00842,1,,
L0262,Location,Charleston,Charleston,city,,4,RECORD-00842,1,,
E0434,Event,Charleston YouTube Debate,Charleston YouTube Debate,Political debate,,6,RECORD-00843,1,,
C1216,Concept,Off the bus,Off the bus,,,8,RECORD-00843,1,,
C1217,Concept,Citizen journalism beat reporting,Citizen journalism beat reporting,,,7,RECORD-00843,1,,
W1001,Work,The Revolt of the Elites and the Betrayal of Democracy,The Revolt of the Elites and the Betrayal of Democracy,Book,,9,RECORD-00844,1,,
W1002,Work,"The Argument: Billionaires, Bloggers, and the Battle to Remake Democratic Politics","The Argument: Billionaires, Bloggers, and the Battle to Remake Democratic Politics",Book,,8,RECORD-00844,1,,
W1003,Work,Voter Confidence and Increased Accessibility Act of 2007 (HR 811),Voter Confidence and Increased Accessibility Act of 2007 (HR 811),Legislation,,6,RECORD-00844,1,,
C1218,Concept,Argument as the essence of education,Argument as the essence of education,,,9,RECORD-00844,1,,
C1219,Concept,Participation is information's predicate,Participation is information's predicate,,,8,RECORD-00844,1,,
E0435,Event,Yearly Kos Convention 2007,Yearly Kos Convention 2007,Political convention,,10,RECORD-00844,1,,
E0436,Event,Iraq War run-up,Iraq War run-up,Geopolitical/media event,,7,RECORD-00844,1,,
L0263,Location,McCormick Place,McCormick Place,Convention center,,4,RECORD-00844,1,,
P2640,Person,Jill Filipovic,Jill Filipovic,Blogger,Feministe,4,RECORD-00845,1,,
O1703,Organization,Feministe,Feministe,Blog,,3,RECORD-00845,1,,
C1220,Concept,Two-way conversation,Two-way conversation,,,7,RECORD-00845,1,,
C1221,Concept,Liberal blogosphere,Liberal blogosphere,,,8,RECORD-00845,1,,
C1222,Concept,Decertification of the press,Decertification of the press,,,7,RECORD-00846,1,,
O1704,Organization,US News & World Report,US News & World Report,News magazine,,6,RECORD-00847,1,,
O1705,Organization,Office of the Vice President,Office of the Vice President,Government office,,7,RECORD-00847,1,,
W1004,Work,"Rove and the Press (PressThink, Aug 14 2007)","Rove and the Press (PressThink, Aug 14 2007)",Blog post,,7,RECORD-00847,1,,
C1223,Concept,Independence after the fact,Independence after the fact,,,6,RECORD-00847,1,,
C1224,Concept,Repeal of empiricism,Repeal of empiricism,,,7,RECORD-00847,1,,
E0437,Event,Bush's surprise visit to Iraq,Bush's surprise visit to Iraq,Presidential trip,,8,RECORD-00847,1,,
P2641,Person,Jane Mayer,Jane Mayer,Journalist,The New Yorker,4,RECORD-00848,1,,
P2642,Person,Neil Nagraj,Neil Nagraj,Producer,OffTheBus / Huffington Post,3,RECORD-00848,1,,
C1225,Concept,The Cheney project / Maximal Executive,The Cheney project / Maximal Executive,,,10,RECORD-00848,1,,
P2643,Person,Geoffrey Pullum,Geoffrey Pullum,Linguist and blogger,Language Log,5,RECORD-00849,1,,
O1706,Organization,Language Log,Language Log,Academic blog,,4,RECORD-00849,1,,
E0438,Event,Rathergate / Killian Memos controversy,Rathergate / Killian Memos controversy,Journalism controversy,,9,RECORD-00849,1,,
E0439,Event,Dan Rather's $70 million lawsuit against CBS,Dan Rather's $70 million lawsuit against CBS,Lawsuit,,10,RECORD-00849,1,,
C1226,Concept,Theatricality,Theatricality,,,9,RECORD-00849,1,,
C1227,Concept,The driven reporter (images of purity in American journalism),The driven reporter (images of purity in American journalism),,,8,RECORD-00849,1,,
C1228,Concept,Cool style of anchoring,Cool style of anchoring,,,6,RECORD-00849,1,,
C1229,Concept,Journalistic burden of proof for authenticity,Journalistic burden of proof for authenticity,,,7,RECORD-00849,1,,
W1005,Work,"Larry King Live interview with Dan Rather (Sept 20, 2007)","Larry King Live interview with Dan Rather (Sept 20, 2007)",Television interview,,7,RECORD-00849,1,,
P2644,Person,Hugo Gurdon,Hugo Gurdon,Editor in chief,The Hill,9,RECORD-00850,1,,
P2645,Person,Dave Drobis,Dave Drobis,Executive,Ketchum,3,RECORD-00850,1,,
O1707,Organization,U.S. Department of Education,U.S. Department of Education,Government agency,,8,RECORD-00850,1,,
W1006,Work,Pundits Blog,Pundits Blog,Blog,,8,RECORD-00850,1,,
C1230,Concept,Disclosure ethics in journalism,Disclosure ethics in journalism,,,8,RECORD-00850,1,,
E0440,Event,Armstrong Williams pay-for-play scandal,Armstrong Williams pay-for-play scandal,Media ethics controversy,,10,RECORD-00850,1,,
P2646,Person,James Joyner,James Joyner,Blogger,Outside the Beltway,4,RECORD-00851,1,,
P2647,Person,Bill Roggio,Bill Roggio,Military blogger,Independent,5,RECORD-00851,1,,
O1708,Organization,Townhall,Townhall,Conservative website,,5,RECORD-00851,1,,
C1231,Concept,Oppositional press,Oppositional press,,,8,RECORD-00851,1,,
C1232,Concept,Politics of resentment,Politics of resentment,,,7,RECORD-00851,1,,
C1233,Concept,Afflict the comfortable,Afflict the comfortable,,,6,RECORD-00851,1,,
E0441,Event,Rove lecture at Washington College,Rove lecture at Washington College,Lecture,,6,RECORD-00851,1,,
O1709,Organization,Poynter Institute (Romenesko),Poynter Institute (Romenesko),Journalism organization,,6,RECORD-00853,1,,
C1234,Concept,Iconoclastic toward perceived liberal image,Iconoclastic toward perceived liberal image,,,7,RECORD-00853,1,,
P2648,Person,Edmund Burke,Edmund Burke,Statesman and political theorist,British Parliament,4,RECORD-00854,1,,
W1007,Work,Shame of the Cities,Shame of the Cities,Investigative series/book,,8,RECORD-00854,1,,
W1008,Work,Clark Hoyt column on 2008 campaign bias,Clark Hoyt column on 2008 campaign bias,Newspaper column,,8,RECORD-00854,1,,
W1009,Work,Frank: Academics for the Real World,Frank: Academics for the Real World,Magazine,,5,RECORD-00854,1,,
W1010,Work,Poniewozik Time column on journalist disclosure,Poniewozik Time column on journalist disclosure,Magazine column,,7,RECORD-00854,1,,
C1235,Concept,Objectivity as a truth claim,Objectivity as a truth claim,,,8,RECORD-00854,1,,
C1236,Concept,The informed display of political conviction,The informed display of political conviction,,,9,RECORD-00854,1,,
C1237,Concept,Uncoupling fairness from neutrality,Uncoupling fairness from neutrality,,,9,RECORD-00854,1,,
C1238,Concept,Fourth branch of government,Fourth branch of government,,,8,RECORD-00854,1,,
C1239,Concept,Apocalyptic centrism,Apocalyptic centrism,,,4,RECORD-00854,1,,
C1240,Concept,Press as transmitters/stenographers,Press as transmitters/stenographers,,,7,RECORD-00854,1,,
E0442,Event,George K. Polk Award for legal reporting,George K. Polk Award for legal reporting,Award,,7,RECORD-00854,1,,
E0443,Event,Watergate era,Watergate era,Political scandal/era,,6,RECORD-00854,1,,
W1011,Work,A More Perfect Union (Obama race speech),A More Perfect Union (Obama race speech),Political speech,,9,RECORD-00855,1,,
C1241,Concept,Savvier-than-thou political analysis,Savvier-than-thou political analysis,,,7,RECORD-00855,1,,
O1710,Organization,Al Qaeda in Iraq,Al Qaeda in Iraq,Militant group,,8,RECORD-00856,1,,
O1711,Organization,The Carpetbagger Report,The Carpetbagger Report,Blog,,3,RECORD-00856,1,,
O1712,Organization,The Washington Independent,The Washington Independent,Online publication,,4,RECORD-00856,1,,
C1242,Concept,Presumptive Credibility Bank,Presumptive Credibility Bank,,,10,RECORD-00856,1,,
L0264,Location,Iran,Iran,Country,,7,RECORD-00856,1,,
P2649,Person,Glennia Campbell,Glennia Campbell,Blogger; attendee who posted transcript and video,Independent blogger,4,RECORD-00857,1,,
O1713,Organization,Obama for America,Obama for America,Political campaign,,7,RECORD-00857,1,,
E0444,Event,"Obama San Francisco fundraiser (April 6, 2008)","Obama San Francisco fundraiser (April 6, 2008)",Political fundraiser,,10,RECORD-00857,1,,
O1714,Organization,Philadelphia City Paper,Philadelphia City Paper,Newspaper,,7,RECORD-00858,1,,
P2650,Person,Tom Namako,Tom Namako,Reporter,Philadelphia City Paper,6,RECORD-00858,1,,
P2651,Person,Mike Newall,Mike Newall,Reporter,Philadelphia City Paper,6,RECORD-00858,1,,
W1012,Work,I was a Clinton Volunteer,I was a Clinton Volunteer,Article,,7,RECORD-00858,1,,
W1013,Work,I was an Obama Volunteer,I was an Obama Volunteer,Article,,7,RECORD-00858,1,,
C1243,Concept,Undercover journalism,Undercover journalism,,,6,RECORD-00858,1,,
W1014,Work,What Happened: Inside the Bush White House and Washington's Culture of Deception,What Happened: Inside the Bush White House and Washington's Culture of Deception,Book,,9,RECORD-00859,1,,
C1244,Concept,Propaganda presidency,Propaganda presidency,,,9,RECORD-00859,1,,
C1245,Concept,Rollback (press strategy),Rollback (press strategy),,,7,RECORD-00859,1,,
C1246,Concept,Kick-me archetype,Kick-me archetype,,,4,RECORD-00859,1,,
E0445,Event,Valerie Plame leak,Valerie Plame leak,Political scandal,,4,RECORD-00859,1,,
P2652,Person,Dee Dee Myers,Dee Dee Myers,Former White House Press Secretary,Clinton administration,4,RECORD-00860,1,,
P2653,Person,Jeff Bercovici,Jeff Bercovici,Media blogger,Portfolio (Conde Nast),6,RECORD-00860,1,,
P2654,Person,Felix Salmon,Felix Salmon,Blogger,Portfolio (Conde Nast),5,RECORD-00860,1,,
O1715,Organization,Portfolio,Portfolio,Business magazine (Conde Nast),,5,RECORD-00860,1,,
C1247,Concept,Transparency as trust mechanism,Transparency as trust mechanism,,,9,RECORD-00860,1,,
C1248,Concept,Neutrality / view from nowhere,Neutrality / view from nowhere,,,8,RECORD-00860,1,,
C1249,Concept,Guild mentality in journalism,Guild mentality in journalism,,,8,RECORD-00860,1,,
C1250,Concept,Off the record vs closed to the press,Off the record vs closed to the press,,,7,RECORD-00860,1,,
E0446,Event,Fowler-Clinton rope-line encounter,Fowler-Clinton rope-line encounter,Political campaign incident,,10,RECORD-00860,1,,
E0447,Event,2008 Democratic Presidential Primary,2008 Democratic Presidential Primary,Political campaign,,6,RECORD-00860,1,,
L0265,Location,"Milbank, South Dakota","Milbank, South Dakota",City,,4,RECORD-00860,1,,
P2655,Person,Karl Frisch,Karl Frisch,Spokesperson/Communications,Media Matters for America,7,RECORD-00861,1,,
O1716,Organization,Austin Chronicle,Austin Chronicle,Alternative weekly newspaper,,6,RECORD-00861,1,,
E0448,Event,Netroots Nation 2008,Netroots Nation 2008,Political conference,,8,RECORD-00861,1,,
C1251,Concept,Ideological vs. Partisan,Ideological vs. Partisan,,,7,RECORD-00861,1,,
E0449,Event,1960 Kennedy-Nixon Presidential Debate,1960 Kennedy-Nixon Presidential Debate,Political debate,,7,RECORD-00863,1,,
C1252,Concept,Nixon won on radio urban legend,Nixon won on radio urban legend,,,6,RECORD-00863,1,,
E0450,Event,Netroots Nation 2008 (NN08),Netroots Nation 2008 (NN08),Political conference,,6,RECORD-00863,1,,
P2656,Person,Matt Yglesias,Matt Yglesias,Journalist/Blogger,ThinkProgress,8,RECORD-00867,1,,
O1717,Organization,Netroots Nation,Netroots Nation,Political convention/progressive activist organization,,8,RECORD-00868,1,,
C1253,Concept,Distributed ego,Distributed ego,,,7,RECORD-00870,1,,
O1718,Organization,Code Pink,Code Pink,Activist Group,,7,RECORD-00871,1,,
O1719,Organization,Fort Detrick,Fort Detrick,U.S. military biomedical research facility,,8,RECORD-00872,1,,
O1720,Organization,Federal Bureau of Investigation,Federal Bureau of Investigation,U.S. federal law enforcement agency,,7,RECORD-00872,1,,
O1721,Organization,Syracuse University S.I. Newhouse School of Public Communications,Syracuse University S.I. Newhouse School of Public Communications,Journalism school,,3,RECORD-00872,1,,
W1015,Work,ABC Has Major Questions to Answer in Anthrax Story,ABC Has Major Questions to Answer in Anthrax Story,Blog post,,6,RECORD-00872,1,,
E0451,Event,2001 anthrax attacks,2001 anthrax attacks,Bioterrorism incident,,10,RECORD-00872,1,,
C1254,Concept,Exposure of lying sources,Exposure of lying sources,,,8,RECORD-00872,1,,
W1016,Work,Obama's Historical Comparisons,Obama's Historical Comparisons,Blog post,,5,RECORD-00873,1,,
C1255,Concept,Messiah complex,Messiah complex,,,5,RECORD-00873,1,,
C1256,Concept,"Smart, fearless journalism","Smart, fearless journalism",,,5,RECORD-00873,1,,
E0452,Event,2008 Obama Presidential Campaign,2008 Obama Presidential Campaign,Political campaign,,9,RECORD-00873,1,,
C1257,Concept,Culture war strategy,Culture war strategy,,,10,RECORD-00874,1,,
C1258,Concept,Wave narrative,Wave narrative,,,7,RECORD-00874,1,,
C1259,Concept,Angry left,Angry left,,,6,RECORD-00874,1,,
C1260,Concept,Breaking with reality,Breaking with reality,,,7,RECORD-00874,1,,
E0453,Event,2008 Republican National Convention,2008 Republican National Convention,Political convention,,9,RECORD-00874,1,,
E0454,Event,1968 Democratic National Convention (Chicago),1968 Democratic National Convention (Chicago),Political convention,,5,RECORD-00874,1,,
E0455,Event,Troopergate investigation,Troopergate investigation,Investigation,,6,RECORD-00874,1,,
L0266,Location,Alaska,Alaska,U.S. state,,6,RECORD-00874,1,,
O1722,Organization,American International Group,American International Group,Insurance and financial services company,,8,RECORD-00876,1,,
W1017,Work,See How They Run: Electing the President in an Age of Mediaocracy,See How They Run: Electing the President in an Age of Mediaocracy,Book,,7,RECORD-00876,1,,
C1261,Concept,Refuge-seeking behavior,Refuge-seeking behavior,,,7,RECORD-00876,1,,
E0456,Event,2008 financial crisis and AIG bailout,2008 financial crisis and AIG bailout,Financial crisis,,7,RECORD-00876,1,,
P2657,Person,Michael Arrington,Michael Arrington,"Tech blogger, founder",TechCrunch,4,RECORD-00877,1,,
C1262,Concept,Ideological innovation in journalism,Ideological innovation in journalism,,,8,RECORD-00877,1,,
C1263,Concept,Pluralism in journalism,Pluralism in journalism,,,7,RECORD-00877,1,,
P2658,Person,Amy Walter,Amy Walter,Political journalist,The Cook Political Report,6,RECORD-00878,1,,
O1723,Organization,Planned Parenthood,Planned Parenthood,Nonprofit healthcare organization,,5,RECORD-00878,1,,
C1264,Concept,Leave it there press,Leave it there press,,,9,RECORD-00878,1,,
C1265,Concept,Political polarization,Political polarization,,,8,RECORD-00878,1,,
C1266,Concept,False symmetry in political coverage,False symmetry in political coverage,,,8,RECORD-00878,1,,
E0457,Event,Planned Parenthood shooting in Colorado Springs,Planned Parenthood shooting in Colorado Springs,Mass shooting,,6,RECORD-00878,1,,
E0458,Event,San Bernardino shooting,San Bernardino shooting,Mass shooting,,6,RECORD-00878,1,,
C1267,Concept,The Blog Effect,The Blog Effect,,,8,RECORD-00879,1,,
C1268,Concept,One-to-Many Broadcasting Model,One-to-Many Broadcasting Model,,,7,RECORD-00879,1,,
C1269,Concept,Democratization of Journalism Tools,Democratization of Journalism Tools,,,8,RECORD-00879,1,,
P2659,Person,Salam Pax,Salam Pax,Blogger (Baghdad Blogger),Independent,6,RECORD-00879,1,,
P2660,Person,Aldous Huxley,Aldous Huxley,Author,,6,RECORD-00880,1,,
W1018,Work,Brave New World,Brave New World,Novel,,7,RECORD-00880,1,,
C1270,Concept,Print culture vs. television culture,Print culture vs. television culture,,,9,RECORD-00880,1,,
C1271,Concept,And now this,And now this,,,8,RECORD-00880,1,,
C1272,Concept,Information that answered no question we had asked,Information that answered no question we had asked,,,8,RECORD-00880,1,,
P2661,Person,Sam Fleming,Sam Fleming,Managing Director of News and Programming,WBUR,7,RECORD-00882,1,,
P2662,Person,Kai Ryssdal,Kai Ryssdal,Host,Marketplace,8,RECORD-00882,1,,
P2663,Person,Mira Burt-Wintonick,Mira Burt-Wintonick,Radio producer,CBC,6,RECORD-00882,1,,
O1724,Organization,WBUR,WBUR,Public radio station,,9,RECORD-00882,1,,
O1725,Organization,Canadian Broadcasting Corporation,Canadian Broadcasting Corporation,Public broadcaster,,7,RECORD-00882,1,,
O1726,Organization,Pandora,Pandora,Streaming media company,,6,RECORD-00882,1,,
W1019,Work,Marketplace,Marketplace,Radio program,,7,RECORD-00882,1,,
W1020,Work,WireTap,WireTap,Radio program,,6,RECORD-00882,1,,
W1021,Work,Serial,Serial,Podcast,,7,RECORD-00882,1,,
W1022,Work,This American Life,This American Life,Radio program,,7,RECORD-00882,1,,
C1273,Concept,Horse race polls,Horse race polls,,,8,RECORD-00882,1,,
C1274,Concept,Economic Anxiety Index,Economic Anxiety Index,,,6,RECORD-00882,1,,
E0459,Event,Boston 2024 Olympics bid,Boston 2024 Olympics bid,Civic/political,,6,RECORD-00882,1,,
E0460,Event,CNBC GOP presidential debate,CNBC GOP presidential debate,Political debate,,4,RECORD-00882,1,,
C1275,Concept,War on the press,War on the press,,,7,RECORD-00883,1,,
P2664,Person,Bryan Alvarez,Bryan Alvarez,Podcaster and Writer,Figure Four Online/Wrestling Observer,4,RECORD-00884,1,,
O1727,Organization,Vox Media,Vox Media,Media Company,,6,RECORD-00884,1,,
O1728,Organization,Figure Four Online/Wrestling Observer,Figure Four Online/Wrestling Observer,Media Outlet,,3,RECORD-00884,1,,
W1023,Work,Channels with Peter Kafka,Channels with Peter Kafka,Podcast,,6,RECORD-00884,1,,
C1276,Concept,Political journalism in the Trump era,Political journalism in the Trump era,,,8,RECORD-00884,1,,
C1277,Concept,Podcast subscriptions,Podcast subscriptions,,,5,RECORD-00884,1,,
O1729,Organization,Antifa,Antifa,Political movement,,5,RECORD-00885,1,,
C1278,Concept,Shifted political universe,Shifted political universe,,,7,RECORD-00885,1,,
C1279,Concept,Demand-driven news,Demand-driven news,,,7,RECORD-00885,1,,
C1280,Concept,Severing people from reality,Severing people from reality,,,8,RECORD-00885,1,,
E0461,Event,January 6 Capitol attack,January 6 Capitol attack,Political insurrection,,8,RECORD-00885,1,,
C1281,Concept,Media and democracy,Media and democracy,,,8,RECORD-00886,1,,
C1282,Concept,Two-party system asymmetry,Two-party system asymmetry,,,7,RECORD-00886,1,,
P2665,Person,Megan Brenan,Megan Brenan,"Researcher, author",Gallup,3,RECORD-00887,1,,
O1730,Organization,Netflix,Netflix,Streaming service,,4,RECORD-00887,1,,
W1024,Work,The Ezra Klein Show,The Ezra Klein Show,Podcast,,7,RECORD-00887,1,,
W1025,Work,The Coming Confrontation Between the American Press and the Republican Party,The Coming Confrontation Between the American Press and the Republican Party,Blog post,,7,RECORD-00887,1,,
W1026,Work,Election Coverage: The Road Not Taken,Election Coverage: The Road Not Taken,Blog post,,5,RECORD-00887,1,,
W1027,Work,Americans' Trust in Media Dips to Second Lowest on Record,Americans' Trust in Media Dips to Second Lowest on Record,Article,,4,RECORD-00887,1,,
W1028,Work,Messengers of the Right: Conservative Media and the Transformation of American Politics,Messengers of the Right: Conservative Media and the Transformation of American Politics,Book,,5,RECORD-00887,1,,
W1029,Work,Build Back Better,Build Back Better,Legislative initiative,,4,RECORD-00887,1,,
C1283,Concept,"Detached, nonpartisan neutrality","Detached, nonpartisan neutrality",,,7,RECORD-00887,1,,
C1284,Concept,Moderate/centrist as ideology-soaked terms,Moderate/centrist as ideology-soaked terms,,,6,RECORD-00887,1,,
C1285,Concept,Anti-democracy forces,Anti-democracy forces,,,6,RECORD-00887,1,,
P2666,Person,Paul Auster,Paul Auster,Novelist and author,Independent,7,RECORD-00888,1,,
P2667,Person,Stephen Crane,Stephen Crane,Writer and journalist,19th century American literature,7,RECORD-00888,1,,
P2668,Person,Doug Mastriano,Doug Mastriano,Pennsylvania State Senator and GOP gubernatorial nominee,Republican Party,6,RECORD-00888,1,,
P2669,Person,Ted Budd,Ted Budd,GOP Senate nominee in North Carolina,Republican Party,5,RECORD-00888,1,,
P2670,Person,Joan Donovan,Joan Donovan,Research director,"Shorenstein Center on Media, Politics and Public Policy",6,RECORD-00888,1,,
P2671,Person,Michael German,Michael German,Retired FBI agent and fellow,Brennan Center for Justice,5,RECORD-00888,1,,
P2672,Person,Victor Blackwell,Victor Blackwell,News anchor,CNN,5,RECORD-00888,1,,
P2673,Person,Reid J. Epstein,Reid J. Epstein,Reporter,The New York Times,4,RECORD-00888,1,,
P2674,Person,Tom Teves,Tom Teves,"Advocate, father of Aurora shooting victim",Independent,4,RECORD-00888,1,,
O1731,Organization,"Shorenstein Center on Media, Politics and Public Policy","Shorenstein Center on Media, Politics and Public Policy",Academic research center,,5,RECORD-00888,1,,
O1732,Organization,Brennan Center for Justice,Brennan Center for Justice,Public policy institute,,5,RECORD-00888,1,,
C1286,Concept,Emergency Mode,Emergency Mode,,,9,RECORD-00888,1,,
C1287,Concept,Replacement Theory,Replacement Theory,,,7,RECORD-00888,1,,
W1030,Work,Burning Boy: The Life and Work of Stephen Crane,Burning Boy: The Life and Work of Stephen Crane,Nonfiction book,,6,RECORD-00888,1,,
W1031,Work,The Red Badge of Courage,The Red Badge of Courage,Novel,,5,RECORD-00888,1,,
W1032,Work,Maggie: A Girl of the Streets,Maggie: A Girl of the Streets,Novella,,5,RECORD-00888,1,,
E0462,Event,Buffalo Supermarket Shooting,Buffalo Supermarket Shooting,Mass shooting,,9,RECORD-00888,1,,
L0267,Location,"Buffalo, New York","Buffalo, New York",City,,7,RECORD-00888,1,,
O1733,Organization,Politicon,Politicon,Media channel,,5,RECORD-00889,1,,
W1033,Work,Jen Rubin's Green Room: Jay Rosen (Episode 13),Jen Rubin's Green Room: Jay Rosen (Episode 13),Podcast episode,,7,RECORD-00889,1,,
W1034,Work,Resistance: How Women Saved Democracy From Donald Trump,Resistance: How Women Saved Democracy From Donald Trump,Book,,6,RECORD-00889,1,,
C1288,Concept,Savviness in journalism,Savviness in journalism,,,8,RECORD-00889,1,,
C1289,Concept,Crisis-centered coverage,Crisis-centered coverage,,,6,RECORD-00889,1,,
C1290,Concept,Populist misinformation,Populist misinformation,,,7,RECORD-00889,1,,
P2675,Person,Tim Regan-Porter,Tim Regan-Porter,"Podcast host, CEO of Colorado Press Association",Colorado Press Association,7,RECORD-00890,1,,
O1734,Organization,The Texas Tribune,The Texas Tribune,Nonprofit newsroom,,8,RECORD-00890,1,,
O1735,Organization,Press Forward,Press Forward,Funding initiative,,5,RECORD-00890,1,,
O1736,Organization,Colorado Press Association,Colorado Press Association,Press association,,6,RECORD-00890,1,,
W1035,Work,Local News Matters Podcast,Local News Matters Podcast,Podcast,,6,RECORD-00890,1,,
W1036,Work,New York Times Innovation Report,New York Times Innovation Report,Report,,5,RECORD-00890,1,,
W1037,Work,Beyond Objectivity: Producing Trustworthy News in Today's Newsrooms,Beyond Objectivity: Producing Trustworthy News in Today's Newsrooms,Report,,5,RECORD-00890,1,,
C1291,Concept,Both Sides-ism,Both Sides-ism,,,7,RECORD-00890,1,,
C1292,Concept,Voter Guide,Voter Guide,,,7,RECORD-00890,1,,
W1038,Work,Rebooting the News #7,Rebooting the News #7,Podcast,,9,RECORD-00891,1,,
O1737,Organization,Rebooting the News,Rebooting the News,Podcast,,8,RECORD-00891,1,,
P2676,Person,Beth Noveck,Beth Noveck,"Government transparency advocate, academic",Obama administration,6,RECORD-00892,1,,
P2677,Person,Rudolf Ammann,Rudolf Ammann,"Researcher, historian of blogging",,4,RECORD-00892,1,,
P2678,Person,Jorn Barger,Jorn Barger,"Blogger, coiner of the term 'weblog'",Robot Wisdom,6,RECORD-00892,1,,
O1738,Organization,Personal Democracy Forum,Personal Democracy Forum,Conference organization,,6,RECORD-00892,1,,
W1039,Work,Rebooting the News,Rebooting the News,Podcast,,8,RECORD-00892,1,,
W1040,Work,Is it news if it's not reported?,Is it news if it's not reported?,Blog post,,5,RECORD-00892,1,,
W1041,Work,"Jorn Barger, the NewsPage Network, and the Emergence of the Weblog Community","Jorn Barger, the NewsPage Network, and the Emergence of the Weblog Community",Academic article,,5,RECORD-00892,1,,
C1293,Concept,Transparency is the new objectivity,Transparency is the new objectivity,,,8,RECORD-00892,1,,
C1294,Concept,Here's where I am coming from,Here's where I am coming from,,,7,RECORD-00892,1,,
C1295,Concept,The reportable vs. the reported,The reportable vs. the reported,,,6,RECORD-00892,1,,
C1296,Concept,Myth of invention,Myth of invention,,,5,RECORD-00892,1,,
C1297,Concept,First Amendment mythology of journalism,First Amendment mythology of journalism,,,7,RECORD-00892,1,,
E0463,Event,Reboot conference,Reboot conference,Technology conference,,6,RECORD-00892,1,,
L0268,Location,Copenhagen,Copenhagen,City,,5,RECORD-00892,1,,
P2679,Person,Lindsey Hoshaw,Lindsey Hoshaw,Freelance journalist,Spot.us,7,RECORD-00893,1,,
O1739,Organization,ReadWriteWeb,ReadWriteWeb,Technology news publication,,5,RECORD-00893,1,,
O1740,Organization,WordPress,WordPress,Blogging platform / software company,,8,RECORD-00893,1,,
O1741,Organization,Columbia University Graduate School of Journalism,Columbia University Graduate School of Journalism,Journalism school,,8,RECORD-00893,1,,
O1742,Organization,Scripting News,Scripting News,Blog,,6,RECORD-00893,1,,
W1042,Work,Internet Manifesto: How journalism works today. 17 declarations,Internet Manifesto: How journalism works today. 17 declarations,Manifesto,,6,RECORD-00893,1,,
W1043,Work,National Explainer,National Explainer,Blog post,,6,RECORD-00893,1,,
W1044,Work,The 3 key parts of news stories you usually don't get,The 3 key parts of news stories you usually don't get,Blog post,,5,RECORD-00893,1,,
C1298,Concept,RSSCloud,RSSCloud,,,7,RECORD-00893,1,,
C1299,Concept,Loosely coupled 140-character network,Loosely coupled 140-character network,,,7,RECORD-00893,1,,
C1300,Concept,Backstory button,Backstory button,,,7,RECORD-00893,1,,
C1301,Concept,Agricultural extension model for journalism schools,Agricultural extension model for journalism schools,,,7,RECORD-00893,1,,
C1302,Concept,Crowd-funded journalism,Crowd-funded journalism,,,7,RECORD-00893,1,,
C1303,Concept,Rebooted system of news,Rebooted system of news,,,8,RECORD-00893,1,,
L0269,Location,Great Pacific Garbage Patch,Great Pacific Garbage Patch,Ocean region,,6,RECORD-00893,1,,
E0464,Event,Lindsey Hoshaw's voyage to the Great Pacific Garbage Patch,Lindsey Hoshaw's voyage to the Great Pacific Garbage Patch,Investigative journalism expedition,,7,RECORD-00893,1,,
E0465,Event,Columbia J-School three-week pre-class technology training,Columbia J-School three-week pre-class technology training,Curriculum initiative,,5,RECORD-00893,1,,
W1045,Work,Rebooting the News #32,Rebooting the News #32,Podcast episode,,7,RECORD-00894,1,,
P2680,Person,Peter Horrocks,Peter Horrocks,BBC news executive,BBC,6,RECORD-00895,1,,
P2681,Person,Jaron Lanier,Jaron Lanier,"Author, computer scientist",Edge.org contributor,5,RECORD-00895,1,,
W1046,Work,Google Buzz,Google Buzz,Software product,,9,RECORD-00895,1,,
W1047,Work,Rebooting the News #41,Rebooting the News #41,Podcast episode,,8,RECORD-00895,1,,
W1048,Work,Digital Maoism,Digital Maoism,Essay,,6,RECORD-00895,1,,
W1049,Work,What to Reject When You're Rejecting The Wisdom of Crowds,What to Reject When You're Rejecting The Wisdom of Crowds,Blog post,,6,RECORD-00895,1,,
C1304,Concept,Open Source Assignment Desk,Open Source Assignment Desk,,,7,RECORD-00895,1,,
P2682,Person,Andrew Hazlett,Andrew Hazlett,Listener/commenter,,4,RECORD-00896,1,,
C1305,Concept,L3C low-profit corporation,L3C low-profit corporation,,,5,RECORD-00896,1,,
P2683,Person,Michael Morisy,Michael Morisy,Listener/commenter,,4,RECORD-00896,1,,
O1743,Organization,StackOverflow,StackOverflow,Q&A website,,5,RECORD-00896,1,,
O1744,Organization,Verizon,Verizon,Telecommunications company,,3,RECORD-00896,1,,
P2684,Person,AJ Quiñones,AJ Quiñones,Listener/commenter,,3,RECORD-00896,1,,
E0466,Event,iPhoneGate,iPhoneGate,Tech controversy,,4,RECORD-00896,1,,
P2685,Person,Rams,Rams,Listener/commenter,,3,RECORD-00896,1,,
P2686,Person,Joey Baker,Joey Baker,Listener/commenter,,3,RECORD-00896,1,,
W1050,Work,meetthefacts.com,meetthefacts.com,Website,,4,RECORD-00896,1,,
W1051,Work,futureofcontext.com,futureofcontext.com,Website/project,,5,RECORD-00896,1,,
W1052,Work,Living Stories,Living Stories,Open source code project,,5,RECORD-00896,1,,
P2687,Person,Matt Terenzio,Matt Terenzio,Listener/commenter,,3,RECORD-00896,1,,
C1306,Concept,Federated identity systems,Federated identity systems,,,5,RECORD-00896,1,,
P2688,Person,Greg Linch,Greg Linch,Listener/commenter,,3,RECORD-00896,1,,
C1307,Concept,Computational Thinking in Journalism,Computational Thinking in Journalism,,,6,RECORD-00896,1,,
P2689,Person,Brad Bonnette,Brad Bonnette,Listener/commenter,,3,RECORD-00896,1,,
P2690,Person,Phillip Smith,Phillip Smith,Listener/commenter,,3,RECORD-00896,1,,
O1745,Organization,Apple Inc.,Apple Inc.,Technology company,,7,RECORD-00897,1,,
O1746,Organization,ScienceBlogs,ScienceBlogs,Blog network,,7,RECORD-00897,1,,
O1747,Organization,PepsiCo,PepsiCo,Corporation,,6,RECORD-00897,1,,
W1053,Work,Google App Inventor,Google App Inventor,Software tool,,7,RECORD-00897,1,,
W1054,Work,The Last One,The Last One,Software,,4,RECORD-00897,1,,
W1055,Work,Torture at the Times: Waterboarding in the Media,Torture at the Times: Waterboarding in the Media,Research study,,7,RECORD-00897,1,,
C1308,Concept,Open vs. gated platforms,Open vs. gated platforms,,,7,RECORD-00897,1,,
C1309,Concept,Waterboarding as torture,Waterboarding as torture,,,8,RECORD-00897,1,,
P2691,Person,Saul Hansell,Saul Hansell,"Programming director, former technology reporter",AOL Seed.com,9,RECORD-00898,1,,
O1748,Organization,Seed.com,Seed.com,Content platform (AOL subsidiary),,7,RECORD-00898,1,,
W1056,Work,Rebooting the News #67,Rebooting the News #67,Podcast episode,,8,RECORD-00898,1,,
W1057,Work,How Old is Sharron Angle?,How Old is Sharron Angle?,Article,,5,RECORD-00898,1,,
P2692,Person,Osama Bedier,Osama Bedier,"Vice President of Platform, Mobile and New Ventures",PayPal,6,RECORD-00899,1,,
O1749,Organization,PayPal,PayPal,Technology/Payments company,,7,RECORD-00899,1,,
O1750,Organization,EasyDNS,EasyDNS,Technology company,,5,RECORD-00899,1,,
C1310,Concept,Web Trust,Web Trust,,,8,RECORD-00899,1,,
C1311,Concept,Distributed eye on power,Distributed eye on power,,,7,RECORD-00899,1,,
C1312,Concept,Civil disobedience via DDoS,Civil disobedience via DDoS,,,6,RECORD-00899,1,,
E0467,Event,Personal Democracy Forum flash conference on Wikileaks and Internet freedom,Personal Democracy Forum flash conference on Wikileaks and Internet freedom,Conference,,8,RECORD-00899,1,,
E0468,Event,LeWeb conference,LeWeb conference,Conference,,5,RECORD-00899,1,,
W1058,Work,From Judith Miller to Julian Assange,From Judith Miller to Julian Assange,Blog post,,7,RECORD-00899,1,,
W1059,Work,The Afghanistan War Logs Released by Wikileaks: The World's First Stateless News Organization,The Afghanistan War Logs Released by Wikileaks: The World's First Stateless News Organization,Blog post,,7,RECORD-00899,1,,
W1060,Work,Rebooting the News #85,Rebooting the News #85,Podcast Episode,,9,RECORD-00900,1,,
W1061,Work,Monsters of the Newsroom ID: Why Bloggers vs. Journalists Is Still With Us,Monsters of the Newsroom ID: Why Bloggers vs. Journalists Is Still With Us,Blog Post / Presentation,,7,RECORD-00900,1,,
E0469,Event,SXSW 2011,SXSW 2011,Conference,,7,RECORD-00900,1,,
C1313,Concept,Bloggers vs. Journalists,Bloggers vs. Journalists,,,8,RECORD-00900,1,,
C1314,Concept,Minimal Blogging Suite,Minimal Blogging Suite,,,6,RECORD-00900,1,,
P2693,Person,Nick Bilton,Nick Bilton,Technology writer,The New York Times,6,RECORD-00901,1,,
O1751,Organization,Placeblogger.com,Placeblogger.com,Media / hyperlocal platform,,6,RECORD-00901,1,,
O1752,Organization,Authentically Local,Authentically Local,Association of local news sites,,7,RECORD-00901,1,,
W1062,Work,Rebooting the News #94,Rebooting the News #94,Podcast episode,,8,RECORD-00901,1,,
W1063,Work,The Twitter Trap,The Twitter Trap,Magazine column,,7,RECORD-00901,1,,
W1064,Work,This Is Your Brain on Twitter,This Is Your Brain on Twitter,Blog post,,6,RECORD-00901,1,,
C1315,Concept,Authentically Local,Authentically Local,,,7,RECORD-00901,1,,
O1753,Organization,World News Tonight,World News Tonight,Television news program,,4,RECORD-00120,1,,
C1316,Concept,Corporate media,Corporate media,,,6,RECORD-00120,1,,
P2694,Person,Nat Hentoff,Nat Hentoff,"Journalist, columnist",The Village Voice,5,RECORD-00755,1,,
P2695,Person,Wayne Barrett,Wayne Barrett,Investigative journalist,The Village Voice,5,RECORD-00755,1,,
P2696,Person,C.W. Anderson,C.W. Anderson,Journalism scholar,CUNY,5,RECORD-00755,1,,
P2697,Person,Neil Newhouse,Neil Newhouse,Political pollster,Romney 2012 campaign,4,RECORD-00755,1,,
O1754,Organization,Studio 20 at NYU,Studio 20 at NYU,Journalism graduate program,,6,RECORD-00755,1,,
W1065,Work,PressThink: An Introduction,PressThink: An Introduction,Blog post,,6,RECORD-00755,1,,
W1066,Work,It's Even Worse Than It Looks: How the American Constitutional System Collided With the New Politics of Extremism,It's Even Worse Than It Looks: How the American Constitutional System Collided With the New Politics of Extremism,Book,,5,RECORD-00755,1,,
W1067,Work,The Mutualized Future is Bright,The Mutualized Future is Bright,Essay,,4,RECORD-00755,1,,
W1068,Work,The 'Lippmann-Dewey Debate' and the Invention of Walter Lippmann as an Anti-Democrat 1986-1996,The 'Lippmann-Dewey Debate' and the Invention of Walter Lippmann as an Anti-Democrat 1986-1996,Academic article,,5,RECORD-00755,1,,
W1069,Work,Monocle,Monocle,Satirical magazine,,4,RECORD-00755,1,,
C1317,Concept,Lippmann-Dewey debate,Lippmann-Dewey debate,,,7,RECORD-00755,1,,
E0470,Event,New York Times Co. v. Sullivan,New York Times Co. v. Sullivan,Supreme Court case,,6,RECORD-00755,1,,
W1070,Work,The Colbert Report,The Colbert Report,Television program,,7,RECORD-00781,1,,
W1071,Work,PolitiFact,PolitiFact,Fact-checking website,,8,RECORD-00781,1,,
W1072,Work,My Simple Fix for the Sunday Shows,My Simple Fix for the Sunday Shows,Blog post,,8,RECORD-00781,1,,
W1073,Work,Hardball,Hardball,Television program,,5,RECORD-00781,1,,
C1318,Concept,Midweek fact check,Midweek fact check,,,9,RECORD-00781,1,,
C1319,Concept,Sunday political talk shows,Sunday political talk shows,,,8,RECORD-00781,1,,
P2698,Person,Heather Chaplin,Heather Chaplin,"Journalist, CJR contributor",Columbia Journalism Review,7,RECORD-00802,1,,
P2699,Person,John Burn-Murdoch,John Burn-Murdoch,Data journalist,Financial Times,5,RECORD-00802,1,,
W1074,Work,Have we passed peak social media?,Have we passed peak social media?,Article,,6,RECORD-00802,1,,
W1075,Work,Journalism 2050,Journalism 2050,Podcast,,7,RECORD-00802,1,,
O1755,Organization,Medium,Medium,Publishing platform,,5,RECORD-00802,1,,
C1320,Concept,Digital revolution that wasn't,Digital revolution that wasn't,,,7,RECORD-00802,1,,
C1321,Concept,Social media has become less social,Social media has become less social,,,6,RECORD-00802,1,,
C1322,Concept,Return to blogging culture,Return to blogging culture,,,5,RECORD-00802,1,,
O1756,Organization,U.S. Department of Defense,U.S. Department of Defense,Government Agency,,8,RECORD-00819,1,,
O1757,Organization,U.S. Army,U.S. Army,Military,,5,RECORD-00819,1,,
W1076,Work,The Miller Case,The Miller Case,Newspaper Report,,8,RECORD-00819,1,,
W1077,Work,Romenesko,Romenesko,Media Column,,4,RECORD-00819,1,,
C1323,Concept,Weapons of Mass Destruction,Weapons of Mass Destruction,,,6,RECORD-00819,1,,
E0471,Event,Plame Affair Grand Jury Investigation,Plame Affair Grand Jury Investigation,Legal Investigation,,7,RECORD-00819,1,,
P2700,Person,Pat Robertson,Pat Robertson,Televangelist and CBN founder,Christian Broadcasting Network,4,RECORD-00875,1,,
P2701,Person,Atrios (Duncan Black),Atrios (Duncan Black),Economist and liberal blogger,Eschaton blog,5,RECORD-00875,1,,
W1078,Work,The Uncensored War: The Media and Vietnam,The Uncensored War: The Media and Vietnam,Book,,9,RECORD-00875,1,,
W1079,Work,Washington Week,Washington Week,Television program,,5,RECORD-00875,1,,
P2702,Person,Bari Weiss,Bari Weiss,Editor-in-Chief,CBS,7,RECORD-00902,1,,
P2703,Person,Pau Torres Pages,Pau Torres Pages,Interviewer / Journalist,Journal of Political Inquiry,3,RECORD-00902,1,,
O1758,Organization,The Salt Lake Tribune,The Salt Lake Tribune,Newspaper,,6,RECORD-00903,1,,
O1759,Organization,Journal of Political Inquiry,Journal of Political Inquiry,Academic Journal,New York University,4,RECORD-00902,1,,
C1324,Concept,Journalism worth paying for,Journalism worth paying for,,,7,RECORD-00903,2,,
C1325,Concept,Enemies of the people,Enemies of the people,,,8,RECORD-00902,1,,
P2704,Person,Tim Alberta,Tim Alberta,Staff writer and profile author,The Atlantic,6,RECORD-00740,1,,
P2705,Person,Byron Donalds,Byron Donalds,U.S. Representative for Florida,Republican Party,5,RECORD-00740,1,,
W1080,Work,Profile of Chris Licht,Profile of Chris Licht,Magazine profile,,7,RECORD-00740,1,,
C1326,Concept,Fire hose of falsehood,Fire hose of falsehood,,,5,RECORD-00740,1,,
C1327,Concept,The best available version of the truth,The best available version of the truth,,,5,RECORD-00740,1,,
C1328,Concept,Absolute truth,Absolute truth,,,5,RECORD-00740,1,,
E0472,Event,2024 United States presidential election,2024 United States presidential election,Election,,8,RECORD-00740,1,,
E0473,Event,Trump COVID-19 briefings,Trump COVID-19 briefings,Press briefings,,5,RECORD-00740,1,,
C1329,Concept,"Journalists as ""explainers""","Journalists as ""explainers""",,,6,RECORD-00783,1,,
E0474,Event,The future of context (presentation to ABC Australia staff),The future of context (presentation to ABC Australia staff),Talk / presentation,,5,RECORD-00783,1,,
P2706,Person,Jonathan Swan,Jonathan Swan,journalist/interviewer,,,TWTR-06370,9,,proposed (9c slice)
O1762,Organization,Capitol Police,Capitol Police,law enforcement body whose officers are being praised,U.S. Capitol,,TWTR-01863,2,,proposed (9c slice)
E0477,Event,the 2016 election,the 2016 election,U.S. presidential election referenced as a dark moment,,,TWTR-12407,2,,proposed (9c slice)
P2709,Person,Press Secretary,Press Secretary,speaker departing the role,The White House,,TWTR-08737,4,,proposed (9c slice)
O1765,Organization,the media,the media,news media criticized for framing unity narrowly,,,TWTR-12655,18,,proposed (9c slice)
O1766,Organization,the GOP,the GOP,Republican Party referenced in unity framing critique,,,TWTR-00772,2,,proposed (9c slice)
E0480,Event,Debate,Debate,event replaced by the town hall,,,TWTR-04565,7,,proposed (9c slice)
L0274,Location,Uvalde,Uvalde,place whose officers are being investigated,,,TWTR-22835,3,,proposed (9c slice)
P2713,Person,governors,governors,sources the media should interview instead,,,TWTR-08252,1,,proposed (9c slice)
P2721,Person,the President,the President,political leader questioned about slowing testing,The White House,,TWTR-14894,36,,proposed (9c slice)
P2723,Person,journalists,journalists,profession addressed in the post,,,TWTR-15268,3,,proposed (9c slice)
E0484,Event,town hall,town hall,event whose scheduling prompted backlash,,,TWTR-18016,5,,proposed (9c slice)
O1778,Organization,House Republicans,House Republicans,Republican members of the U.S. House,Republican Party,,TWTR-18189,3,,proposed (9c slice)
L0280,Location,the United States,the United States,country compared unfavorably by Miller,,,TWTR-04009,3,,proposed (9c slice)
O1782,Organization,newsrooms,newsrooms,media institutions urged to reset their coverage,,,TWTR-24922,10,,proposed (9c slice)
P2734,Person,Obama,Obama,former president invoked by Trump,United States government,,TWTR-03210,3,,proposed (9c slice)
O1786,Organization,Russia,Russia,state controlling the dam area,,,TWTR-12407,5,,proposed (9c slice)
L0285,Location,Michigan,Michigan,state referenced in a false claim,United States,,TWTR-24874,5,,proposed (9c slice)
P2743,Person,Jen Psaki,Jen Psaki,White House press secretary,White House,,TWTR-00321,3,,proposed (9c slice)
P2747,Person,David Hoffman,David Hoffman,editorial board member who stepped down,The Washington Post,,BSKY-02129,3,,proposed (9c slice)
W1093,Work,The Apprentice,The Apprentice,television program said to have boosted Trump's image,NBC,,TWTR-15622,1,,proposed (9c slice)
P2748,Person,Dr. Birx,Dr. Birx,official quoted and criticized in the post,,,TWTR-00071,2,,proposed (9c slice)
P2752,Person,Zeke Miller,Zeke Miller,reporter asking the question,,,TWTR-00321,1,,proposed (9c slice)
L0288,Location,Delaware,Delaware,state the president is visiting,United States,,TWTR-00321,1,,proposed (9c slice)
O1804,Organization,Biden team,Biden team,administration staff in briefing room,White House,,TWTR-00321,1,,proposed (9c slice)
L0289,Location,America,America,country whose birth is being discussed,United States,,TWTR-01558,8,,proposed (9c slice)
P2758,Person,Michael Flynn,Michael Flynn,figure behind ideas drawing support at the top,,,TWTR-08408,3,,proposed (9c slice)
E0503,Event,briefings,briefings,events the newsroom should not air live,,,TWTR-09301,3,,proposed (9c slice)
P2759,Person,Malcolm Turnbull,Malcolm Turnbull,former Australian prime minister in the confrontation,Australia,,TWTR-03430,2,,proposed (9c slice)
P2760,Person,Paul Kelly,Paul Kelly,editor-at-large confronting Turnbull,The Australian,,TWTR-03430,1,,proposed (9c slice)
O1818,Organization,Murdoch empire,Murdoch empire,media empire criticized for its legacy on climate change,,,TWTR-03430,2,,proposed (9c slice)
E0505,Event,Trump press conference,Trump press conference,press conference criticized for lying,,,TWTR-15743,2,,proposed (9c slice)
O1824,Organization,experts,experts,group previously mischaracterized as divided,,,TWTR-07096,1,,proposed (9c slice)
P2762,Person,Paula Reid,Paula Reid,CBS reporter asking the question,CBS News,,TWTR-09145,2,,proposed (9c slice)
P2763,Person,Weijia Jiang,Weijia Jiang,reporter working together with colleagues at the briefing,,,TWTR-08541,1,,proposed (9c slice)
P2764,Person,Yamiche Alcindor,Yamiche Alcindor,reporter working together with colleagues at the briefing,,,TWTR-08541,1,,proposed (9c slice)
O1826,Organization,news organization,news organization,institution that bears the cost of airing falsehoods,,,TWTR-03263,2,,proposed (9c slice)
O1830,Organization,CDC,CDC,agency issuing guidance on places of worship,U.S. government,,TWTR-10351,4,,proposed (9c slice)
O1831,Organization,OANN,OANN,outlet allowed a question in the presser,,,TWTR-06630,4,,proposed (9c slice)
P2766,Person,Jim Jordan,Jim Jordan,representative seen sitting with staffers,Republican Party,,TWTR-17643,6,,proposed (9c slice)
P2767,Person,Ros Atkins,Ros Atkins,BBC journalist summarizing the U.S. election,BBC,,TWTR-03614,1,,proposed (9c slice)
E0510,Event,U.S. election,U.S. election,event summarized in the shared clip,United States,,TWTR-03614,1,,proposed (9c slice)
L0294,Location,Capitol,Capitol,location of the media briefing,Florida,,TWTR-01163,2,,proposed (9c slice)
P2779,Person,Maria Elvira Salazar,Maria Elvira Salazar,representative accused of taking credit for projects tied to bills she opposed,U.S. House of Representatives,,TWTR-17063,2,,proposed (9c slice)
P2781,Person,Deborah Birx,Deborah Birx,official requested for the program,White House Coronavirus Task Force,,TWTR-01437,4,,proposed (9c slice)
P2788,Person,Mark Meadows,Mark Meadows,official requested for the program,White House,,TWTR-03951,5,,proposed (9c slice)
P2792,Person,Mike Pompeo,Mike Pompeo,official requested for the program,U.S. Department of State,,TWTR-10980,2,,proposed (9c slice)
P2794,Person,Ivanka Trump,Ivanka Trump,official requested for the program,White House,,TWTR-11310,7,,proposed (9c slice)
O1843,Organization,KUOW,KUOW,radio station refusing to carry Trump's live briefings,KUOW,,TWTR-09872,3,,proposed (9c slice)
L0296,Location,DC,DC,political and media environment being discussed,"Washington, D.C.",,TWTR-01911,2,,proposed (9c slice)
P2798,Person,President of the United States,President of the United States,president blamed for creating unsafe conditions,White House,,TWTR-12961,5,,proposed (9c slice)
L0298,Location,Denver,Denver,location of the exchange,,,BSKY-02459,3,,proposed (9c slice)
O1851,Organization,Sinclair,Sinclair,broadcast group accused of flooding local news sites with misleading articles,Sinclair Broadcast Group,,TWTR-06630,6,,proposed (9c slice)
W1104,Work,"The New Yorker, May 20, 2016 piece","The New Yorker, May 20, 2016 piece",work from which the haunting words came,The New Yorker,,TWTR-12068,1,,proposed (9c slice)
L0299,Location,Mar-a-Lago,Mar-a-Lago,Trump residence referenced as a potential news bureau site,,,TWTR-02591,2,,proposed (9c slice)
P2802,Person,Emily Maitlis,Emily Maitlis,journalist addressed in the quoted exchange,GlobalPlayer,,TWTR-16037,2,,proposed (9c slice)
P2804,Person,Mary Louise Kelly,Mary Louise Kelly,NPR journalist praised in the post,NPR,,TWTR-10980,1,,proposed (9c slice)
E0523,Event,November election,November election,time marker for Kingsbury's acting role,,,TWTR-10821,2,,proposed (9c slice)
P2812,Person,Rashida Tlaib,Rashida Tlaib,member of Congress targeted for denial of entry,,,TWTR-17530,2,,proposed (9c slice)
P2814,Person,Marvin Kalb,Marvin Kalb,consensus journalism figure criticizing press coverage of Biden,CBS; NBC News,,TWTR-22286,1,,proposed (9c slice)
O1859,Organization,mainstream media,mainstream media,institution criticized for coverage failures,,,TWTR-11117,3,,proposed (9c slice)
P2816,Person,Mueller,Mueller,investigator referenced as vindicating Trump,,,TWTR-13885,3,,proposed (9c slice)
P2817,Person,Kristen Welker,Kristen Welker,journalist contrasted with Hasan,NBC News,,TWTR-17183,8,,proposed (9c slice)
P2818,Person,Elise Stefanik,Elise Stefanik,politician mentioned in Welker interview context,,,TWTR-17183,2,,proposed (9c slice)
P2823,Person,Ronna McDaniel,Ronna McDaniel,hire described as a credibility disaster,NBC News,,TWTR-16678,5,,proposed (9c slice)
O1866,Organization,WNBC,WNBC,news outlet contrasted in headline framing,,,TWTR-15994,1,,proposed (9c slice)
P2825,Person,Mike Masnick,Mike Masnick,writer whose reply is praised,Techdirt,,BSKY-01529,1,,proposed (9c slice)
E0532,Event,Wednesday’s briefing,Wednesday’s briefing,briefing described as highly abnormal,White House,,TWTR-10499,1,,proposed (9c slice)
O1870,Organization,top news organizations,top news organizations,outlets criticized for their framing,,,TWTR-10499,1,,proposed (9c slice)
P2826,Person,Tom Mann,Tom Mann,analyst credited with diagnosing the problem years earlier,,,MAST-00316,3,,proposed (9c slice)
P2827,Person,Merrick Garland,Merrick Garland,attorney general whose memo is referenced,DOJ,,TWTR-22111,3,,proposed (9c slice)
O1873,Organization,DOJ,DOJ,department receiving the memo,,,TWTR-01863,6,,proposed (9c slice)
P2828,Person,Barr,Barr,former official whose policy is referenced,DOJ,,TWTR-14300,3,,proposed (9c slice)
E0533,Event,debates,debates,debates Pelosi suggested scrubbing,,,TWTR-04728,3,,proposed (9c slice)
P2829,Person,JD Vance,JD Vance,candidate CBS says will fact-check the other side,,,TWTR-15727,1,,proposed (9c slice)
P2830,Person,Tim Walz,Tim Walz,candidate CBS says will fact-check the other side,,,TWTR-15727,2,,proposed (9c slice)
L0308,Location,American life,American life,social sphere said to be affected,United States,,TWTR-07636,1,,proposed (9c slice)
E0537,Event,Veterans Day speech,Veterans Day speech,speech by Trump being covered by newspapers,,,TWTR-17385,1,,proposed (9c slice)
P2831,Person,reporter,reporter,journalist pressured to impose coherence on bizarre remarks,,,BSKY-03138,1,,proposed (9c slice)
E0539,Event,second debate,second debate,debate Trump is said to have derailed,,,TWTR-04585,2,,proposed (9c slice)
E0542,Event,four years of Trump coverage,four years of Trump coverage,period of news coverage under discussion,,,TWTR-03525,1,,proposed (9c slice)
P2838,Person,Michael Waltz,Michael Waltz,politician whose endorsement is being repudiated,,,TWTR-02689,1,,proposed (9c slice)
W1111,Work,Mueller report,Mueller report,report Trump describes in contradictory ways,,,TWTR-14300,2,,proposed (9c slice)
W1112,Work,CBS News Confirmed,CBS News Confirmed,new show devoted to combatting misinformation,CBS,,TWTR-16516,1,,proposed (9c slice)
P2840,Person,he,he,unnamed actor who minimized the danger from January to March,,,TWTR-18040,2,,proposed (9c slice)
P2841,Person,RFK,RFK,subject of profiles criticized as less newsworthy,,,BSKY-02051,2,,proposed (9c slice)
W1115,Work,Morning Joe,Morning Joe,program whose hosts criticize NBC's hiring decision,NBC News,,BSKY-02264,2,,proposed (9c slice)
O1885,Organization,DC Police,DC Police,agency asked whether it has briefed and answered questions,,,TWTR-01863,1,,proposed (9c slice)
O1886,Organization,National Guard,National Guard,military organization asked whether it has briefed and answered questions,,,TWTR-01863,1,,proposed (9c slice)
P2843,Person,Secretary of Defense,Secretary of Defense,official asked whether they have briefed and answered questions,,,TWTR-01863,1,,proposed (9c slice)
P2844,Person,Vice President,Vice President,official asked whether they have briefed and answered questions,,,TWTR-01863,1,,proposed (9c slice)
P2845,Person,President,President,official asked whether they have briefed and answered questions,,,TWTR-01863,5,,proposed (9c slice)
E0545,Event,impeachment hearings,impeachment hearings,hearings Fox cut away from,,,TWTR-10995,3,,proposed (9c slice)
O1887,Organization,House managers,House managers,officials making the case during the hearings,,,TWTR-10995,1,,proposed (9c slice)
O1888,Organization,government,government,institution the press failed to inform people about,,,TWTR-07919,4,,proposed (9c slice)
P2846,Person,Brad Schneider,Brad Schneider,U.S. representative setting a condition for working with Republicans,Democratic Party,,TWTR-00240,1,,proposed (9c slice)
P2847,Person,Maria Bartiromo,Maria Bartiromo,Fox host getting a tryout for a new prime-time slot,Fox,,TWTR-01380,4,,proposed (9c slice)
P2851,Person,McConnell,McConnell,interview subject pressed by Swan,,,TWTR-23458,3,,proposed (9c slice)
P2853,Person,Lawrence,Lawrence,program host referenced by handle and date,,,TWTR-15953,1,,proposed (9c slice)
W1118,Work,his program,his program,"program on which Lawrence said something on August 8, 2024",,,TWTR-15953,1,,proposed (9c slice)
W1119,Work,Press Watch article,Press Watch article,linked article carrying Froomkin's argument,Press Watch,,BSKY-00353,1,,proposed (9c slice)
P2854,Person,reporters,reporters,press figures he is fighting with,,,TWTR-13885,3,,proposed (9c slice)
E0549,Event,Biden town hall,Biden town hall,televised event Trump wants to counter-program,,,TWTR-04628,2,,proposed (9c slice)
L0310,Location,Texas,Texas,state tied to the attorney general mentioned,,,TWTR-03766,4,,proposed (9c slice)
O1894,Organization,Fox Business,Fox Business,network named as willing to host a White House representative,,,TWTR-10714,2,,proposed (9c slice)
E0553,Event,impeachment inquiry,impeachment inquiry,proceeding described as lacking evidence,,,TWTR-18072,2,,proposed (9c slice)
P2859,Person,Dana Bash,Dana Bash,CNN journalist praising the president's tone,CNN,,TWTR-10193,3,,proposed (9c slice)
P2860,Person,Jon Lemire,Jon Lemire,AP journalist cautioning against applause,AP,,TWTR-10193,2,,proposed (9c slice)
O1898,Organization,AP,AP,news organization employing Jon Lemire,,,TWTR-10193,17,,proposed (9c slice)
O1899,Organization,Mastodon,Mastodon,social platform being praised for forcing active choices,,,MAST-00458,4,,proposed (9c slice)
O1900,Organization,journalism,journalism,field said to have grown lazy,,,MAST-00458,1,,proposed (9c slice)
P2861,Person,Yamiche,Yamiche,journalist whose tweet exemplifies a reporting method,,,TWTR-06181,3,,proposed (9c slice)
O1901,Organization,MAGA movement,MAGA movement,movement said to be the real conflict with democracy,,,TWTR-18144,1,,proposed (9c slice)
P2862,Person,Maddow,Maddow,host cited as openly opinionated,,,TWTR-12688,8,,proposed (9c slice)
O1902,Organization,The Times,The Times,news organization criticized for its framing,,,TWTR-15046,8,,proposed (9c slice)
P2866,Person,froomkin,froomkin,speaker quoted in the post,,,TWTR-06636,5,,proposed (9c slice)
W1120,Work,interview,interview,clip praised as very good,,,TWTR-12693,4,,proposed (9c slice)
P2869,Person,Jim Acosta,Jim Acosta,reporter asking the question,,,TWTR-14728,2,,proposed (9c slice)
P2870,Person,Jabin Botsford,Jabin Botsford,photographer of the praised image,The Washington Post,,TWTR-14325,1,,proposed (9c slice)
W1122,Work,photo,photo,image said to capture the 45th president and his government,,,TWTR-14325,1,,proposed (9c slice)
P2871,Person,the 45th president,the 45th president,subject captured in the photo,,,TWTR-14325,1,,proposed (9c slice)
O1905,Organization,his government,his government,government depicted in the photo,,,TWTR-14325,1,,proposed (9c slice)
P2874,Person,the president of the United States,the president of the United States,subject of the reporting comparison,,,TWTR-13096,2,,proposed (9c slice)
W1124,Work,this piece,this piece,article cited as evidence of the comparison,,,TWTR-13096,1,,proposed (9c slice)
W1126,Work,Relentless Wrestler,Relentless Wrestler,title of the long profile,Washington Post,,TWTR-17648,1,,proposed (9c slice)
W1127,Work,The Corruption of Lindsey Graham: A case study in the rise of authoritarianism,The Corruption of Lindsey Graham: A case study in the rise of authoritarianism,special project being discussed,The Bulwark,,TWTR-19218,1,,proposed (9c slice)
P2877,Person,Saletan,Saletan,writer who treats Graham's surrender as a microcosm,The Bulwark,,TWTR-19218,1,,proposed (9c slice)
P2879,Person,Anne Applebaum,Anne Applebaum,writer whose description is invoked,,,TWTR-18951,2,,proposed (9c slice)
P2880,Person,Putin,Putin,leader referenced through 'Putin's Russia',Russia,,TWTR-18951,1,,proposed (9c slice)
P2881,Person,León Krauze,León Krauze,prominent anchor who left Univision,Univision,,TWTR-17354,1,,proposed (9c slice)
E0559,Event,controversial interview with Donald Trump,controversial interview with Donald Trump,event preceding Krauze's departure,Univision,,TWTR-17354,1,,proposed (9c slice)
O1910,Organization,intelligence agencies,intelligence agencies,agencies under attack,U.S. government,,TWTR-14883,3,,proposed (9c slice)
W1128,Work,The audacious PR plot that seeded doubt about climate change,The audacious PR plot that seeded doubt about climate change,BBC story being referenced,BBC,,TWTR-22301,1,,proposed (9c slice)
P2887,Person,Joe Kahn,Joe Kahn,executive editor praising story and process,The New York Times,,TWTR-23198,6,,proposed (9c slice)
O1913,Organization,Biden campaign,Biden campaign,campaign whose press secretary made a statement,Biden,,TWTR-03489,2,,proposed (9c slice)
O1914,Organization,non-profit,non-profit,organizational form planned for the Sun Times,,,TWTR-24270,1,,proposed (9c slice)
O1917,Organization,The Plain Dealer,The Plain Dealer,news organization whose editors rejected restrictive rally rules,media,,TWTR-21994,2,,proposed (9c slice)
E0561,Event,rally for J.D. Vance featuring Ron DeSantis,rally for J.D. Vance featuring Ron DeSantis,event with restrictive press rules,,,TWTR-21994,1,,proposed (9c slice)
W1133,Work,white space with an X graphic,white space with an X graphic,graphic published instead of coverage,The Plain Dealer,,TWTR-21994,1,,proposed (9c slice)
L0317,Location,Nevada,Nevada,state where democracy-related victory occurred,United States,,TWTR-21103,2,,proposed (9c slice)
W1136,Work,Trump isn't finished,Trump isn't finished,column praised as a breakout piece,The New York Times,,BSKY-02236,1,,proposed (9c slice)
P2893,Person,Tom Edsall,Tom Edsall,author of the column,The New York Times,,BSKY-02236,1,,proposed (9c slice)
P2895,Person,Abby D. Phillip,Abby D. Phillip,journalist whose emergence at CNN is praised,CNN,,TWTR-01028,1,,proposed (9c slice)
L0318,Location,U.S.,U.S.,country referenced in jobs discussion,,,TWTR-07919,6,,proposed (9c slice)
O1921,Organization,Trump campaign,Trump campaign,campaign organization buying homepage ads,,,TWTR-16864,2,,proposed (9c slice)
O1922,Organization,status.news,status.news,source outlet cited by Rosen,,,BSKY-03085,3,,proposed (9c slice)
O1923,Organization,Trump government,Trump government,government Rosen says should not be treated normally,White House,,TWTR-07483,3,,proposed (9c slice)
L0320,Location,Washington Square,Washington Square,place near where Rosen lives and hears celebration,New York,,TWTR-03559,1,,proposed (9c slice)
P2905,Person,Giuliani,Giuliani,political figure being interviewed,,,TWTR-12668,1,,proposed (9c slice)
O1924,Organization,TV news,TV news,television news industry,,,TWTR-12668,1,,proposed (9c slice)
O1926,Organization,Press Gazette,Press Gazette,publication cited as source,,,BSKY-01210,1,,proposed (9c slice)
O1927,Organization,Similarweb,Similarweb,analytics data provider cited as source,,,BSKY-01210,1,,proposed (9c slice)
P2906,Person,Farhi,Farhi,media reporter mentioned in the post,The Post,,TWTR-14894,1,,proposed (9c slice)
L0321,Location,the border,the border,topic of the interview,,,TWTR-14532,2,,proposed (9c slice)
P2908,Person,Peter Navarro,Peter Navarro,author of the op-ed,White House,,TWTR-09178,2,,proposed (9c slice)
O1929,Organization,BuzzFeed News,BuzzFeed News,news outlet unveiling the investigation,,,TWTR-05443,2,,proposed (9c slice)
W1142,Work,podcast,podcast,additional media product announced,The FinCEN Files,,TWTR-11578,2,,proposed (9c slice)
P2911,Person,HC_Richardson,HC_Richardson,person credited as source for the item,,,TWTR-16361,1,,proposed (9c slice)
W1143,Work,post-mortem,post-mortem,proposed examination journalism needs,journalism,,TWTR-02416,1,,proposed (9c slice)
O1933,Organization,US,US,country that spent the money referenced,,,TWTR-25944,1,,proposed (9c slice)
O1934,Organization,Afghan defense forces,Afghan defense forces,forces the US trained and equipped,Afghanistan,,TWTR-25944,1,,proposed (9c slice)
E0571,Event,celebration of her 40 years in the business,celebration of her 40 years in the business,event where Amanpour was asked the question,,,TWTR-18070,1,,proposed (9c slice)
W1144,Work,On Tyranny: Twenty Lessons from the Twentieth Century,On Tyranny: Twenty Lessons from the Twentieth Century,book by Timothy Snyder,Timothy Snyder,,TWTR-08523,1,,proposed (9c slice)
P2912,Person,Chris Christie,Chris Christie,political figure and analyst mentioned in the note,,,TWTR-22592,4,,proposed (9c slice)
O1935,Organization,Reliable Sources,Reliable Sources,source credited in the post,,,TWTR-10429,8,,proposed (9c slice)
P2914,Person,Tapper,Tapper,commentator reacting with alarm,,,TWTR-17530,1,,proposed (9c slice)
W1145,Work,censure resolution,censure resolution,resolution filed against Rashida Tlaib,Marjorie Taylor Greene,,TWTR-17530,1,,proposed (9c slice)
P2915,Person,Acyn,Acyn,person credited as source,,,TWTR-17530,2,,proposed (9c slice)
P2918,Person,Liz Cheney,Liz Cheney,politician praised for holding the GOP accountable,Republican Party,,TWTR-01062,2,,proposed (9c slice)
O1937,Organization,Texas A&M,Texas A&M,university where the meeting took place,,,MAST-00020,8,,proposed (9c slice)
P2919,Person,Katherine Banks,Katherine Banks,university president who resigned,Texas A&M,,TWTR-18663,3,,proposed (9c slice)
E0576,Event,250th anniversary of the lighting of the lanterns,250th anniversary of the lighting of the lanterns,anniversary event where the speech was given,,,BSKY-01370,1,,proposed (9c slice)
L0322,Location,Boston's Old North Church,Boston's Old North Church,site of the anniversary event,,,BSKY-01370,1,,proposed (9c slice)
W1155,Work,speech,speech,speech by Richardson referenced in the post,Heather Cox Richardson,,BSKY-01370,1,,proposed (9c slice)
W1156,Work,excerpt,excerpt,excerpt from the speech recommended to read,speech,,BSKY-01370,1,,proposed (9c slice)
O1938,Organization,MAGA,MAGA,political movement associated with Trump,Trump,,TWTR-24463,2,,proposed (9c slice)
E0579,Event,the Ukraine call breaking into the news,the Ukraine call breaking into the news,news event used as timing reference,,,TWTR-12688,1,,proposed (9c slice)
P2922,Person,Alexandria Ocasio-Cortez,Alexandria Ocasio-Cortez,politician contrasted with Greene,,,TWTR-06636,2,,proposed (9c slice)
W1159,Work,Greg Sargent's article,Greg Sargent's article,article cited as making the argument with examples,Greg Sargent,,TWTR-16336,1,,proposed (9c slice)
O1939,Organization,the news system,the news system,media system being evaluated,,,TWTR-18017,1,,proposed (9c slice)
W1160,Work,What I Saw on the Campaign Trail,What I Saw on the Campaign Trail,article being praised,The Bulwark,,BSKY-02025,1,,proposed (9c slice)
P2924,Person,John Avlon,John Avlon,author of the cited paragraphs and Democratic candidate,New York's 1st Congressional District,,BSKY-02025,2,,proposed (9c slice)
L0323,Location,New York's 1st Congressional District,New York's 1st Congressional District,electoral district Avlon is running in,,,BSKY-02025,1,,proposed (9c slice)
E0581,Event,daily record for new coronavirus infections on Oct. 23,daily record for new coronavirus infections on Oct. 23,reported outbreak milestone,Reuters,,TWTR-04009,1,,proposed (9c slice)
E0582,Event,Biden's democracy speech,Biden's democracy speech,speech prompting press reaction,Biden,,TWTR-21795,1,,proposed (9c slice)
O1942,Organization,press,press,media reacting to the speech,,,TWTR-21795,5,,proposed (9c slice)
W1161,Work,this list,this list,list being reposted,,,TWTR-21795,1,,proposed (9c slice)
P2925,Person,Gábor Scheiring,Gábor Scheiring,source of the assessment,Hungarian parliament,,BSKY-00525,1,,proposed (9c slice)
P2926,Person,Viktor Orbán,Viktor Orbán,leader tied to autocratic power plays,Hungary,,BSKY-00525,1,,proposed (9c slice)
O1943,Organization,Hungarian parliament,Hungarian parliament,body Scheiring served in,Hungary,,BSKY-00525,1,,proposed (9c slice)
P2929,Person,Rand Paul,Rand Paul,senator accused of still saying the election was stolen,GOP,,TWTR-01463,3,,proposed (9c slice)
E0583,Event,January to April events,January to April events,period whose public meaning is being contested,,,TWTR-09449,2,,proposed (9c slice)
E0584,Event,the 2020 campaign,the 2020 campaign,campaign whose treatment is under critique,,,TWTR-05495,1,,proposed (9c slice)
O1944,Organization,Murdoch press,Murdoch press,press system blamed for polarization and regression,Murdoch,,TWTR-04199,1,,proposed (9c slice)
O1947,Organization,Republican office-holders,Republican office-holders,officials reporters are urged to question,Republican Party,,TWTR-06485,2,,proposed (9c slice)
W1167,Work,this reposted list,this reposted list,list of proposed changes,,,TWTR-00765,1,,proposed (9c slice)
O1948,Organization,Republicans in Congress,Republicans in Congress,lawmakers said to lack grounds for impeachment,Republican Party,,TWTR-18849,3,,proposed (9c slice)
E0590,Event,Brett Kavanaugh confirmation hearings,Brett Kavanaugh confirmation hearings,confirmation process discussed in the allegation,U.S. Senate,,TWTR-07330,1,,proposed (9c slice)
P2939,Person,Brett Kavanaugh,Brett Kavanaugh,subject of the unpublished story,U.S. Supreme Court,,TWTR-07330,1,,proposed (9c slice)
P2940,Person,Ron Johnson,Ron Johnson,senator welcomed back on the show,Republican Party,,TWTR-02141,6,,proposed (9c slice)
O1951,Organization,major parties,major parties,the two-party system referenced in the post,,,TWTR-17692,2,,proposed (9c slice)
L0324,Location,Milwaukee,Milwaukee,location of the rally,,,TWTR-11117,1,,proposed (9c slice)
O1953,Organization,Postal Service,Postal Service,institution at the center of the crisis,United States Postal Service,,TWTR-06115,2,,proposed (9c slice)
P2945,Person,Carol Leonnig,Carol Leonnig,journalist and co-author on the Secret Service,The Washington Post,,TWTR-11089,2,,proposed (9c slice)
L0325,Location,the Capitol,the Capitol,destination Trump allegedly wanted to go to,"Washington, D.C.",,TWTR-01911,3,,proposed (9c slice)
P2947,Person,David Muir,David Muir,anchor described as face of the brand,ABC News,,TWTR-22592,3,,proposed (9c slice)
P2948,Person,Justin Baragona,Justin Baragona,source credited via handle,,,TWTR-22592,2,,proposed (9c slice)
O1955,Organization,Columbia,Columbia,institution that canceled the class,Columbia University,,BSKY-01351,2,,proposed (9c slice)
O1957,Organization,Murdoch media,Murdoch media,media organization under pressure in Australia,News Corp,,TWTR-11098,1,,proposed (9c slice)
P2950,Person,Sarah Sanders,Sarah Sanders,press secretary accused of too many lies,White House,,TWTR-14728,1,,proposed (9c slice)
E0593,Event,the briefings,the briefings,White House press briefings that ended,White House,,TWTR-14728,1,,proposed (9c slice)
P2952,Person,Ben Kesling,Ben Kesling,writer,Columbia Journalism Review,,BSKY-02208,1,,proposed (9c slice)
W1173,Work,Trump’s disastrous visit to Arlington was too much for the press to handle.,Trump’s disastrous visit to Arlington was too much for the press to handle.,article or essay,Columbia Journalism Review,,BSKY-02208,1,,proposed (9c slice)
O1964,Organization,NYT Politics,NYT Politics,New York Times politics desk,The New York Times,,TWTR-14996,5,,proposed (9c slice)
E0597,Event,the stage appearance,the stage appearance,public appearance or debate-style event,,,TWTR-15968,1,,proposed (9c slice)
P2956,Person,Fred Benenson,Fred Benenson,person credited in the post,,,TWTR-03955,1,,proposed (9c slice)
W1176,Work,this clip,this clip,video clip,,,TWTR-03955,3,,proposed (9c slice)
P2957,Person,Eric Deggans,Eric Deggans,journalist and commentator,,,TWTR-22007,1,,proposed (9c slice)
E0599,Event,the final broadcast in the life of Reliable Sources,the final broadcast in the life of Reliable Sources,last episode of the program,Reliable Sources,,TWTR-22007,1,,proposed (9c slice)
O1968,Organization,Library of Congress,Library of Congress,national library and archive,U.S. government,,TWTR-05340,1,,proposed (9c slice)
P2960,Person,Scott Nover,Scott Nover,writer,,,TWTR-17745,1,,proposed (9c slice)
W1178,Work,Twitter is Now a Fog-of-War Machine,Twitter is Now a Fog-of-War Machine,article or essay,,,TWTR-17745,1,,proposed (9c slice)
P2961,Person,Mamdani,Mamdani,political figure referenced in article quote,,,BSKY-00676,1,,proposed (9c slice)
E0602,Event,Meet the Press interview,Meet the Press interview,television interview,Meet the Press,,TWTR-18040,1,,proposed (9c slice)
P2962,Person,John Boehner,John Boehner,former politician and memoir author quoted in the post,,,MAST-00331,1,,proposed (9c slice)
W1179,Work,John Boehner's memoir,John Boehner's memoir,memoir cited for a description of the crowd,,,MAST-00331,1,,proposed (9c slice)
P2963,Person,White House press secretary,White House press secretary,press official whose quote is discussed,White House,,TWTR-03399,1,,proposed (9c slice)
P2964,Person,Dahlia Lithwick,Dahlia Lithwick,writer quoted in the post,,,TWTR-17352,2,,proposed (9c slice)
E0604,Event,November election period,November election period,period in which constitutional routines may stop working,,,TWTR-05680,1,,proposed (9c slice)
P2968,Person,Julia Alexander,Julia Alexander,journalist credited with the news item,Puck,,BSKY-00730,1,,proposed (9c slice)
O1972,Organization,Puck,Puck,publication where Julia Alexander works or published,,,BSKY-00730,3,,proposed (9c slice)
E0607,Event,impeachment vote,impeachment vote,event covered by the story,,,TWTR-10785,1,,proposed (9c slice)
P2970,Person,the former president,the former president,candidate described as calling for suspension of the Constitution,,,MAST-00367,2,,proposed (9c slice)
P2971,Person,Brett Baier,Brett Baier,anchor whose view of his employer is disputed,Fox,,TWTR-18989,1,,proposed (9c slice)
E0608,Event,presidential debates,presidential debates,campaign debates described as flawed but important,,,TWTR-24360,2,,proposed (9c slice)
O1977,Organization,RNC,RNC,organization said to want out of the debates,,,TWTR-24360,4,,proposed (9c slice)
P2973,Person,Bill Hemmer,Bill Hemmer,television news anchor criticized by comparison,,,TWTR-06370,1,,proposed (9c slice)
P2974,Person,Bret Baier,Bret Baier,television news anchor criticized by comparison,,,TWTR-06370,3,,proposed (9c slice)
E0609,Event,Jonathan Swan interview,Jonathan Swan interview,interview used as benchmark for effective questioning,,,TWTR-06370,1,,proposed (9c slice)
P2976,Person,Joseph Welch,Joseph Welch,historical figure invoked as a comparison the press lacks,,,TWTR-10089,2,,proposed (9c slice)
O1980,Organization,Press Watchers,Press Watchers,site hosting the linked piece,,,BSKY-01862,1,,proposed (9c slice)
P2977,Person,Tucker,Tucker,media figure accused of sanitizing hate,,,TWTR-19679,2,,proposed (9c slice)
P2978,Person,former political reporter,former political reporter,author of the column being praised,,,TWTR-25334,1,,proposed (9c slice)
P2979,Person,New Zealand journalist,New Zealand journalist,journalist praised for aggressive interviewing,,,TWTR-04304,1,,proposed (9c slice)
P2980,Person,alt right politician,alt right politician,politician being grilled,,,TWTR-04304,1,,proposed (9c slice)
P2981,Person,Charles Arthur,Charles Arthur,source credited with sharing,,,TWTR-04304,1,,proposed (9c slice)
P2982,Person,Justin Trovett,Justin Trovett,writer of the praised work,Slate,,TWTR-20717,1,,proposed (9c slice)
P2983,Person,Brian Schatz,Brian Schatz,US Senator explaining the point,U.S. Senate,,TWTR-16754,2,,proposed (9c slice)
O1985,Organization,White House correspondents,White House correspondents,press corps being discussed,White House press corps,,BSKY-00406,1,,proposed (9c slice)
P2984,Person,ABC News reporter,ABC News reporter,reporter expressing thankfulness,ABC News,,TWTR-14059,1,,proposed (9c slice)
P2985,Person,the man leading a global hate campaign against the press,the man leading a global hate campaign against the press,figure being thanked,,,TWTR-14059,1,,proposed (9c slice)
O1986,Organization,GOP officials,GOP officials,officials described as less factual,Republican Party,,TWTR-02976,1,,proposed (9c slice)
P2989,Person,former office holder,former office holder,former right-wing media figure explaining his realizations,right wing media sphere,,TWTR-02976,1,,proposed (9c slice)
W1186,Work,latest book,latest book,book containing the quoted paragraph,George Packer,,TWTR-25976,1,,proposed (9c slice)
E0614,Event,spring and summer of 2020,spring and summer of 2020,period discussed in the book,,,TWTR-25976,1,,proposed (9c slice)
P2993,Person,Kara Swisher,Kara Swisher,commentator being urged to speak,,,TWTR-20983,2,,proposed (9c slice)
O1988,Organization,New Zealand's biggest news site,New Zealand's biggest news site,news site that left Facebook,New Zealand,,TWTR-00579,1,,proposed (9c slice)
W1189,Work,journalism rant of the year,journalism rant of the year,praised piece of journalism criticism,,,TWTR-15802,1,,proposed (9c slice)
O1989,Organization,The Plum Line,The Plum Line,publication or column publishing the analysis,The Washington Post,,TWTR-11283,4,,proposed (9c slice)
P2994,Person,Will Lewis,Will Lewis,incoming Washington Post leader under scrutiny,Washington Post,,TWTR-16201,6,,proposed (9c slice)
O1992,Organization,anti-democratic party,anti-democratic party,party opposed to democratic norms in the critique,United States,,TWTR-02655,1,,proposed (9c slice)
W1191,Work,The Last Days of the Pentagon Press Corps,The Last Days of the Pentagon Press Corps,article,The Atlantic,,BSKY-00037,1,,proposed (9c slice)
P2996,Person,Nancy A. Youssef,Nancy A. Youssef,author,The Atlantic,,BSKY-00037,1,,proposed (9c slice)
P2998,Person,Robert Mueller,Robert Mueller,special counsel used as comparison,,,TWTR-05330,1,,proposed (9c slice)
O1993,Organization,Threads,Threads,social platform,,,BSKY-02034,2,,proposed (9c slice)
P2999,Person,engineer who quit the company,engineer who quit the company,former employee quoted in the post,Facebook,,TWTR-08018,1,,proposed (9c slice)
P3001,Person,Victoria Derbyshire,Victoria Derbyshire,interviewer who stops the guest,BBC Newsnight,,TWTR-21554,1,,proposed (9c slice)
O1994,Organization,BBC Newsnight,BBC Newsnight,television news program,BBC,,TWTR-21554,1,,proposed (9c slice)
P3002,Person,Daniel Kawczynski,Daniel Kawczynski,Conservative MP being interviewed,Conservative Party,,TWTR-21554,1,,proposed (9c slice)
P3004,Person,Ron,Ron,journalist being characterized,,,TWTR-09373,1,,proposed (9c slice)
E0616,Event,documentary premiere,documentary premiere,upcoming premiere announced in the post,PBS,,BSKY-00851,1,,proposed (9c slice)
P3005,Person,Josh Dawsey,Josh Dawsey,co-author,The Washington Post,,TWTR-01904,2,,proposed (9c slice)
P3006,Person,Philip Rucker,Philip Rucker,co-author,The Washington Post,,TWTR-11089,2,,proposed (9c slice)
O1998,Organization,Senate Republicans,Senate Republicans,group that declined interview requests,United States Senate,,TWTR-22797,1,,proposed (9c slice)
O1999,Organization,United States Senate,United States Senate,legislative body,,,TWTR-22797,1,,proposed (9c slice)
P3009,Person,Jon Karl,Jon Karl,ABC News journalist whose replies are discussed,ABC News,,TWTR-14370,8,,proposed (9c slice)
P3011,Person,Margaret Brennan,Margaret Brennan,interviewer criticized for not asking a question,,,TWTR-11310,5,,proposed (9c slice)
O2002,Organization,press corps,press corps,group of reporters covering the White House,,,TWTR-04913,5,,proposed (9c slice)
O2003,Organization,network,network,television network declining to host McEnany,,,BSKY-03096,2,,proposed (9c slice)
E0621,Event,election coverage,election coverage,journalistic coverage under discussion,,,TWTR-18194,4,,proposed (9c slice)
E0622,Event,third night of the Republican convention,third night of the Republican convention,event during which the fact-checking occurs,Republican Party,,TWTR-05751,1,,proposed (9c slice)
E0623,Event,Rose Garden event,Rose Garden event,event where reporters were positioned,White House,,TWTR-07919,1,,proposed (9c slice)
O2008,Organization,Sunday shows,Sunday shows,political TV programs targeted by the strategy,,,TWTR-24132,1,,proposed (9c slice)
W1195,Work,If Trump Wins,If Trump Wins,issue or package on the threat of a second Trump term,The Atlantic,,TWTR-17256,1,,proposed (9c slice)
P3014,Person,The Plum Line GS,The Plum Line GS,commentator cited in the post,,,TWTR-17256,1,,proposed (9c slice)
O2011,Organization,GOP candidates,GOP candidates,political candidates urged to state their position,Republican Party,,TWTR-17256,1,,proposed (9c slice)
P3015,Person,E. J. Dionne,E. J. Dionne,commentator quoted in the post,,,TWTR-03485,1,,proposed (9c slice)
P3016,Person,the former vice president,the former vice president,candidate described as able to win 306 electoral votes,,,TWTR-03485,1,,proposed (9c slice)
P3017,Person,Kathleen McElroy,Kathleen McElroy,journalism professor receiving the settlement,Texas A&M,,MAST-00020,3,,proposed (9c slice)
P3019,Person,James O’Keefe,James O’Keefe,figure whose scam ABC News is said to have caved to,,,TWTR-10510,1,,proposed (9c slice)
O2015,Organization,Deadspin,Deadspin,media outlet discussed as being wrecked by owners,,,TWTR-12221,2,,proposed (9c slice)
O2016,Organization,writers,writers,writers said to know more than the owners,Deadspin,,TWTR-12221,1,,proposed (9c slice)
W1197,Work,"Race, Media and International Affairs 101","Race, Media and International Affairs 101",course,Columbia,,BSKY-01351,1,,proposed (9c slice)
P3027,Person,Brian Klaas,Brian Klaas,person credited with the clip,,,TWTR-17063,2,,proposed (9c slice)
P3028,Person,Susanne Craig,Susanne Craig,journalist thanked for reporting,The New York Times,,TWTR-05041,1,,proposed (9c slice)
P3029,Person,Russ Buettner,Russ Buettner,journalist thanked for reporting,The New York Times,,TWTR-05041,1,,proposed (9c slice)
P3030,Person,Mike McIntire,Mike McIntire,journalist thanked for reporting,The New York Times,,TWTR-05041,1,,proposed (9c slice)
O2020,Organization,WHCA cohort,WHCA cohort,White House Correspondents' Association press cohort,WHCA,,TWTR-05041,1,,proposed (9c slice)
O2023,Organization,Pitt,Pitt,university pausing PhD admissions,,,BSKY-01623,1,,proposed (9c slice)
O2024,Organization,WESA,WESA,news outlet linked in the post,,,BSKY-01623,1,,proposed (9c slice)
O2026,Organization,public radio stations,public radio stations,stations welcoming NPR's decision,,,TWTR-09157,1,,proposed (9c slice)
W1198,Work,All Things Considered,All Things Considered,NPR program no longer interrupted by live briefings,NPR,,TWTR-09157,1,,proposed (9c slice)
W1199,Work,The Christmas Even Confessions of Chuck Todd,The Christmas Even Confessions of Chuck Todd,post by Jay Rosen referenced in the tweet,,,TWTR-26039,1,,proposed (9c slice)
O2027,Organization,The Election Coverage and Democracy Network,The Election Coverage and Democracy Network,new organization announced in the post,,,TWTR-04601,1,,proposed (9c slice)
W1200,Work,recommendations,recommendations,recommendations issued by the organization,The Election Coverage and Democracy Network,,TWTR-04601,1,,proposed (9c slice)
P3032,Person,David Edwards,David Edwards,person credited for the clip,,,TWTR-22530,1,,proposed (9c slice)
P3033,Person,Pelosi,Pelosi,politician said to have tried repeatedly over the summer,Democratic Party,,TWTR-02425,3,,proposed (9c slice)
P3034,Person,Mnuchin,Mnuchin,politician/official said to have tried repeatedly over the summer,,,TWTR-02425,1,,proposed (9c slice)
E0628,Event,Congress waiting until the last minute,Congress waiting until the last minute,claim in the thread being criticized,Congress,,TWTR-02425,1,,proposed (9c slice)
W1201,Work,list,list,recurring list of what journalists could do now,,,BSKY-01905,1,,proposed (9c slice)
P3036,Person,Mary Trump,Mary Trump,commentator praising Times reporting,,,TWTR-06891,2,,proposed (9c slice)
W1204,Work,Pledge of Allegiance,Pledge of Allegiance,recitation containing the phrase under God,,,TWTR-05926,1,,proposed (9c slice)
E0632,Event,2020 DNC,2020 DNC,event where the pledge was recited each night,Democratic Party,,TWTR-05926,1,,proposed (9c slice)
P3041,Person,David Simon,David Simon,writer and former reporter whose thread is recommended,The Baltimore Sun,,TWTR-17140,1,,proposed (9c slice)
W1205,Work,The Wire,The Wire,TV work David Simon is known for creating,,,TWTR-17140,1,,proposed (9c slice)
P3042,Person,Martha MacCallum,Martha MacCallum,Fox News figure named in the rehabilitation tour claim,Fox News,,TWTR-18254,1,,proposed (9c slice)
W1206,Work,new book on the Trump presidency,new book on the Trump presidency,book by Leonnig and Rucker,,,TWTR-11089,1,,proposed (9c slice)
P3043,Person,Marc,Marc,person whose reaction Jay shares,,,TWTR-24829,2,,proposed (9c slice)
P3044,Person,Chris Cuomo,Chris Cuomo,media figure fired that day,,,TWTR-24829,3,,proposed (9c slice)
E0633,Event,Chris Cuomo's firing,Chris Cuomo's firing,news event referenced in the post,,,TWTR-24829,1,,proposed (9c slice)
W1207,Work,editor's note,editor's note,new post explaining the proposed change,,,TWTR-10142,2,,proposed (9c slice)
W1208,Work,Invasion of the Body Snatchers,Invasion of the Body Snatchers,work used as an analogy,,,BSKY-01752,1,,proposed (9c slice)
E0637,Event,mass shooting,mass shooting,event where a racist killed ten people,,,TWTR-22968,1,,proposed (9c slice)
P3046,Person,racist,racist,gunman described in the post,,,TWTR-22968,1,,proposed (9c slice)
E0638,Event,1954 McCarthy hearing confrontation,1954 McCarthy hearing confrontation,historic confrontation referenced in American mythology,,,TWTR-10089,1,,proposed (9c slice)
W1210,Work,Marion County Record,Marion County Record,newspaper whose edition is referenced,,,TWTR-18312,1,,proposed (9c slice)
E0639,Event,news conferences,news conferences,venue Trump references in his quote,,,TWTR-09334,1,,proposed (9c slice)
P3051,Person,Sean Duffy,Sean Duffy,former House member described as a loyal Trump defender,CNN,,TWTR-12336,2,,proposed (9c slice)
O2034,Organization,House,House,institution where Duffy served,,,TWTR-12336,1,,proposed (9c slice)
O2035,Organization,counter-majoritarian party,counter-majoritarian party,party described as unable to admit its nature,,,TWTR-02764,1,,proposed (9c slice)
O2036,Organization,normal party,normal party,contrasting party type in the post,,,TWTR-02764,1,,proposed (9c slice)
W1211,Work,book coming out in July,book coming out in July,forthcoming book containing the quoted passage,,,TWTR-16316,1,,proposed (9c slice)
W1212,Work,outstanding works of reportage in the 2020 election cycle,outstanding works of reportage in the 2020 election cycle,praised reported work,,,TWTR-02973,1,,proposed (9c slice)
E0643,Event,2020 election cycle,2020 election cycle,election period referenced,,,TWTR-02973,1,,proposed (9c slice)
O2040,Organization,Hungarian government,Hungarian government,government that built the media empire,Hungary,,BSKY-03100,1,,proposed (9c slice)
E0644,Event,election last month,election last month,election that ended Orban's rule,,,BSKY-03100,1,,proposed (9c slice)
W1213,Work,The Atlantic feature on Steve Bannon,The Atlantic feature on Steve Bannon,feature article being quoted,The Atlantic,,TWTR-22742,1,,proposed (9c slice)
E0645,Event,COVID-19 surge,COVID-19 surge,record number of COVID cases mentioned for coverage,,,TWTR-03364,1,,proposed (9c slice)
O2041,Organization,Biden task force,Biden task force,group whose members are floating ideas,Joe Biden,,TWTR-03364,1,,proposed (9c slice)
W1214,Work,PBS documentary about Hannah Arendt,PBS documentary about Hannah Arendt,documentary premiering tonight,PBS,,BSKY-00781,1,,proposed (9c slice)
E0646,Event,premiere,premiere,scheduled premiere event,,,BSKY-00781,1,,proposed (9c slice)
P3060,Person,Eugen Rochko,Eugen Rochko,young founder of Mastodon,Mastodon,,MAST-00511,1,,proposed (9c slice)
O2043,Organization,hate groups,hate groups,groups the platform reportedly isolates,,,MAST-00511,1,,proposed (9c slice)
O2045,Organization,Rite Aid,Rite Aid,pharmacy chain thanked in the post,,,TWTR-01732,1,,proposed (9c slice)
L0334,Location,the Bronx,the Bronx,borough where the pharmacy is located,New York City,,TWTR-01732,1,,proposed (9c slice)
W1215,Work,Moderna vaccine,Moderna vaccine,vaccine received by the author,Moderna,,TWTR-01732,1,,proposed (9c slice)
W1216,Work,Coverage of Ron DeSantis shows the media has learned nothing from Trump,Coverage of Ron DeSantis shows the media has learned nothing from Trump,linked article title,,,TWTR-21937,1,,proposed (9c slice)
W1217,Work,revealing interview,revealing interview,interview being recommended,,,TWTR-01437,1,,proposed (9c slice)
W1218,Work,The Panic Virus,The Panic Virus,book by Seth Mnookin about the anti-vaccine movement,,,MAST-00012,1,,proposed (9c slice)
W1219,Work,sharp interview,sharp interview,interview with Seth Mnookin being praised,,,MAST-00012,1,,proposed (9c slice)
O2048,Organization,Punchbowl,Punchbowl,inside-game press outlet cited in the post,,,TWTR-01100,1,,proposed (9c slice)
O2049,Organization,Kansas newspaper,Kansas newspaper,newspaper whose office was searched,,,TWTR-18315,1,,proposed (9c slice)
O2050,Organization,local cops,local cops,local law enforcement officers,,,TWTR-18315,1,,proposed (9c slice)
P3063,Person,Marion County attorney,Marion County attorney,county prosecutor who withdrew the search warrant,Marion County,,TWTR-18315,1,,proposed (9c slice)
P3068,Person,former RNC chairwoman,former RNC chairwoman,former party chair hired and fired by NBC News,RNC,,TWTR-16647,1,,proposed (9c slice)
O2051,Organization,Republican officials,Republican officials,political figures NBC had sought to appear friendly toward,Republican Party,,TWTR-16647,2,,proposed (9c slice)
P3069,Person,Emily Murphy,Emily Murphy,GSA administrator referenced by handle,General Services Administration,,TWTR-03135,2,,proposed (9c slice)
O2052,Organization,General Services Administration,General Services Administration,federal agency led by Murphy,,,TWTR-03135,1,,proposed (9c slice)
O2054,Organization,Court in Texas,Court in Texas,court invoked in example phrasing,Texas,,TWTR-03766,1,,proposed (9c slice)
O2059,Organization,newsroom bosses,newsroom bosses,leaders making contradictory demands,,,TWTR-17086,1,,proposed (9c slice)
O2060,Organization,under-represented journalists,under-represented journalists,journalists asked to supply perspective and suppress it,,,TWTR-17086,1,,proposed (9c slice)
O2061,Organization,TV viewers,TV viewers,audience forming bonds with local anchors,,,TWTR-17091,1,,proposed (9c slice)
O2062,Organization,local anchors,local anchors,television news presenters,TV news,,TWTR-17091,1,,proposed (9c slice)
O2063,Organization,TV newsrooms,TV newsrooms,television news organizations,,,TWTR-17091,1,,proposed (9c slice)
O2064,Organization,local newspaper,local newspaper,source of reporting for TV newsrooms,,,TWTR-17091,1,,proposed (9c slice)
L0335,Location,U.S. television market,U.S. television market,market Murdoch gained a foothold in,United States,,TWTR-18730,1,,proposed (9c slice)
O2065,Organization,three former executives at Fox,three former executives at Fox,former Fox executives issuing a statement,Fox,,TWTR-18730,1,,proposed (9c slice)
E0650,Event,dueling town halls,dueling town halls,NBC programming decision,NBC,,TWTR-04557,1,,proposed (9c slice)
P3071,Person,CEOs,CEOs,executives avoiding interviews,,,TWTR-01380,1,,proposed (9c slice)
W1225,Work,Mueller Investigation,Mueller Investigation,investigation referenced through its lawyer,,,TWTR-05000,1,,proposed (9c slice)
P3072,Person,Andrew Weissmann,Andrew Weissmann,Mueller Investigation lawyer responding,Mueller Investigation,,TWTR-05000,1,,proposed (9c slice)
O2072,Organization,the news,the news,news institutions people are severed from,,,TWTR-10938,1,,proposed (9c slice)
O2073,Organization,major media outlets,major media outlets,media organizations criticized for inaccurate portrayal,,,TWTR-20995,1,,proposed (9c slice)
E0654,Event,naming of his successor,naming of his successor,leadership transition event,The New York Times,,TWTR-23300,1,,proposed (9c slice)
P3075,Person,Tim Snyder,Tim Snyder,historian whose essay is recommended,,,TWTR-01461,1,,proposed (9c slice)
W1226,Work,The American Abyss,The American Abyss,essay by Tim Snyder,,,TWTR-01461,1,,proposed (9c slice)
O2076,Organization,Times,Times,news organization whose reporters are discussed,,,TWTR-14996,2,,proposed (9c slice)
P3076,Person,Norah O’Donnell,Norah O’Donnell,broadcast anchor named in public letter,,,TWTR-15580,1,,proposed (9c slice)
P3077,Person,the most trusted man in America,the most trusted man in America,reference to Walter Cronkite,,,TWTR-15580,1,,proposed (9c slice)
E0657,Event,Vietnam,Vietnam,war referenced in historical comparison,,,TWTR-15580,2,,proposed (9c slice)
O2077,Organization,both parties,both parties,the two U.S. political parties discussed comparatively,,,TWTR-21297,4,,proposed (9c slice)
O2078,Organization,task force,task force,group whose meetings he rarely attends,,,TWTR-08922,2,,proposed (9c slice)
P3078,Person,Kyle Clark,Kyle Clark,journalist praised for design quality,,,BSKY-02459,3,,proposed (9c slice)
E0659,Event,Texas A&M case,Texas A&M case,case leading to resignation,Texas A&M,,TWTR-18682,1,,proposed (9c slice)
O2081,Organization,the University,the University,institution whose president resigned,Texas A&M,,TWTR-18682,4,,proposed (9c slice)
O2082,Organization,journalism department,journalism department,department whose head wrote the quoted statement,Texas A&M,,TWTR-18682,2,,proposed (9c slice)
P3080,Person,Dr. McElroy,Dr. McElroy,recipient of altered job offer letter,,,TWTR-18682,2,,proposed (9c slice)
W1229,Work,job offer letter,job offer letter,document said to have been altered,,,TWTR-18682,2,,proposed (9c slice)
O2084,Organization,experienced journalists,experienced journalists,senior practitioners praised for mentorship,American press,,TWTR-12699,1,,proposed (9c slice)
O2085,Organization,Skydance,Skydance,company in merger with Paramount Global,,,BSKY-00517,1,,proposed (9c slice)
O2086,Organization,Paramount Global,Paramount Global,company in merger with Skydance,,,BSKY-00517,1,,proposed (9c slice)
P3081,Person,new company president,new company president,executive the ombudsman would report to,merged company,,BSKY-00517,1,,proposed (9c slice)
E0662,Event,2022 campaign coverage,2022 campaign coverage,subject of the study,,,BSKY-02701,2,,proposed (9c slice)
E0663,Event,2016 campaign coverage,2016 campaign coverage,earlier comparison point,,,BSKY-02701,2,,proposed (9c slice)
P3082,Person,Jon Allsop,Jon Allsop,writer credited for the analysis,CJR,,TWTR-16673,2,,proposed (9c slice)
O2088,Organization,This Week ABC,This Week ABC,television news program addressed by the post,ABC,,TWTR-14370,2,,proposed (9c slice)
P3086,Person,Jim Friedlich,Jim Friedlich,writer quoted in the post,The Philadelphia Inquirer,,BSKY-01656,1,,proposed (9c slice)
W1232,Work,visible bruises,visible bruises,topic investigated by the newsletter,status.news,,BSKY-00342,1,,proposed (9c slice)
O2089,Organization,the country’s biggest newsrooms,the country’s biggest newsrooms,newsrooms criticized as silent,,,BSKY-00342,1,,proposed (9c slice)
P3088,Person,the current president,the current president,subject of the bruises reporting,,,BSKY-00342,1,,proposed (9c slice)
P3089,Person,rationaldoge,rationaldoge,person receiving a hat tip,,,TWTR-23584,1,,proposed (9c slice)
P3090,Person,oliverdarcy,oliverdarcy,writer highlighting a failure in NBC's interview,,,TWTR-17989,3,,proposed (9c slice)
P3091,Person,Dean Luk,Dean Luk,former NBC News vice president quoted in the post,NBC News,,TWTR-09274,1,,proposed (9c slice)
P3095,Person,Susan Collins,Susan Collins,politician reflecting that self-image back to journalists,,,TWTR-22755,1,,proposed (9c slice)
O2093,Organization,NBC journalists,NBC journalists,group criticized for helping broadcast campaign wishes,NBC,,TWTR-16868,1,,proposed (9c slice)
O2094,Organization,campaign staff,campaign staff,staff whose wishes are being broadcast,Trump campaign,,TWTR-16868,1,,proposed (9c slice)
O2095,Organization,Russia's state TV,Russia's state TV,state television network hit by resignations,Russia,,TWTR-23684,1,,proposed (9c slice)
E0664,Event,stream of resignations,stream of resignations,departure wave reported by the BBC,,,TWTR-23684,1,,proposed (9c slice)
W1235,Work,"Two weeks into Donald Trump’s post-presidency, it feels like he hasn’t really gone away.","Two weeks into Donald Trump’s post-presidency, it feels like he hasn’t really gone away.",quoted AP line,AP,,TWTR-01122,1,,proposed (9c slice)
O2096,Organization,political journalism,political journalism,field said to have tools for one storyline but not the other,,,TWTR-04875,1,,proposed (9c slice)
O2097,Organization,Fox executives,Fox executives,executives defended from criticism,Fox,,TWTR-24703,1,,proposed (9c slice)
P3097,Person,former senior VP for NBC News,former senior VP for NBC News,source referenced at the end of the post,NBC News,,TWTR-01456,1,,proposed (9c slice)
P3098,Person,meenaharris,meenaharris,person thanked for commentary,,,TWTR-01255,1,,proposed (9c slice)
P3099,Person,besslevin,besslevin,person thanked for commentary,,,TWTR-01255,1,,proposed (9c slice)
W1238,Work,best commentary I have seen lately,best commentary I have seen lately,praised commentary on the discourse,,,TWTR-01255,1,,proposed (9c slice)
P3101,Person,incoming Press Secretary for Biden,incoming Press Secretary for Biden,spokesperson saying Fox's place in the briefing room is an open question,Biden,,TWTR-02300,1,,proposed (9c slice)
P3102,Person,rasmus_kleis,rasmus_kleis,essay author recommended as a starting point,,,TWTR-15721,1,,proposed (9c slice)
W1240,Work,the essay below,the essay below,essay recommended for understanding the issue,,,TWTR-15721,1,,proposed (9c slice)
P3103,Person,Ben,Ben,person whose point is endorsed,,,TWTR-21906,1,,proposed (9c slice)
O2099,Organization,political reporters,political reporters,reporters said not to have signed up for that work,,,TWTR-21906,1,,proposed (9c slice)
W1241,Work,recommended clip,recommended clip,clip recommended in the post,,,TWTR-21906,1,,proposed (9c slice)
P3104,Person,Karl,Karl,quoted speaker,,,TWTR-24924,3,,proposed (9c slice)
E0665,Event,SOTU speech,SOTU speech,speech under review,,,TWTR-10821,1,,proposed (9c slice)
P3105,Person,Karen Attiah,Karen Attiah,quoted editor,The Washington Post,,TWTR-01558,1,,proposed (9c slice)
W1242,Work,I'm a journalist and I'm changing the way I read news. This is how.,I'm a journalist and I'm changing the way I read news. This is how.,recommended article,,,BSKY-02079,1,,proposed (9c slice)
O2100,Organization,the newsroom,the newsroom,institution described as under pressure from leaders,,,BSKY-00683,2,,proposed (9c slice)
W1244,Work,analysis,analysis,piece praised as the best read on the topic,,,TWTR-00918,1,,proposed (9c slice)
E0667,Event,canceling Mehdi Hasan show,canceling Mehdi Hasan show,decision receiving backlash,,,TWTR-17271,1,,proposed (9c slice)
W1245,Work,open letter,open letter,letter from political scientists and democracy scholars,,,TWTR-24983,1,,proposed (9c slice)
E0668,Event,Trump indictment,Trump indictment,legal event prompting planned coverage,,,MAST-00151,1,,proposed (9c slice)
P3107,Person,Terry Samuel,Terry Samuel,NPR executive editor,NPR,,MAST-00151,1,,proposed (9c slice)
E0669,Event,midterms,midterms,election period referenced,,,TWTR-21146,1,,proposed (9c slice)
W1246,Work,Newsrooms Need to Get Tougher on All That Lying,Newsrooms Need to Get Tougher on All That Lying,essay being recommended or cited,,,BSKY-00502,1,,proposed (9c slice)
P3108,Person,Richard Tofel,Richard Tofel,author of the cited essay,,,BSKY-00502,1,,proposed (9c slice)
O2102,Organization,hedge funds,hedge funds,actors waiting to exploit faltering rescues,,,TWTR-17096,1,,proposed (9c slice)
O2103,Organization,San Diego Union-Tribune,San Diego Union-Tribune,example cited for the pattern,,,TWTR-17096,1,,proposed (9c slice)
O2105,Organization,Brandeis University,Brandeis University,venue where remarks were made,,,TWTR-16248,1,,proposed (9c slice)
P3110,Person,Ken Burns,Ken Burns,speaker warning about the 2024 election,,,TWTR-16248,1,,proposed (9c slice)
E0670,Event,assassination attempt at a Pennsylvania rally,assassination attempt at a Pennsylvania rally,attack referenced in the AP report,,,TWTR-16035,1,,proposed (9c slice)
P3113,Person,Ann Telnaes,Ann Telnaes,editorial cartoonist resigning from the Post,The Washington Post,,BSKY-01859,1,,proposed (9c slice)
P3117,Person,Julian Castro,Julian Castro,politician praised for media critique,,,TWTR-13510,1,,proposed (9c slice)
P3118,Person,Tom Perry,Tom Perry,reporter referenced as @tperry518,CBS News,,TWTR-13510,1,,proposed (9c slice)
P3120,Person,Daniel Kreiss,Daniel Kreiss,scholar referenced as @kreissdaniel,,,TWTR-19624,1,,proposed (9c slice)
E0675,Event,sexual abuse scandal at Ohio State,sexual abuse scandal at Ohio State,scandal linked to Jordan in the post,Ohio State,,TWTR-17646,1,,proposed (9c slice)
O2110,Organization,Ohio State,Ohio State,institution where the scandal occurred,,,TWTR-17646,1,,proposed (9c slice)
E0677,Event,appointment of a new journalism dean,appointment of a new journalism dean,initial university announcement,Texas A&M,,MAST-00020,1,,proposed (9c slice)
P3122,Person,president of Texas A&M,president of Texas A&M,university president who resigned,Texas A&M,,MAST-00020,1,,proposed (9c slice)
W1248,Work,The Right to Know. A case for a federal public trust for media,The Right to Know. A case for a federal public trust for media,essay/work quoted and praised,,,TWTR-16050,1,,proposed (9c slice)
P3123,Person,Corey Robin,Corey Robin,political science professor revising his earlier view,,,BSKY-01457,1,,proposed (9c slice)
O2114,Organization,Editorial Board of the New York Times,Editorial Board of the New York Times,author of the praised statement,The New York Times,,TWTR-24457,1,,proposed (9c slice)
W1252,Work,statement,statement,editorial board statement praised in the post,Editorial Board of the New York Times,,TWTR-24457,1,,proposed (9c slice)
O2115,Organization,AJC,AJC,newspaper being criticized,,,TWTR-03694,1,,proposed (9c slice)
W1253,Work,print edition,print edition,format that cannot be corrected or retracted,AJC,,TWTR-03694,1,,proposed (9c slice)
P3125,Person,Amy Chozick,Amy Chozick,author being discussed,,,TWTR-19541,1,,proposed (9c slice)
W1254,Work,Liz Holmes Wants You to Forget About Elizabeth,Liz Holmes Wants You to Forget About Elizabeth,article or work by Amy Chozick,,,TWTR-19541,1,,proposed (9c slice)
P3126,Person,Liz Holmes,Liz Holmes,subject of the piece,,,TWTR-19541,1,,proposed (9c slice)
W1255,Work,Hollywood film,Hollywood film,medium studied in the seminar,,,TWTR-16424,1,,proposed (9c slice)
P3128,Person,Dr. Peter Hotez,Dr. Peter Hotez,pediatrician and vaccine expert targeted by the crusade,,,TWTR-18983,1,,proposed (9c slice)
O2117,Organization,this site,this site,social media platform whose current owner is referenced,,,TWTR-18983,1,,proposed (9c slice)
O2118,Organization,Politico newsroom,Politico newsroom,newsroom said to have behaved strangely and deleted wording,Politico,,TWTR-15828,1,,proposed (9c slice)
O2119,Organization,CNNSotu,CNNSotu,CNN Sunday show referenced by handle,CNN,,TWTR-12175,1,,proposed (9c slice)
O2120,Organization,Denver 9NEWS,Denver 9NEWS,local TV news outlet employing Kyle Clark,,,BSKY-02459,1,,proposed (9c slice)
L0342,Location,Colorado,Colorado,state referenced in the cited newsletter's media scene,,,TWTR-16571,4,,proposed (9c slice)
O2121,Organization,Murdoch clan,Murdoch clan,family group whose internal commentary is desired,,,TWTR-01707,1,,proposed (9c slice)
O2122,Organization,Variety,Variety,publication cited for the item,,,BSKY-03138,1,,proposed (9c slice)
O2125,Organization,Zeteo,Zeteo,new media company discussed in the post,,,TWTR-16715,2,,proposed (9c slice)
O2126,Organization,Paramount,Paramount,company involved in the settlement deal,,,BSKY-03163,3,,proposed (9c slice)
W1258,Work,latest post,latest post,post recommending changes in political journalism practice,,,TWTR-04875,2,,proposed (9c slice)
P3132,Person,Jason Miller,Jason Miller,propagandist booked on Sunday shows,,,TWTR-04825,1,,proposed (9c slice)
P3133,Person,Tommy Vietor,Tommy Vietor,former assistant press secretary for Obama and author of the linked argument,Obama administration,,TWTR-03210,1,,proposed (9c slice)
W1259,Work,Why Joe Biden Must Sideline Fox,Why Joe Biden Must Sideline Fox,linked piece by Vietor,,,TWTR-03210,1,,proposed (9c slice)
W1260,Work,Twitter Files,Twitter Files,subject of the linked piece,Twitter,,MAST-00356,1,,proposed (9c slice)
P3135,Person,Che Guevara,Che Guevara,figure invoked as a comparison,,,TWTR-05815,1,,proposed (9c slice)
P3136,Person,Trump's son,Trump's son,member of Trump's family referenced in remarks,Trump family,,TWTR-05815,1,,proposed (9c slice)
W1261,Work,great stories,great stories,the work journalists signed up to do,Journalists,,TWTR-17090,1,,proposed (9c slice)
P3137,Person,Olivia Nuzzi,Olivia Nuzzi,journalist being quoted,,,TWTR-22368,2,,proposed (9c slice)
O2129,Organization,Pulitzer board,Pulitzer board,body asked to review prize-winning reports,Pulitzer Prize,,TWTR-22354,1,,proposed (9c slice)
E0686,Event,Russian interference in U.S. elections,Russian interference in U.S. elections,subject of the prize-winning reports under review,United States,,TWTR-22354,1,,proposed (9c slice)
W1262,Work,prize-winning reports about Russian interference in U.S. elections,prize-winning reports about Russian interference in U.S. elections,reports reviewed by the Pulitzer board,Pulitzer Prize,,TWTR-22354,1,,proposed (9c slice)
W1263,Work,Why CNN Is Booting All the Trump Critics Who Work There,Why CNN Is Booting All the Trump Critics Who Work There,article being praised,Slate,,TWTR-21708,1,,proposed (9c slice)
P3138,Person,Trump critics,Trump critics,people CNN is said to be booting,CNN,,TWTR-21708,1,,proposed (9c slice)
W1266,Work,Oliver Darcy's newsletter,Oliver Darcy's newsletter,newsletter source of the quoted item,Oliver Darcy,,BSKY-02043,1,,proposed (9c slice)
P3140,Person,Nilay Patel,Nilay Patel,Editor-In-Chief of The Verge,The Verge,,BSKY-02043,1,,proposed (9c slice)
E0687,Event,next Speaker,next Speaker,possible speakership outcome referenced,,,TWTR-17645,1,,proposed (9c slice)
W1267,Work,A Big Pile of Money and Lawyering to Defend Trump’s Legal Targets,A Big Pile of Money and Lawyering to Defend Trump’s Legal Targets,piece by Josh Marshall,Josh Marshall,,BSKY-01878,1,,proposed (9c slice)
O2132,Organization,Trump’s staff,Trump’s staff,staff urging Trump to pivot to the general election,Trump campaign,,TWTR-16869,1,,proposed (9c slice)
E0689,Event,general election,general election,electoral phase Trump is urged to pivot toward,,,TWTR-16869,1,,proposed (9c slice)
O2133,Organization,his department,his department,department asked whether it will open an investigation,Department of Justice,,BSKY-02658,1,,proposed (9c slice)
P3141,Person,Robert Kagan,Robert Kagan,WaPo columnist who authored the piece in question,The Washington Post,,BSKY-02658,2,,proposed (9c slice)
W1268,Work,Trump dictatorship is increasingly inevitable,Trump dictatorship is increasingly inevitable,piece authored by Robert Kagan,The Washington Post,,BSKY-02658,1,,proposed (9c slice)
P3147,Person,Alito,Alito,justice whose home display is criticized,Supreme Court,,TWTR-16287,1,,proposed (9c slice)
W1269,Work,Display at Alito's Home Shreds Any Claim to Supreme Court's Impartiality,Display at Alito's Home Shreds Any Claim to Supreme Court's Impartiality,linked article title,,,TWTR-16287,1,,proposed (9c slice)
W1270,Work,You cannot keep from getting swept up in Trump’s agenda without a firm grasp on your own.,You cannot keep from getting swept up in Trump’s agenda without a firm grasp on your own.,new post by the author,,,TWTR-08137,1,,proposed (9c slice)
P3153,Person,Perry Bacon Jr.,Perry Bacon Jr.,writer describing the project,,,TWTR-00682,3,,proposed (9c slice)
O2142,Organization,media people,media people,group responding to Semafor's question,,,BSKY-01865,1,,proposed (9c slice)
E0694,Event,2024,2024,year under discussion,,,BSKY-01865,3,,proposed (9c slice)
P3154,Person,Americans,Americans,public being addressed as partisan,,,TWTR-22364,1,,proposed (9c slice)
E0698,Event,CPAC,CPAC,political gathering referenced as context for reporting,,,TWTR-00509,2,,proposed (9c slice)
O2147,Organization,the parliament in Hungary,the parliament in Hungary,legislature that approved the bill,Hungary,,TWTR-09646,1,,proposed (9c slice)
P3156,Person,Pat Toomey,Pat Toomey,politician cited as making the claim,,,TWTR-01877,1,,proposed (9c slice)
P3161,Person,the executive producer of 60 Minutes,the executive producer of 60 Minutes,media executive resigning over lost independence,60 Minutes,,BSKY-01337,1,,proposed (9c slice)
P3162,Person,a top official in the Trump government,a top official in the Trump government,official who said containment had been lost,Trump government,,TWTR-03973,1,,proposed (9c slice)
P3163,Person,A.G. Sulzberger,A.G. Sulzberger,publisher whose speech is being interpreted,,,BSKY-02445,1,,proposed (9c slice)
P3165,Person,Todd,Todd,interviewer asking Pence to name names,,,TWTR-21894,2,,proposed (9c slice)
P3170,Person,Ruth Marcus,Ruth Marcus,Associate Editor identified as the resigning columnist,The Washington Post,,BSKY-01524,1,,proposed (9c slice)
W1278,Work,The definitive new tone from Trump clip,The definitive new tone from Trump clip,clip praised as revealing media criticism document,,,TWTR-06543,1,,proposed (9c slice)
P3171,Person,Johnny HeatWave,Johnny HeatWave,creator credited for the clip,,,TWTR-06543,1,,proposed (9c slice)
P3172,Person,Charlie Sykes,Charlie Sykes,commentator being agreed with,,,TWTR-19679,1,,proposed (9c slice)
W1279,Work,NPR Morning Edition,NPR Morning Edition,program said to have let Barr mislead the public,NPR,,TWTR-06921,1,,proposed (9c slice)
P3173,Person,Attorney General Barr,Attorney General Barr,official said to have used NPR's airwaves to mislead the public,,,TWTR-06921,1,,proposed (9c slice)
P3174,Person,former prime minister of Australia,former prime minister of Australia,former PM quoted criticizing Murdoch,Australia,,TWTR-08350,2,,proposed (9c slice)
P3175,Person,Mr. Murdoch,Mr. Murdoch,media proprietor accused of mafia-like behavior,,,TWTR-08350,1,,proposed (9c slice)
W1281,Work,The deep archeology of Fox News,The deep archeology of Fox News,essay by Josh Marshall being praised,Talking Points Memo,,MAST-00216,1,,proposed (9c slice)
O2151,Organization,White House reporters,White House reporters,press corps said to potentially treat Hicks gently,,,TWTR-13482,2,,proposed (9c slice)
P3178,Person,Jeffrey Goldberg,Jeffrey Goldberg,journalist/editor said to have adopted the framing,The Atlantic,,TWTR-17251,2,,proposed (9c slice)
P3179,Person,Ryan,Ryan,person whose point is being summarized,,,TWTR-02661,1,,proposed (9c slice)
O2152,Organization,Republicans in the House,Republicans in the House,lawmakers criticized for joining a suit,U.S. House of Representatives,,TWTR-02661,1,,proposed (9c slice)
E0703,Event,that suit,that suit,lawsuit joined by House Republicans,,,TWTR-02661,1,,proposed (9c slice)
P3180,Person,Cillizza,Cillizza,commentator criticized for certainty about the House committee,,,TWTR-22506,1,,proposed (9c slice)
E0705,Event,House committee,House committee,committee said to help understand what happened,,,TWTR-22506,1,,proposed (9c slice)
P3181,Person,Eric Schultz,Eric Schultz,person credited via mention,,,TWTR-22506,1,,proposed (9c slice)
O2155,Organization,opposition party,opposition party,party whose frame the newsroom is said to have bought,,,TWTR-00239,1,,proposed (9c slice)
O2156,Organization,Republican office holders,Republican office holders,officials who joined the suit and should be questioned,Republican Party,,TWTR-02658,1,,proposed (9c slice)
E0706,Event,the suit,the suit,lawsuit joined by Republican office holders,,,TWTR-02658,1,,proposed (9c slice)
P3182,Person,Ryan Reilly,Ryan Reilly,journalist referenced by handle,,,TWTR-02658,1,,proposed (9c slice)
E0707,Event,petition,petition,petition intended to pressure Parliament,,,TWTR-04678,1,,proposed (9c slice)
O2157,Organization,Parliament,Parliament,body being pressured to establish a commission,Australia,,TWTR-04678,1,,proposed (9c slice)
E0708,Event,Royal Commission,Royal Commission,proposed commission to investigate the Murdoch empire's impact,Australia,,TWTR-04678,1,,proposed (9c slice)
W1283,Work,Mehdi Hasan show,Mehdi Hasan show,canceled program,MSNBC,,BSKY-02666,1,,proposed (9c slice)
W1284,Work,Washington Post article,Washington Post article,linked article about backlash,The Washington Post,,BSKY-02666,1,,proposed (9c slice)
P3183,Person,Michael Socolow,Michael Socolow,person credited via Bluesky handle,,,BSKY-00702,1,,proposed (9c slice)
E0709,Event,the bungled hiring of Dr. Kathleen McElroy,the bungled hiring of Dr. Kathleen McElroy,incident criticized in the letter,Texas A&M,,TWTR-18478,1,,proposed (9c slice)
P3185,Person,Dr. Kathleen McElroy,Dr. Kathleen McElroy,journalist/academic whose hiring was bungled,Texas A&M,,TWTR-18478,1,,proposed (9c slice)
O2161,Organization,fringe organizations,fringe organizations,groups the university is accused of capitulating to,,,TWTR-18478,1,,proposed (9c slice)
P3186,Person,Dylan Byers,Dylan Byers,journalist credited for the audience numbers,,,TWTR-16451,3,,proposed (9c slice)
P3187,Person,Dan Pfeiffer,Dan Pfeiffer,author of the measured response Rosen recommends,,,TWTR-16339,2,,proposed (9c slice)
O2163,Organization,DirecTV,DirecTV,company being pressured by Newsmax,,,TWTR-20315,2,,proposed (9c slice)
E0710,Event,reopen houses of worship this weekend,reopen houses of worship this weekend,policy action Trump is urging,,,TWTR-08257,1,,proposed (9c slice)
L0348,Location,Washington’s federal courthouse,Washington’s federal courthouse,place where Jan. 6 reality cannot be denied,"Washington, D.C.",,TWTR-15796,1,,proposed (9c slice)
E0711,Event,"Jan. 6, 2021","Jan. 6, 2021",event whose reality is said to be undeniable in court,,,TWTR-15796,1,,proposed (9c slice)
W1286,Work,screenshot of a paragraph of text,screenshot of a paragraph of text,content X flagged,,,BSKY-00427,1,,proposed (9c slice)
W1287,Work,More Thoughts on Joe Kahn and the New York Times,More Thoughts on Joe Kahn and the New York Times,linked response piece,Message Box,,BSKY-02325,1,,proposed (9c slice)
P3189,Person,Matt Negrin,Matt Negrin,writer quoted on a Republican litmus test,The Washington Post,,TWTR-01691,1,,proposed (9c slice)
W1288,Work,"Trump’s attacks on the Postal Service deserve sustained, red-alert coverage from the media","Trump’s attacks on the Postal Service deserve sustained, red-alert coverage from the media",linked article/op-ed,,,TWTR-06115,1,,proposed (9c slice)
O2166,Organization,The Free Press,The Free Press,publication associated with Bari Weiss,,,BSKY-00303,1,,proposed (9c slice)
P3191,Person,David,David,person said to be planning Weiss's role,CBS News,,BSKY-00303,1,,proposed (9c slice)
P3192,Person,Ramaswamy,Ramaswamy,figure whose CNN appearance is criticized,,,TWTR-17235,1,,proposed (9c slice)
O2167,Organization,mainstream press,mainstream press,press corps described as unable to process party asymmetry,,,TWTR-18369,2,,proposed (9c slice)
P3193,Person,Josh,Josh,person whose description is recommended,,,TWTR-18369,1,,proposed (9c slice)
P3194,Person,Mr. Trump,Mr. Trump,political figure discussed in the quoted passage,,,TWTR-07224,1,,proposed (9c slice)
W1289,Work,"News industry off to brutal 2024 start as mass layoffs devastate publishers, raising questions about the future of journalism.","News industry off to brutal 2024 start as mass layoffs devastate publishers, raising questions about the future of journalism.",CNN article cited as the output of the thread,CNN,,TWTR-17085,1,,proposed (9c slice)
E0714,Event,mass layoffs,mass layoffs,news-industry layoffs discussed in the cited article,,,TWTR-17085,1,,proposed (9c slice)
E0717,Event,vaccination roll out,vaccination roll out,public health rollout Rosen asks journalism to explain,,,TWTR-02350,1,,proposed (9c slice)
W1290,Work,America tips into fascism,America tips into fascism,recommended piece,,,BSKY-00356,1,,proposed (9c slice)
P3198,Person,David Axelrod,David Axelrod,podcast host referenced in the post,,,TWTR-16257,1,,proposed (9c slice)
L0351,Location,Dayton,Dayton,city the president is heading to,,,TWTR-13546,1,,proposed (9c slice)
L0352,Location,El Paso,El Paso,city the president is heading to,,,TWTR-13546,1,,proposed (9c slice)
W1292,Work,The Shawshank Redemption,The Shawshank Redemption,film referenced via a remembered scene,,,TWTR-22519,1,,proposed (9c slice)
P3199,Person,Anthony J. Maida,Anthony J. Maida,person credited via in the post,,,TWTR-22519,1,,proposed (9c slice)
P3200,Person,Zelensky,Zelensky,political leader named in the meeting referenced by CNN,,,BSKY-00411,1,,proposed (9c slice)
E0721,Event,Zelensky meeting,Zelensky meeting,meeting named in the cited CNN headline,,,BSKY-00411,1,,proposed (9c slice)
W1293,Work,September 2017 explainer on normalizing Trump,September 2017 explainer on normalizing Trump,Rosen's earlier explainer referenced in the post,,,TWTR-10496,1,,proposed (9c slice)
O2177,Organization,journalist,journalist,professional role described as reacting in a patterned way,,,TWTR-10496,1,,proposed (9c slice)
P3203,Person,Miller,Miller,speaker making corruption claims,,,TWTR-12655,1,,proposed (9c slice)
P3204,Person,the Bidens,the Bidens,political family referenced in corruption claims,,,TWTR-12655,1,,proposed (9c slice)
P3205,Person,atrupar,atrupar,account credited via link,,,TWTR-12655,1,,proposed (9c slice)
O2178,Organization,Florida Department of Education,Florida Department of Education,state education agency,Florida,,TWTR-20332,1,,proposed (9c slice)
E0723,Event,Florida’s rejection of the course,Florida’s rejection of the course,rejection of a course by the state,Florida Department of Education,,TWTR-20332,1,,proposed (9c slice)
P3206,Person,him,him,unnamed male political figure,,,TWTR-04572,1,,proposed (9c slice)
W1295,Work,"Fewer grievances, more policy","Fewer grievances, more policy",NBC report on the Trump campaign's next move,NBC,,TWTR-16856,1,,proposed (9c slice)
P3208,Person,advisors,advisors,advisors contrasted with the candidate,,,TWTR-15887,2,,proposed (9c slice)
P3209,Person,candidate,candidate,political candidate discussed in relation to winning the election,,,TWTR-15887,1,,proposed (9c slice)
P3210,Person,aides,aides,staff who are slower to admit the implication,,,TWTR-15887,1,,proposed (9c slice)
E0725,Event,Thursday's hearing,Thursday's hearing,hearing Fox declined to carry,,,TWTR-22737,1,,proposed (9c slice)
P3211,Person,Fox viewers,Fox viewers,audience whose right not to know is invoked,Fox,,TWTR-22737,1,,proposed (9c slice)
P3214,Person,Jeff Froomkin,Jeff Froomkin,writer of the latest post being recommended,,,TWTR-06457,3,,proposed (9c slice)
W1296,Work,"Jailed reporters, silenced networks: What Trump says he'd do to the media if elected","Jailed reporters, silenced networks: What Trump says he'd do to the media if elected",reported article,NPR,,TWTR-15582,1,,proposed (9c slice)
P3215,Person,his doctor,his doctor,doctor who would not confirm Trump's claim,Donald Trump,,TWTR-08327,1,,proposed (9c slice)
P3218,Person,opponents,opponents,targets of Trump's rhetoric,,,TWTR-17395,1,,proposed (9c slice)
W1297,Work,CBS Evening News,CBS Evening News,program where the report appeared,CBS News,,MAST-00466,1,,proposed (9c slice)
P3219,Person,Jonathan Vigliotti,Jonathan Vigliotti,CBS News national correspondent quoted in report,CBS News,,MAST-00466,1,,proposed (9c slice)
O2181,Organization,Michigan Legislature,Michigan Legislature,state legislature that could help Trump in 2024,Michigan,,TWTR-24874,1,,proposed (9c slice)
O2182,Organization,Yale,Yale,university losing faculty members,,,BSKY-01443,1,,proposed (9c slice)
P3220,Person,Former editors of the Denver Post and Rocky Mountain News,Former editors of the Denver Post and Rocky Mountain News,authors urging public support for journalism,Denver Post; Rocky Mountain News,,TWTR-12429,1,,proposed (9c slice)
W1298,Work,their letter,their letter,linked public letter,,,TWTR-12429,1,,proposed (9c slice)
W1299,Work,This report,This report,linked report praised as moving in that direction,,,TWTR-19756,1,,proposed (9c slice)
P3221,Person,She,She,female appointee hired to fight with the press,,,TWTR-05089,1,,proposed (9c slice)
P3222,Person,Ms. Warren,Ms. Warren,candidate whose allies say she faces biased questions,,,TWTR-10722,1,,proposed (9c slice)
P3223,Person,Mr. Buttigieg,Mr. Buttigieg,candidate said to be treated with kid gloves,,,TWTR-10722,1,,proposed (9c slice)
P3224,Person,Ms. Warren’s allies,Ms. Warren’s allies,allies making the claim about media treatment,Ms. Warren,,TWTR-10722,1,,proposed (9c slice)
O2185,Organization,cable news crews,cable news crews,television journalists narrating events,,,TWTR-04913,1,,proposed (9c slice)
P3225,Person,My Pillow guy,My Pillow guy,guest promoting a miracle cure for COVID,My Pillow,,TWTR-06008,1,,proposed (9c slice)
E0730,Event,yesterday’s hearings,yesterday’s hearings,hearings reporters could have used to communicate findings,,,TWTR-13885,1,,proposed (9c slice)
P3227,Person,Scott Adams,Scott Adams,Dilbert cartoonist accused of making a deliberate racist turn,Dilbert,,MAST-00233,1,,proposed (9c slice)
W1302,Work,Dilbert,Dilbert,comic strip he was expected to lose,Scott Adams,,MAST-00233,1,,proposed (9c slice)
W1303,Work,youtube clip,youtube clip,clip watched by the poster,YouTube,,MAST-00233,1,,proposed (9c slice)
O2186,Organization,CenturyLink,CenturyLink,carrier named in the quote,,,TWTR-01927,1,,proposed (9c slice)
O2187,Organization,OAN,OAN,channel being carried by distributors,,,TWTR-01927,2,,proposed (9c slice)
O2188,Organization,Charter,Charter,carrier named in the quote,,,TWTR-01927,1,,proposed (9c slice)
O2189,Organization,Dish,Dish,carrier named in the quote,,,TWTR-01927,1,,proposed (9c slice)
O2190,Organization,reality-based press,reality-based press,press urged to make this shift,,,TWTR-25521,1,,proposed (9c slice)
E0732,Event,His debate performance,His debate performance,performance characterized as an autocratic attempt,,,TWTR-04977,1,,proposed (9c slice)
P3228,Person,the audience,the audience,Fox audience whose belief was stoked,Fox,,TWTR-20283,1,,proposed (9c slice)
W1304,Work,new interview,new interview,interview containing the quoted remarks,,,TWTR-26040,1,,proposed (9c slice)
P3230,Person,journalists at the capital,journalists at the capital,reporters said to routinely reveal politicians' intent,,,TWTR-14879,1,,proposed (9c slice)
P3231,Person,a politician,a politician,politician whose intent is routinely asserted in coverage,,,TWTR-14879,1,,proposed (9c slice)
P3232,Person,Democrats,Democrats,party Ron Johnson invokes in his claim,,,TWTR-12017,1,,proposed (9c slice)
W1305,Work,newsletter,newsletter,Darcy newsletter linked in the post,Oliver Darcy,,BSKY-01828,1,,proposed (9c slice)
P3234,Person,Tamara Keith,Tamara Keith,journalist criticized for her framing,NPR,,TWTR-10384,1,,proposed (9c slice)
P3235,Person,Jonathan M. Katz,Jonathan M. Katz,interview subject,,,TWTR-16743,1,,proposed (9c slice)
P3236,Person,Katie Britt,Katie Britt,senator accused of attempting to mislead the nation,U.S. Senate,,TWTR-16743,1,,proposed (9c slice)
E0734,Event,the 2024 election,the 2024 election,election journalists are covering,,,TWTR-17409,1,,proposed (9c slice)
E0735,Event,April drop of OAN,April drop of OAN,planned carriage termination,,,TWTR-24333,1,,proposed (9c slice)
O2193,Organization,Rebuild Local News,Rebuild Local News,alliance calling for public policy solutions,,,MAST-00305,1,,proposed (9c slice)
O2194,Organization,The Tribune,The Tribune,publication whose reporting is cited,,,TWTR-18669,1,,proposed (9c slice)
P3237,Person,Donald McNeil,Donald McNeil,journalist discussed in comparison,,,TWTR-08484,1,,proposed (9c slice)
E0736,Event,the McCarthy era,the McCarthy era,historical period invoked for comparison,,,TWTR-08484,1,,proposed (9c slice)
P3238,Person,Lisa Murkowski,Lisa Murkowski,Republican grumbler mentioned as isolated,GOP,,TWTR-01282,1,,proposed (9c slice)
P3239,Person,Matt Gaetz,Matt Gaetz,politician described as an agent of chaos,,,TWTR-17798,1,,proposed (9c slice)
O2196,Organization,national newsrooms,national newsrooms,institutions being offered options,,,TWTR-14041,1,,proposed (9c slice)
O2197,Organization,the Trump government,the Trump government,government Rosen suggests suspending normal relations with,,,TWTR-14041,1,,proposed (9c slice)
P3240,Person,Anna Gomez,Anna Gomez,lone Democrat on the FCC,FCC,,BSKY-03113,1,,proposed (9c slice)
O2198,Organization,Kansas City Chiefs,Kansas City Chiefs,NFL team in the game Rosen switched back to,,,TWTR-02801,1,,proposed (9c slice)
O2199,Organization,Tampa Bay Buccaneers,Tampa Bay Buccaneers,NFL team in the game Rosen switched back to,,,TWTR-02801,1,,proposed (9c slice)
P3241,Person,Greg,Greg,person Rosen agrees with,,,TWTR-11865,1,,proposed (9c slice)
P3242,Person,Times reporter,Times reporter,reporter praised for work on Uvalde officers' training,The New York Times,,TWTR-22835,1,,proposed (9c slice)
W1306,Work,Substack,Substack,platform praised for formatting and linking features,,,TWTR-20762,1,,proposed (9c slice)
E0738,Event,Nevada Senate race,Nevada Senate race,election contest discussed in the rewrite,,,TWTR-21103,1,,proposed (9c slice)
P3243,Person,Adam Laxalt,Adam Laxalt,candidate Graham claims cannot lose,,,TWTR-21103,1,,proposed (9c slice)
P3245,Person,Banks,Banks,person who lacks copies of the offers,,,TWTR-18667,2,,proposed (9c slice)
P3246,Person,N.K. Anand,N.K. Anand,vice president for faculty affairs on the call,the university,,TWTR-18666,1,,proposed (9c slice)
P3247,Person,an editor at The Times,an editor at The Times,editor mistaken for local color by another journalist,The New York Times,,BSKY-02600,1,,proposed (9c slice)
W1307,Work,CNN's Fact Checker,CNN's Fact Checker,fact-checking operation at CNN,CNN,,BSKY-03163,1,,proposed (9c slice)
P3248,Person,Ellison,Ellison,figure said to have privately assured officials of changes at CNN,,,BSKY-03163,1,,proposed (9c slice)
O2202,Organization,Washington,Washington,seat of administration officials mentioned in the quote,,,TWTR-15071,1,,proposed (9c slice)
P3249,Person,Will,Will,person Rosen agrees with,,,TWTR-05404,1,,proposed (9c slice)
L0355,Location,the convention hall,the convention hall,place from which a recurring scene is eliminated,,,TWTR-06447,1,,proposed (9c slice)
L0356,Location,the halls of Congress,the halls of Congress,place where the scene regularly plays out,,,TWTR-06447,1,,proposed (9c slice)
L0357,Location,Capitol Hill,Capitol Hill,location of journalists doing this work,,,TWTR-06447,1,,proposed (9c slice)
P3250,Person,Karin Klein,Karin Klein,former editorial board member whose argument is praised,Los Angeles Times,,TWTR-15546,1,,proposed (9c slice)
P3251,Person,Lt. Governor,Lt. Governor,state lieutenant governor,,,TWTR-18572,1,,proposed (9c slice)
L0358,Location,classroom,classroom,setting where criticism occurred,,,TWTR-18572,1,,proposed (9c slice)
P3252,Person,Debra J. Saunders,Debra J. Saunders,journalist addressed in the post,,,TWTR-06230,1,,proposed (9c slice)
E0741,Event,Endorsement-Gate,Endorsement-Gate,controversy linked to subscriber cancellations,,,BSKY-02002,1,,proposed (9c slice)
P3256,Person,McElroy,McElroy,person who accepted the original offer,,,TWTR-18667,2,,proposed (9c slice)
O2206,Organization,Colorado Public Radio,Colorado Public Radio,news organization reporting the development,Colorado Public Radio,,TWTR-16571,1,,proposed (9c slice)
O2207,Organization,consortium of Colorado newsrooms,consortium of Colorado newsrooms,group changing election coverage approach,Colorado,,TWTR-16571,1,,proposed (9c slice)
E0743,Event,attack on the US Capitol,attack on the US Capitol,event invoked in the suggested rewrite,United States Capitol,,TWTR-24287,1,,proposed (9c slice)
P3258,Person,emptywheel,emptywheel,writer cited by handle,,,TWTR-12017,2,,proposed (9c slice)
E0745,Event,Trump re-election campaign,Trump re-election campaign,campaign said to confront journalists with a question,Donald Trump,,TWTR-05565,1,,proposed (9c slice)
W1308,Work,article,article,piece criticized for failing evidentiary standards,,,TWTR-16385,2,,proposed (9c slice)
O2209,Organization,Federal Communication Communication,Federal Communication Communication,regulator said to have forced the ombudsman on CBS News,,,BSKY-00267,1,,proposed (9c slice)
P3261,Person,Michael Shear,Michael Shear,reporter identified by handle @shearm,,,TWTR-01521,1,,proposed (9c slice)
E0749,Event,today's briefing,today's briefing,briefing where the question was asked,,,TWTR-01521,1,,proposed (9c slice)
E0754,Event,the escalator ride,the escalator ride,reference point marking ten years since Trump's campaign launch,,,BSKY-00881,1,,proposed (9c slice)
E0757,Event,head-to-head contest,head-to-head contest,format NBC is accused of creating for Trump,,,TWTR-04565,1,,proposed (9c slice)
P3263,Person,Trump officials,Trump officials,officials whose lies and smears should not be amplified,,,BSKY-00314,1,,proposed (9c slice)
P3264,Person,David Bauder,David Bauder,media reporter for AP,AP,,BSKY-01566,1,,proposed (9c slice)
W1311,Work,On the Media's rules,On the Media's rules,set of rules referenced as a lesson,,,BSKY-00233,1,,proposed (9c slice)
W1312,Work,Cybertruck explosion in Las Vegas,Cybertruck explosion in Las Vegas,starting point of the column's scope,,,BSKY-01836,1,,proposed (9c slice)
W1313,Work,today's column,today's column,column being praised,,,BSKY-01836,1,,proposed (9c slice)
E0760,Event,Tea Party,Tea Party,movement cited as earlier source of similar ideas,,,TWTR-06316,1,,proposed (9c slice)
P3265,Person,Bragg,Bragg,district attorney proposed as the protagonist,,,TWTR-19916,1,,proposed (9c slice)
O2212,Organization,grand jury,grand jury,body that took actions changing the status quo,,,TWTR-19916,1,,proposed (9c slice)
O2213,Organization,government of the Philippines,government of the Philippines,government that would have received an official complaint,,,TWTR-07645,1,,proposed (9c slice)
O2214,Organization,faculty senate,faculty senate,body allegedly misled,,,TWTR-18664,2,,proposed (9c slice)
O2215,Organization,press freedom organizations,press freedom organizations,organizations involved in organizing opposition,,,BSKY-03122,1,,proposed (9c slice)
E0761,Event,Paramount merger,Paramount merger,merger being opposed,,,BSKY-03122,1,,proposed (9c slice)
P3266,Person,CEO of Univision,CEO of Univision,executive criticizing other coverage and praising Trump-friendly style,Univision,,TWTR-17295,1,,proposed (9c slice)
E0762,Event,April 7 events,April 7 events,events described in the linked story,,,TWTR-09309,1,,proposed (9c slice)
W1316,Work,story,story,story about what happened on April 7,,,TWTR-09309,1,,proposed (9c slice)
O2217,Organization,Waze,Waze,company formerly led by Noam Bardin,,,TWTR-20983,1,,proposed (9c slice)
P3269,Person,Noam Bardin,Noam Bardin,former Waze CEO and founder of Post News,Post News,,TWTR-20983,1,,proposed (9c slice)
O2218,Organization,Post News,Post News,social network aiming to pay news publishers,,,TWTR-20983,1,,proposed (9c slice)
P3270,Person,Scott Galloway,Scott Galloway,investor in Post News,,,TWTR-20983,1,,proposed (9c slice)
P3271,Person,Nina Bernstein,Nina Bernstein,former New York Times reporter quoted on institutional timidities,The New York Times,,TWTR-24613,1,,proposed (9c slice)
O2221,Organization,local newsrooms,local newsrooms,newsrooms dealing with angry conservatives,,,TWTR-16385,1,,proposed (9c slice)
O2222,Organization,angry conservatives,angry conservatives,group local newsrooms are dealing with,,,TWTR-16385,1,,proposed (9c slice)
W1317,Work,Trump's second term,Trump's second term,prospective political period to be covered accurately,,,BSKY-01407,1,,proposed (9c slice)
W1318,Work,Top Journalism Linkers,Top Journalism Linkers,Twitter list used as a critical tool,,,BSKY-01636,1,,proposed (9c slice)
L0365,Location,Bleecker Street,Bleecker Street,street location mentioned in the post,,,TWTR-09353,1,,proposed (9c slice)
O2224,Organization,Brookings,Brookings,institution where Mann was based,,,MAST-00316,1,,proposed (9c slice)
W1319,Work,"""Let's Just Say It: The Republicans Are the Problem""","""Let's Just Say It: The Republicans Are the Problem""",2012 Washington Post opinion piece,Washington Post,,MAST-00316,1,,proposed (9c slice)
P3273,Person,Jeff German,Jeff German,investigative reporter who was stabbed,Las Vegas Review-Journal,,MAST-00300,1,,proposed (9c slice)
O2226,Organization,Las Vegas Review-Journal,Las Vegas Review-Journal,German's newspaper and Washington Post's partner on the follow-up story,,,MAST-00300,1,,proposed (9c slice)
W1320,Work,mormon ponzi scheme story,mormon ponzi scheme story,published story completed after German's death,Washington Post and Las Vegas Review-Journal,,MAST-00300,1,,proposed (9c slice)
O2227,Organization,outlets,outlets,news outlets whose access would be decided by the White House,,,BSKY-01579,1,,proposed (9c slice)
O2228,Organization,local news startup,local news startup,startup partnering on the spring project,,,MAST-00351,1,,proposed (9c slice)
L0367,Location,NYC,NYC,city where the startup is located,,,MAST-00351,1,,proposed (9c slice)
W1322,Work,recent column,recent column,column by Masha Gessen referenced in the post,,,BSKY-01172,1,,proposed (9c slice)
P3274,Person,Murphy,Murphy,person said by CNN sources to have struggled with a decision,,,TWTR-03023,1,,proposed (9c slice)
P3275,Person,Stephanopoulos,Stephanopoulos,interviewer being evaluated,,,TWTR-17468,1,,proposed (9c slice)
P3276,Person,Scalise,Scalise,interview subject in the clip,,,TWTR-17468,1,,proposed (9c slice)
O2233,Organization,faculty,faculty,group described as incredulous,,,TWTR-18665,1,,proposed (9c slice)
O2234,Organization,Internet Archive,Internet Archive,resource used to reconstruct the deleted thread,,,TWTR-21382,1,,proposed (9c slice)
W1324,Work,thread,thread,deleted 2020 thread reconstructed in the post,,,TWTR-21382,2,,proposed (9c slice)
E0772,Event,the Capitol attack,the Capitol attack,event referenced by Baker as the crowd marching on the Capitol,,,TWTR-01904,1,,proposed (9c slice)
P3278,Person,Matea Gold,Matea Gold,national editor quoted about the coverage goal,Washington Post,,TWTR-17495,1,,proposed (9c slice)
O2237,Organization,media brands,media brands,outlets warned about caving to Trump,,,BSKY-00201,1,,proposed (9c slice)
E0774,Event,press briefings,press briefings,briefings the press should attend but not carry live,,,TWTR-09863,1,,proposed (9c slice)
E0777,Event,Thursday's prime-time hearing,Thursday's prime-time hearing,hearing CBS will carry,,,TWTR-22739,1,,proposed (9c slice)
O2239,Organization,news division,news division,CBS division whose legitimacy would be affected,CBS,,TWTR-22739,1,,proposed (9c slice)
P3279,Person,Patrick Soon-Shiong,Patrick Soon-Shiong,owner imposing editorial policy,Los Angeles Times,,BSKY-01891,1,,proposed (9c slice)
P3281,Person,Phillips,Phillips,scholar cited for introducing a term,,,TWTR-08931,1,,proposed (9c slice)
O2240,Organization,major brands,major brands,companies or organizations that stopped posting,,,BSKY-02877,1,,proposed (9c slice)
E0778,Event,Mueller testimony,Mueller testimony,testimony that prompted the thread,,,TWTR-13871,1,,proposed (9c slice)
O2241,Organization,Colorado Newsline,Colorado Newsline,newsroom changing coverage priorities,,,TWTR-17744,1,,proposed (9c slice)
P3282,Person,Quentin Young,Quentin Young,editor making the announcement,Colorado Newsline,,TWTR-17744,1,,proposed (9c slice)
P3283,Person,Mieke Eoyang,Mieke Eoyang,author of the chart and quoted analyst,,,TWTR-14370,1,,proposed (9c slice)
E0779,Event,Constitutional Convention of 1787,Constitutional Convention of 1787,historical event in Franklin anecdote,,,TWTR-03572,1,,proposed (9c slice)
O2247,Organization,The New York Times politics desk,The New York Times politics desk,news reporting unit referred to as @nytpolitics,The New York Times,,TWTR-07504,1,,proposed (9c slice)
O2248,Organization,Colorado newsrooms,Colorado newsrooms,news organizations collaborating on election coverage changes,,,TWTR-16533,1,,proposed (9c slice)
E0782,Event,2024 election coverage,2024 election coverage,coverage period being discussed,,,TWTR-16533,1,,proposed (9c slice)
W1326,Work,A Trump dictatorship is increasingly inevitable. We should stop pretending.,A Trump dictatorship is increasingly inevitable. We should stop pretending.,article or piece described as bone-chilling,Washington Post,,BSKY-02672,1,,proposed (9c slice)
O2250,Organization,the mainstream press,the mainstream press,news media being criticized,,,TWTR-16060,1,,proposed (9c slice)
P3286,Person,Federal judge,Federal judge,judge who exonerated Fox,,,TWTR-05108,1,,proposed (9c slice)
E0783,Event,the siege,the siege,attack referenced as the trigger for newsroom priorities,,,TWTR-01911,1,,proposed (9c slice)
L0369,Location,state capitals,state capitals,potential sites of future sieges,,,TWTR-01911,1,,proposed (9c slice)
P3287,Person,Khashoggi,Khashoggi,murder victim referenced by surname,,,TWTR-02442,1,,proposed (9c slice)
W1327,Work,new doc about Khashoggi’s killing,new doc about Khashoggi’s killing,documentary that cannot find a streaming service,,,TWTR-02442,1,,proposed (9c slice)
P3288,Person,Oscar-winning director,Oscar-winning director,director of the documentary,,,TWTR-02442,1,,proposed (9c slice)
O2251,Organization,streaming service,streaming service,distribution platform unwilling to carry the documentary,,,TWTR-02442,1,,proposed (9c slice)
E0784,Event,last week's rebellion at the New York Times,last week's rebellion at the New York Times,event interpreted in the post,The New York Times,,TWTR-07878,1,,proposed (9c slice)
W1329,Work,soberbriefing,soberbriefing,today's briefing referenced in the post,,,TWTR-09652,1,,proposed (9c slice)
L0370,Location,the building,the building,physical White House building referenced in contrast to the institution,,,TWTR-12823,1,,proposed (9c slice)
O2253,Organization,U.S. conservatives,U.S. conservatives,political group said not to understand journalism's purpose,,,TWTR-03578,1,,proposed (9c slice)
W1330,Work,Dominion suit,Dominion suit,legal case establishing internal Fox reactions,,,TWTR-20295,1,,proposed (9c slice)
P3289,Person,Suzanne Scott,Suzanne Scott,Fox CEO cited as an example,Fox,,TWTR-20295,1,,proposed (9c slice)
P3290,Person,Leonnig,Leonnig,co-author who conducted interviews about the Trump presidency,,,TWTR-11088,1,,proposed (9c slice)
P3291,Person,Rucker,Rucker,co-author who conducted interviews about the Trump presidency,,,TWTR-11088,1,,proposed (9c slice)
P3292,Person,Hugh,Hugh,person who disagrees and changes the room dynamic,,,TWTR-11088,1,,proposed (9c slice)
P3293,Person,Guthrie,Guthrie,journalist whose performance is discussed,NBC,,TWTR-04503,1,,proposed (9c slice)
P3294,Person,John Fetterman,John Fetterman,politician involved in NBC's interactions,,,TWTR-21492,1,,proposed (9c slice)
E0787,Event,weekend events,weekend events,events referenced by the quoted writer,,,TWTR-20048,1,,proposed (9c slice)
P3295,Person,Julie K. Brown,Julie K. Brown,journalist thanked for persisting,,,TWTR-24528,1,,proposed (9c slice)
E0789,Event,this election cycle,this election cycle,time period for the comparison,,,TWTR-15911,1,,proposed (9c slice)
P3297,Person,Mr. Weisman,Mr. Weisman,journalist criticized for 'both sides' framing,,,TWTR-20208,1,,proposed (9c slice)
P3298,Person,Baquet,Baquet,news leader contrasted with Baron,,,TWTR-08058,1,,proposed (9c slice)
P3299,Person,Baron,Baron,news leader contrasted with Baquet,,,TWTR-08058,1,,proposed (9c slice)
W1331,Work,30 Rock,30 Rock,TV show referenced via insiders,,,TWTR-21894,1,,proposed (9c slice)
E0790,Event,press conference at the Center for Disease Control,press conference at the Center for Disease Control,press event being revisited,,,TWTR-10367,1,,proposed (9c slice)
O2265,Organization,Center for Disease Control,Center for Disease Control,public health institution hosting the press conference,U.S. government,,TWTR-10367,1,,proposed (9c slice)
P3303,Person,Mr. Electrico,Mr. Electrico,podcast participant,,,TWTR-11578,1,,proposed (9c slice)
P3304,Person,Blue Gal,Blue Gal,podcast participant,,,TWTR-11578,1,,proposed (9c slice)
P3305,Person,Marty Schladen,Marty Schladen,reporter quoted and recommended,,,TWTR-16189,1,,proposed (9c slice)
P3306,Person,Joe Hill,Joe Hill,person credited for passing along the thread,,,TWTR-16189,1,,proposed (9c slice)
W1332,Work,new post,new post,article by the author,,,TWTR-00252,2,,proposed (9c slice)
W1333,Work,hour-long special,hour-long special,TV special created by Jake Tapper,CNN,,TWTR-11892,1,,proposed (9c slice)
W1334,Work,They Brought a Tote Bag to a Knife Fight,They Brought a Tote Bag to a Knife Fight,2011 post cited as relevant,,,TWTR-16470,1,,proposed (9c slice)
P3307,Person,Sarah Longwell,Sarah Longwell,publisher interviewed in the post,The Bulwark,,BSKY-00009,1,,proposed (9c slice)
E0791,Event,Capitol ceremony for police officer Brian Sicknick,Capitol ceremony for police officer Brian Sicknick,ceremony the post says television news should show,,,TWTR-01163,1,,proposed (9c slice)
P3308,Person,Brian Sicknick,Brian Sicknick,police officer honored at the ceremony,U.S. Capitol Police,,TWTR-01163,1,,proposed (9c slice)
E0792,Event,January 6 riot,January 6 riot,riot in which Sicknick died,,,TWTR-01163,1,,proposed (9c slice)
O2267,Organization,intelligence services,intelligence services,government services attacked by the subject,U.S. government,,TWTR-12955,1,,proposed (9c slice)
P3310,Person,deans,deans,academic leaders losing faith in the institution,Texas A&M University,,TWTR-18553,1,,proposed (9c slice)
P3312,Person,Robert Reich,Robert Reich,person being agreed with,,,TWTR-21975,1,,proposed (9c slice)
W1338,Work,Reliable Sources newsletter,Reliable Sources newsletter,CNN newsletter cited in the post,CNN,,TWTR-17229,1,,proposed (9c slice)
O2270,Organization,Fox audience,Fox audience,audience treated as a distinct polling group,Fox News,,TWTR-18428,1,,proposed (9c slice)
O2271,Organization,Republican electorate,Republican electorate,larger electorate within which Fox audience is situated,Republican Party,,TWTR-18428,1,,proposed (9c slice)
P3313,Person,The Plum Line's Greg Sargent,The Plum Line's Greg Sargent,analyst credited by handle,The Plum Line,,TWTR-18428,1,,proposed (9c slice)
P3314,Person,Antonia Hylton,Antonia Hylton,producer and correspondent whose reply is highlighted,Vice News,,TWTR-14038,1,,proposed (9c slice)
O2272,Organization,Vice News,Vice News,news organization employing Hylton,Vice News,,TWTR-14038,1,,proposed (9c slice)
E0795,Event,Eric Boehlert's passing,Eric Boehlert's passing,death referenced in the post,,,TWTR-23477,1,,proposed (9c slice)
