id,url,processed_on,Notes
URL1,https://medium.com/centerforcooperativemedia/beyond-the-democracy-desk-why-u-s-newsrooms-need-to-become-explicitly-pro-democracy-a650d7ddd0cd,10/11/2025 18:24:53,FAILED - Scraping failed: 429 Client Error: Too Many Requests for url: https://medium.com/centerforcooperativemedia/beyond-the-democracy-desk-why-u-s-newsrooms-need-to-become-explicitly-pro-democracy-a650d7ddd0cd
URL2,https://pressthink.org/2020/11/the-coming-confrontation-between-the-american-press-and-the-republican-party/#p16,10/11/2025 18:24:56,"SUCCESS - ID: PRESSTH-00001, Author: Jay Rosen, PDF generated"
URL3,https://pressthink.org/2019/08/bad-headline-small-changes-at-the-new-york-times/,10/11/2025 18:24:58,"SUCCESS - ID: PRESSTH-00002, Author: Jay Rosen, PDF generated"
URL4,http://archive.pressthink.org/2003/08/25/recall_cliches.html,10/11/2025 18:25:02,"SUCCESS - ID: ARCHIVEP-00001, Author: Jay Rosen, PDF generated"
URL5,http://archive.pressthink.org/2003/08/29/sloganeering.html,10/11/2025 18:25:05,"SUCCESS - ID: ARCHIVEP-00002, Author: Jay Rosen, PDF generated"
URL6,https://pressthink.org/2021/11/the-heres-where-were-coming-from-statement-in-journalism/,10/11/2025 18:25:07,"SUCCESS - ID: PRESSTH-00003, Author: Jay Rosen, PDF generated"
URL7,https://pressthink.org/2017/09/normalizing-trump-incredibly-brief-explainer/,10/11/2025 18:25:10,"SUCCESS - ID: PRESSTH-00004, Author: Jay Rosen, PDF generated"
URL8,https://pressthink.org/2012/04/rosens-trust-puzzler-what-explains-falling-confidence-in-the-press/,10/11/2025 18:25:13,"SUCCESS - ID: PRESSTH-00005, Author: Jay Rosen, PDF generated"
URL9,http://archive.pressthink.org/2003/08/18/introduction_ghost_p.html,10/11/2025 18:25:14,FAILED - Scraping failed: 404 Client Error: Not Found for url: http://archive.pressthink.org/2003/08/18/introduction_ghost_p.html
URL10,http://archive.pressthink.org/2005/03/08/nlsn_blg_p.html,10/11/2025 18:25:16,"SUCCESS - ID: ARCHIVEP-00004, Author: Jay Rosen, PDF failed"
URL11,http://archive.pressthink.org/2004/08/27/rnc_jitter_p.html,10/11/2025 18:25:18,"SUCCESS - ID: ARCHIVEP-00001, Author: Jay Rosen, PDF generated"
URL12,http://archive.pressthink.org/2006/09/20/rts_gft_p.html,10/11/2025 18:25:19,"SUCCESS - ID: ARCHIVEP-00002, Author: Jay Rosen, PDF generated"
URL13,http://archive.pressthink.org/2005/06/10/frkn_nro_p.html,10/11/2025 18:25:21,"SUCCESS - ID: ARCHIVEP-00003, Author: Jay Rosen, PDF generated"
URL14,http://archive.pressthink.org/2005/12/24/spy_nyt_p.html,10/11/2025 18:25:23,"SUCCESS - ID: ARCHIVEP-00004, Author: Jay Rosen, PDF failed"
URL15,http://archive.pressthink.org/2008/01/20/the_campaign_pr_p.html,10/11/2025 18:25:24,"SUCCESS - ID: ARCHIVEP-00005, Author: Jay Rosen, PDF generated"
URL16,http://archive.pressthink.org/2008/02/28/three_bizarre_v_p.html,10/11/2025 18:25:26,"SUCCESS - ID: ARCHIVEP-00006, Author: Jay Rosen, PDF generated"
URL17,http://archive.pressthink.org/2004/11/16/snclr_vision_p.html,10/11/2025 18:25:28,"SUCCESS - ID: ARCHIVEP-00007, Author: Jay Rosen, PDF generated"
URL18,http://archive.pressthink.org/2008/03/04/three_stories_f_p.html,10/11/2025 18:25:29,"SUCCESS - ID: ARCHIVEP-00008, Author: Jay Rosen, PDF generated"
URL19,https://pressthink.org/2018/11/letter-to-my-network-join-the-correspondent/,10/11/2025 18:25:32,"SUCCESS - ID: PRESSTH-00001, Author: Jay Rosen, PDF generated"
URL20,https://pressthink.org/2016/12/prospects-american-press-trump-part-two/,10/11/2025 18:25:34,"SUCCESS - ID: PRESSTH-00002, Author: Jay Rosen, PDF generated"
URL21,https://www.latimes.com/opinion/la-oew-rosen22aug22-story.html,10/11/2025 18:25:36,"SUCCESS - ID: WWWLATIM-00001, Author: ByJay RosenAug. 22, 200712 AM PT, PDF generated"
URL22,https://pressthink.org/2013/12/a-first-look-at-newcos-structure/,10/11/2025 18:25:39,"SUCCESS - ID: PRESSTH-00001, Author: Jay Rosen, PDF generated"
URL23,https://www.cnet.com/culture/all-the-news-thats-fit-to-open-source/,10/11/2025 18:25:41,"SUCCESS - ID: WWWCNETC-00001, Author: Unknown Author, PDF generated"
URL24,https://poynder.blogspot.com/2006/03/open-source-journalism.html,10/11/2025 18:25:43,"SUCCESS - ID: POYNDERB-00001, Author: Posted byRichard Poynder, PDF generated"
URL25,http://archive.pressthink.org/2003/09/01/introduction_ghost.html,10/11/2025 18:25:46,"SUCCESS - ID: ARCHIVEP-00001, Author: Jay Rosen, PDF generated"
URL26,http://archive.pressthink.org/2003/10/30/fox_thememo.html,10/11/2025 18:25:49,"SUCCESS - ID: ARCHIVEP-00002, Author: Jay Rosen, PDF generated"
URL27,http://archive.pressthink.org/2003/09/03/cjr_authority.html,10/11/2025 18:25:53,"SUCCESS - ID: ARCHIVEP-00003, Author: Jay Rosen, PDF generated"
URL28,http://archive.pressthink.org/2003/09/08/basics_master.html,10/11/2025 18:25:58,"SUCCESS - ID: ARCHIVEP-00004, Author: Jay Rosen, PDF generated"
URL29,http://archive.pressthink.org/2003/09/09/ashcroft_print.html,10/11/2025 18:26:01,"SUCCESS - ID: ARCHIVEP-00005, Author: Jay Rosen, PDF generated"
URL30,http://archive.pressthink.org/2003/09/10/times_flagship.html,10/11/2025 18:26:04,"SUCCESS - ID: ARCHIVEP-00006, Author: Jay Rosen, PDF generated"
URL31,http://archive.pressthink.org/2003/09/08/advance_man.html,10/11/2025 18:26:07,"SUCCESS - ID: ARCHIVEP-00001, Author: Jay Rosen, PDF generated"
URL32,http://archive.pressthink.org/2003/09/09/interview_nicolosi.html,10/11/2025 18:26:11,"SUCCESS - ID: ARCHIVEP-00002, Author: Jay Rosen, PDF generated"
URL33,http://archive.pressthink.org/2003/09/16/ashcroft_rationale.html,10/11/2025 18:26:14,"SUCCESS - ID: ARCHIVEP-00003, Author: Jay Rosen, PDF generated"
URL34,http://archive.pressthink.org/2003/09/16/interview_gitlin.html,10/11/2025 18:26:17,"SUCCESS - ID: ARCHIVEP-00004, Author: Jay Rosen, PDF generated"
URL35,http://archive.pressthink.org/2003/09/13/bee_governor.html,10/11/2025 18:26:21,"SUCCESS - ID: ARCHIVEP-00005, Author: Jay Rosen, PDF generated"
URL36,http://archive.pressthink.org/2003/09/23/bee_blog.html,10/11/2025 18:26:24,"SUCCESS - ID: ARCHIVEP-00006, Author: Jay Rosen, PDF generated"
URL37,http://archive.pressthink.org/2003/09/18/jennings.html,10/11/2025 18:26:27,"SUCCESS - ID: ARCHIVEP-00007, Author: Jay Rosen, PDF generated"
URL38,http://archive.pressthink.org/2003/09/22/shafer_slate.html,10/11/2025 18:26:30,"SUCCESS - ID: ARCHIVEP-00008, Author: Jay Rosen, PDF generated"
URL39,http://archive.pressthink.org/2003/09/24/too_negative.html,10/11/2025 18:26:34,"SUCCESS - ID: ARCHIVEP-00009, Author: Jay Rosen, PDF generated"
URL40,http://archive.pressthink.org/2003/09/25/jjarvis_one.html,10/11/2025 18:26:37,"SUCCESS - ID: ARCHIVEP-00010, Author: Jay Rosen, PDF generated"
URL41,http://archive.pressthink.org/2003/09/29/merrill_brown.html,10/11/2025 18:26:41,"SUCCESS - ID: ARCHIVEP-00001, Author: Jay Rosen, PDF generated"
URL42,http://archive.pressthink.org/2003/09/26/ashcroft_latimes.html,10/11/2025 18:26:44,"SUCCESS - ID: ARCHIVEP-00002, Author: Jay Rosen, PDF generated"
URL43,http://archive.pressthink.org/2003/09/28/american_ground.html,10/11/2025 18:26:50,"SUCCESS - ID: ARCHIVEP-00003, Author: Jay Rosen, PDF generated"
URL44,http://archive.pressthink.org/2003/09/30/falcone_sentence.html,10/11/2025 18:26:53,"SUCCESS - ID: ARCHIVEP-00004, Author: Jay Rosen, PDF generated"
URL45,http://archive.pressthink.org/2003/11/17/dumb_politics.html,10/11/2025 18:26:57,"SUCCESS - ID: ARCHIVEP-00005, Author: Jay Rosen, PDF generated"
URL46,http://archive.pressthink.org/2003/11/05/npr_opinion.html,10/11/2025 18:27:00,"SUCCESS - ID: ARCHIVEP-00006, Author: Jay Rosen, PDF generated"
URL47,http://archive.pressthink.org/2003/11/11/downie_dodge.html,10/11/2025 18:27:03,"SUCCESS - ID: ARCHIVEP-00007, Author: Jay Rosen, PDF generated"
URL48,http://archive.pressthink.org/2003/11/08/new_key.html,10/11/2025 18:27:07,"SUCCESS - ID: ARCHIVEP-00008, Author: Jay Rosen, PDF generated"
URL49,http://archive.pressthink.org/2003/11/18/cone_dean.html,10/11/2025 18:27:10,"SUCCESS - ID: ARCHIVEP-00009, Author: Jay Rosen, PDF generated"
URL50,http://archive.pressthink.org/2003/11/14/baquet_exit.html,10/11/2025 18:27:14,"SUCCESS - ID: ARCHIVEP-00010, Author: Jay Rosen, PDF generated"
URL51,http://archive.pressthink.org/2003/11/01/gross_fox.html,10/11/2025 18:27:17,"SUCCESS - ID: ARCHIVEP-00001, Author: Jay Rosen, PDF generated"
URL52,http://archive.pressthink.org/2003/11/22/spin_alley.html,10/11/2025 18:27:21,"SUCCESS - ID: ARCHIVEP-00002, Author: Jay Rosen, PDF generated"
URL53,http://archive.pressthink.org/2003/10/01/front_line.html,10/11/2025 18:27:24,"SUCCESS - ID: ARCHIVEP-00003, Author: Jay Rosen, PDF generated"
URL54,http://archive.pressthink.org/2003/11/25/public_editor.html,10/11/2025 18:27:28,"SUCCESS - ID: ARCHIVEP-00004, Author: Jay Rosen, PDF generated"
URL55,http://archive.pressthink.org/2003/10/14/fox_riddle.html,10/11/2025 18:27:29,"SUCCESS - ID: ARCHIVEP-00005, Author: Jay Rosen, PDF generated"
URL56,http://archive.pressthink.org/2003/10/13/carroll_defense.html,10/11/2025 18:27:33,"SUCCESS - ID: ARCHIVEP-00006, Author: Jay Rosen, PDF generated"
URL57,http://archive.pressthink.org/2003/10/07/postman_life.html,10/11/2025 18:27:36,"SUCCESS - ID: ARCHIVEP-00007, Author: Jay Rosen, PDF generated"
URL58,http://archive.pressthink.org/2003/10/09/jarvis_two.html,10/11/2025 18:27:40,"SUCCESS - ID: ARCHIVEP-00008, Author: Jay Rosen, PDF generated"
URL59,http://archive.pressthink.org/2003/10/16/radical_ten.html,10/11/2025 18:27:43,"SUCCESS - ID: ARCHIVEP-00009, Author: Jay Rosen, PDF generated"
URL60,http://archive.pressthink.org/2003/10/10/no_mans.html,10/11/2025 18:27:46,"SUCCESS - ID: ARCHIVEP-00010, Author: Jay Rosen, PDF generated"
URL61,http://archive.pressthink.org/2003/10/17/times_ranters.html,10/11/2025 18:27:50,"SUCCESS - ID: ARCHIVEP-00001, Author: Jay Rosen, PDF generated"
URL62,http://archive.pressthink.org/2003/10/05/apcar_weblogs.html,10/11/2025 18:27:53,"SUCCESS - ID: ARCHIVEP-00002, Author: Jay Rosen, PDF generated"
URL63,http://archive.pressthink.org/2003/10/04/conference_notes.html,10/11/2025 18:27:57,"SUCCESS - ID: ARCHIVEP-00003, Author: Jay Rosen, PDF generated"
URL64,http://archive.pressthink.org/2003/10/03/cole_campbell.html,10/11/2025 18:28:00,"SUCCESS - ID: ARCHIVEP-00004, Author: Jay Rosen, PDF generated"
URL65,http://archive.pressthink.org/2003/10/17/conserv_ten.html,10/11/2025 18:28:03,"SUCCESS - ID: ARCHIVEP-00005, Author: Jay Rosen, PDF generated"
URL66,http://archive.pressthink.org/2003/10/21/oreilly_voice.html,10/11/2025 18:28:07,"SUCCESS - ID: ARCHIVEP-00006, Author: Jay Rosen, PDF generated"
URL67,http://archive.pressthink.org/2003/10/19/sharlet_guest.html,10/11/2025 18:28:10,"SUCCESS - ID: ARCHIVEP-00007, Author: Jay Rosen, PDF generated"
URL68,http://archive.pressthink.org/2003/10/29/link_restored.html,10/11/2025 18:28:14,"SUCCESS - ID: ARCHIVEP-00008, Author: Jay Rosen, PDF generated"
URL69,http://archive.pressthink.org/2003/10/30/dominick_bias.html,10/11/2025 18:28:18,"SUCCESS - ID: ARCHIVEP-00009, Author: Jay Rosen, PDF generated"
URL70,http://archive.pressthink.org/2003/10/28/missing_link.html,10/11/2025 18:28:21,"SUCCESS - ID: ARCHIVEP-00010, Author: Jay Rosen, PDF generated"
URL71,http://archive.pressthink.org/2003/10/25/bias_answers.html,10/11/2025 18:28:25,"SUCCESS - ID: ARCHIVEP-00001, Author: Jay Rosen, PDF generated"
URL72,http://archive.pressthink.org/2003/10/24/bias_mrc.html,10/11/2025 18:28:28,"SUCCESS - ID: ARCHIVEP-00002, Author: Jay Rosen, PDF generated"
URL73,http://archive.pressthink.org/2003/10/24/bias_questions.html,10/11/2025 18:28:32,"SUCCESS - ID: ARCHIVEP-00003, Author: Jay Rosen, PDF generated"
URL74,http://archive.pressthink.org/2003/10/22/gross_question.html,10/11/2025 18:28:35,"SUCCESS - ID: ARCHIVEP-00004, Author: Jay Rosen, PDF generated"
URL75,http://archive.pressthink.org/2003/10/23/doc_inconclusive.html,10/11/2025 18:28:39,"SUCCESS - ID: ARCHIVEP-00005, Author: Jay Rosen, PDF generated"
URL76,http://archive.pressthink.org/2003/12/03/bush_trip.html,10/11/2025 18:28:42,"SUCCESS - ID: ARCHIVEP-00006, Author: Jay Rosen, PDF generated"
URL77,http://archive.pressthink.org/2003/12/09/shapiro_dean.html,10/11/2025 18:28:45,"SUCCESS - ID: ARCHIVEP-00007, Author: Jay Rosen, PDF generated"
URL78,http://archive.pressthink.org/2003/12/11/rutten_ombud.html,10/11/2025 18:28:49,"SUCCESS - ID: ARCHIVEP-00008, Author: Jay Rosen, PDF generated"
URL79,http://archive.pressthink.org/2003/12/05/benson_interview.html,10/11/2025 18:28:52,"SUCCESS - ID: ARCHIVEP-00009, Author: Jay Rosen, PDF generated"
URL80,http://archive.pressthink.org/2003/12/18/theory_blues.html,10/11/2025 18:28:56,"SUCCESS - ID: ARCHIVEP-00010, Author: Jay Rosen, PDF generated"
URL81,http://archive.pressthink.org/2003/12/17/nine_lines.html,10/11/2025 18:29:02,"SUCCESS - ID: ARCHIVEP-00001, Author: Jay Rosen, PDF generated"
URL82,http://archive.pressthink.org/2003/12/22/rich_clue.html,10/11/2025 18:29:06,"SUCCESS - ID: ARCHIVEP-00002, Author: Jay Rosen, PDF generated"
URL83,http://archive.pressthink.org/2003/12/24/sander_speech.html,10/11/2025 18:29:09,"SUCCESS - ID: ARCHIVEP-00003, Author: Jay Rosen, PDF generated"
URL84,http://archive.pressthink.org/2003/12/29/krugman_list.html,10/11/2025 18:29:13,"SUCCESS - ID: ARCHIVEP-00004, Author: Jay Rosen, PDF generated"
URL85,http://archive.pressthink.org/2004/03/25/con_prep_p.html,10/11/2025 18:29:14,"SUCCESS - ID: ARCHIVEP-00005, Author: Jay Rosen, PDF generated"
URL86,http://archive.pressthink.org/2003/10/10/no_mans_p.html,10/11/2025 18:29:16,"SUCCESS - ID: ARCHIVEP-00006, Author: Jay Rosen, PDF generated"
URL87,http://archive.pressthink.org/2004/10/04/satullo_view_p.html,10/11/2025 18:29:18,"SUCCESS - ID: ARCHIVEP-00007, Author: Jay Rosen, PDF generated"
URL88,http://archive.pressthink.org/2005/02/14/jdn_ltr_p.html,10/11/2025 18:29:19,"SUCCESS - ID: ARCHIVEP-00008, Author: Jay Rosen, PDF generated"
URL89,http://archive.pressthink.org/2004/02/07/crash_site_p.html,10/11/2025 18:29:21,"SUCCESS - ID: ARCHIVEP-00009, Author: Jay Rosen, PDF generated"
URL90,http://archive.pressthink.org/2003/10/24/bias_questions_p.html,10/11/2025 18:29:22,"SUCCESS - ID: ARCHIVEP-00010, Author: Jay Rosen, PDF generated"
URL91,http://archive.pressthink.org/2005/07/27/blg_hrcf_p.html,10/11/2025 18:29:27,"SUCCESS - ID: ARCHIVEP-00001, Author: Jay Rosen, PDF generated"
URL92,http://archive.pressthink.org/2005/01/12/rathr_ltr_p.html,10/11/2025 18:29:28,"SUCCESS - ID: ARCHIVEP-00002, Author: Jay Rosen, PDF generated"
URL93,http://archive.pressthink.org/2005/08/23/opn_thrd_p.html,10/11/2025 18:29:30,"SUCCESS - ID: ARCHIVEP-00003, Author: Jay Rosen, PDF generated"
URL94,http://archive.pressthink.org/2004/10/01/lehrer_deb_p.html,10/11/2025 18:29:31,"SUCCESS - ID: ARCHIVEP-00004, Author: Jay Rosen, PDF generated"
URL95,http://archive.pressthink.org/2007/06/27/mother_jones_p.html,10/11/2025 18:29:33,"SUCCESS - ID: ARCHIVEP-00005, Author: Jay Rosen, PDF generated"
URL96,http://archive.pressthink.org/2004/11/08/ijj_la_p.html,10/11/2025 18:29:35,"SUCCESS - ID: ARCHIVEP-00006, Author: Jay Rosen, PDF generated"
URL97,http://archive.pressthink.org/2005/09/16/opn_ltr_p.html,10/11/2025 18:29:36,"SUCCESS - ID: ARCHIVEP-00007, Author: Jay Rosen, PDF generated"
URL98,http://archive.pressthink.org/2008/06/26/pdf_p.html,10/11/2025 18:29:38,"SUCCESS - ID: ARCHIVEP-00008, Author: Jay Rosen, PDF generated"
URL99,http://archive.pressthink.org/2005/03/21/be_press_p.html,10/11/2025 18:29:40,"SUCCESS - ID: ARCHIVEP-00009, Author: Jay Rosen, PDF generated"
URL100,http://archive.pressthink.org/2003/11/11/downie_dodge_p.html,10/11/2025 18:29:41,"SUCCESS - ID: ARCHIVEP-00010, Author: Jay Rosen, PDF generated"
URL101,http://archive.pressthink.org/2004/10/29/mcgill_essay_p.html,10/11/2025 18:29:43,"SUCCESS - ID: ARCHIVEP-00001, Author: Jay Rosen, PDF generated"
URL102,http://archive.pressthink.org/2004/12/21/grnsbr_flw_p.html,10/11/2025 18:29:45,"SUCCESS - ID: ARCHIVEP-00002, Author: Jay Rosen, PDF generated"
URL103,http://archive.pressthink.org/2007/10/09/what_i_learned_p.html,10/11/2025 18:29:46,"SUCCESS - ID: ARCHIVEP-00003, Author: Jay Rosen, PDF generated"
URL104,http://archive.pressthink.org/2006/10/31/harper_basen_p.html,10/11/2025 18:29:48,"SUCCESS - ID: ARCHIVEP-00004, Author: Jay Rosen, PDF generated"
URL105,http://archive.pressthink.org/2006/04/09/waas_now_p.html,10/11/2025 18:29:49,"SUCCESS - ID: ARCHIVEP-00005, Author: Jay Rosen, PDF generated"
URL106,http://archive.pressthink.org/2003/12/24/sander_speech_p.html,10/11/2025 18:29:51,"SUCCESS - ID: ARCHIVEP-00006, Author: Jay Rosen, PDF generated"
URL107,http://archive.pressthink.org/2005/02/25/wht_prss_p.html,10/11/2025 18:29:53,"SUCCESS - ID: ARCHIVEP-00007, Author: Jay Rosen, PDF generated"
URL108,http://archive.pressthink.org/2005/05/06/deak_lc_p.html,10/11/2025 18:29:54,"SUCCESS - ID: ARCHIVEP-00008, Author: Jay Rosen, PDF generated"
URL109,http://archive.pressthink.org/2006/06/27/ppl_frmr_p.html,10/11/2025 18:29:56,"SUCCESS - ID: ARCHIVEP-00009, Author: Jay Rosen, PDF generated"
URL110,http://archive.pressthink.org/2007/05/01/when_fairness_r_p.html,10/11/2025 18:29:58,"SUCCESS - ID: ARCHIVEP-00010, Author: Jay Rosen, PDF generated"
URL111,http://archive.pressthink.org/2010/08/15/citizens_agenda_p.html,10/11/2025 18:29:59,"SUCCESS - ID: ARCHIVEP-00001, Author: Jay Rosen, PDF generated"
URL112,http://archive.pressthink.org/2004/08/08/unity_dc_p.html,10/11/2025 18:30:01,"SUCCESS - ID: ARCHIVEP-00002, Author: Jay Rosen, PDF generated"
URL113,http://archive.pressthink.org/2004/11/07/con_stanford_p.html,10/11/2025 18:30:03,"SUCCESS - ID: ARCHIVEP-00003, Author: Jay Rosen, PDF generated"
URL114,http://archive.pressthink.org/2004/09/01/swift_rnc_p.html,10/11/2025 18:30:04,"SUCCESS - ID: ARCHIVEP-00004, Author: Jay Rosen, PDF generated"
URL115,http://archive.pressthink.org/2006/03/17/nwsp_natr_p.html,10/11/2025 18:30:06,"SUCCESS - ID: ARCHIVEP-00005, Author: Jay Rosen, PDF generated"
URL116,http://archive.pressthink.org/2006/02/06/blu_plt_p.html,10/11/2025 18:30:08,"SUCCESS - ID: ARCHIVEP-00006, Author: Jay Rosen, PDF generated"
URL117,http://archive.pressthink.org/2008/04/28/madison_newsps_p.html,10/11/2025 18:30:09,"SUCCESS - ID: ARCHIVEP-00007, Author: Jay Rosen, PDF generated"
URL118,http://archive.pressthink.org/2005/01/26/bkm_iii_p.html,10/11/2025 18:30:11,"SUCCESS - ID: ARCHIVEP-00008, Author: Jay Rosen, PDF generated"
URL119,http://archive.pressthink.org/2004/01/29/blitzer_loser_p.html,10/11/2025 18:30:12,"SUCCESS - ID: ARCHIVEP-00009, Author: Jay Rosen, PDF generated"
URL120,http://archive.pressthink.org/2004/11/23/weldn_mv_p.html,10/11/2025 18:30:14,"SUCCESS - ID: ARCHIVEP-00010, Author: Jay Rosen, PDF generated"
URL121,http://archive.pressthink.org/2005/10/14/nc_mlr_p.html,10/11/2025 18:30:16,"SUCCESS - ID: ARCHIVEP-00001, Author: Jay Rosen, PDF generated"
URL122,http://archive.pressthink.org/2004/02/12/point_trippi_p.html,10/11/2025 18:30:17,"SUCCESS - ID: ARCHIVEP-00002, Author: Jay Rosen, PDF generated"
URL123,http://archive.pressthink.org/2006/11/02/pppp_ancr_p.html,10/11/2025 18:30:19,"SUCCESS - ID: ARCHIVEP-00003, Author: Jay Rosen, PDF generated"
URL124,http://archive.pressthink.org/2005/01/04/tptn_good_p.html,10/11/2025 18:30:21,"SUCCESS - ID: ARCHIVEP-00004, Author: Jay Rosen, PDF generated"
URL125,http://archive.pressthink.org/2004/06/09/reagan_words_p.html,10/11/2025 18:30:22,"SUCCESS - ID: ARCHIVEP-00005, Author: Jay Rosen, PDF generated"
URL126,http://archive.pressthink.org/2005/05/02/mig_dev_p.html,10/11/2025 18:30:24,"SUCCESS - ID: ARCHIVEP-00006, Author: Jay Rosen, PDF generated"
URL127,http://archive.pressthink.org/2004/10/08/cs_respond_p.html,10/11/2025 18:30:25,"SUCCESS - ID: ARCHIVEP-00007, Author: Jay Rosen, PDF generated"
URL128,http://archive.pressthink.org/2006/04/20/mcl_rlbk_p.html,10/11/2025 18:30:27,"SUCCESS - ID: ARCHIVEP-00008, Author: Jay Rosen, PDF generated"
URL129,http://archive.pressthink.org/2004/10/13/sinclair_acts_p.html,10/11/2025 18:30:29,"SUCCESS - ID: ARCHIVEP-00009, Author: Jay Rosen, PDF generated"
URL130,http://archive.pressthink.org/2006/03/13/sder_blogs_p.html,10/11/2025 18:30:31,"SUCCESS - ID: ARCHIVEP-00010, Author: Jay Rosen, PDF generated"
URL131,http://archive.pressthink.org/2004/09/10/herald_rules_p.html,10/11/2025 18:30:32,"SUCCESS - ID: ARCHIVEP-00001, Author: Jay Rosen, PDF generated"
URL132,http://archive.pressthink.org/2004/05/31/quarter_mil_p.html,10/11/2025 18:30:34,"SUCCESS - ID: ARCHIVEP-00002, Author: Jay Rosen, PDF generated"
URL133,http://archive.pressthink.org/2004/04/20/prsa_ryan_p.html,10/11/2025 18:30:36,"SUCCESS - ID: ARCHIVEP-00003, Author: Jay Rosen, PDF generated"
URL134,http://archive.pressthink.org/2004/05/01/koppel_statement_p.html,10/11/2025 18:30:37,"SUCCESS - ID: ARCHIVEP-00004, Author: Jay Rosen, PDF generated"
URL135,http://archive.pressthink.org/2004/10/08/e_fassihi_p.html,10/11/2025 18:30:39,"SUCCESS - ID: ARCHIVEP-00005, Author: Jay Rosen, PDF generated"
URL136,http://archive.pressthink.org/2007/08/21/help_make_my_bl_p.html,10/11/2025 18:30:40,"SUCCESS - ID: ARCHIVEP-00006, Author: Jay Rosen, PDF generated"
URL137,http://archive.pressthink.org/2005/02/01/akin_int_p.html,10/11/2025 18:30:42,"SUCCESS - ID: ARCHIVEP-00007, Author: Jay Rosen, PDF generated"
URL138,http://archive.pressthink.org/2005/03/29/nwsp_dwn_p.html,10/11/2025 18:30:44,"SUCCESS - ID: ARCHIVEP-00008, Author: Jay Rosen, PDF generated"
URL139,http://archive.pressthink.org/2005/05/11/steve_smith_p.html,10/11/2025 18:14:18,"SUCCESS - ID: ARCHIVEP-00009, Author: Jay Rosen, PDF generated"
URL140,http://archive.pressthink.org/2003/10/17/times_ranters_p.html,10/11/2025 18:14:19,"SUCCESS - ID: ARCHIVEP-00010, Author: Jay Rosen, PDF generated"
URL141,http://archive.pressthink.org/2004/01/25/davos_sketch_p.html,10/11/2025 18:14:21,"SUCCESS - ID: ARCHIVEP-00001, Author: Jay Rosen, PDF generated"
URL142,http://archive.pressthink.org/2004/07/12/after_spin_p.html,,
URL143,http://archive.pressthink.org/2004/12/29/tp04_lctr_p.html,10/11/2025 18:30:54,"SUCCESS - ID: ARCHIVEP-00003, Author: Jay Rosen, PDF generated"
URL144,http://archive.pressthink.org/2005/08/31/gn_fshg_p.html,10/11/2025 18:30:55,"SUCCESS - ID: ARCHIVEP-00004, Author: Jay Rosen, "
URL145,http://archive.pressthink.org/2004/08/31/cnn_rnc_p.html,10/11/2025 18:30:57,"SUCCESS - ID: ARCHIVEP-00005, Author: Jay Rosen, PDF generated"
URL146,http://archive.pressthink.org/2004/01/23/davos_masses_p.html,10/11/2025 18:30:59,"SUCCESS - ID: ARCHIVEP-00006, Author: Jay Rosen, PDF generated"
URL147,http://archive.pressthink.org/2004/08/03/ep_column_p.html,10/11/2025 18:31:00,"SUCCESS - ID: ARCHIVEP-00007, Author: Jay Rosen, PDF generated"
URL148,http://archive.pressthink.org/2003/11/14/baquet_exit_p.html,10/11/2025 18:31:02,"SUCCESS - ID: ARCHIVEP-00008, Author: Jay Rosen, PDF generated"
URL149,http://archive.pressthink.org/2004/03/25/neil_tribute_p.html,10/11/2025 18:31:03,"SUCCESS - ID: ARCHIVEP-00009, Author: Jay Rosen, PDF generated"
URL150,http://archive.pressthink.org/2006/08/08/pl_bass_p.html,10/11/2025 18:31:05,"SUCCESS - ID: ARCHIVEP-00010, Author: Jay Rosen, PDF generated"
URL151,http://archive.pressthink.org/2003/09/16/interview_gitlin_p.html,10/11/2025 18:31:06,"SUCCESS - ID: ARCHIVEP-00001, Author: Jay Rosen, PDF generated"
URL152,http://archive.pressthink.org/2003/09/16/ashcroft_rationale_p.html,10/11/2025 18:31:08,"SUCCESS - ID: ARCHIVEP-00002, Author: Jay Rosen, PDF generated"
URL153,http://archive.pressthink.org/2004/08/09/unity_letters_p.html,10/11/2025 18:31:10,"SUCCESS - ID: ARCHIVEP-00003, Author: Jay Rosen, PDF generated"
URL154,http://archive.pressthink.org/2003/09/22/shafer_slate_p.html,10/11/2025 18:31:11,"SUCCESS - ID: ARCHIVEP-00004, Author: Jay Rosen, PDF generated"
URL155,http://archive.pressthink.org/2003/08/29/sloganeering_p.html,10/11/2025 18:31:13,"SUCCESS - ID: ARCHIVEP-00005, Author: Jay Rosen, PDF generated"
URL156,http://archive.pressthink.org/2004/04/25/bush_muscle_p.html,10/11/2025 18:31:14,"SUCCESS - ID: ARCHIVEP-00006, Author: Jay Rosen, PDF generated"
URL157,http://archive.pressthink.org/2008/03/18/obama_to_the_be_p.html,10/11/2025 18:31:16,"SUCCESS - ID: ARCHIVEP-00007, Author: Jay Rosen, PDF generated"
URL158,http://archive.pressthink.org/2006/05/07/snw_goss_p.html,10/11/2025 18:31:18,"SUCCESS - ID: ARCHIVEP-00008, Author: Jay Rosen, PDF generated"
URL159,http://archive.pressthink.org/2003/10/04/conference_notes_p.html,10/11/2025 18:31:19,"SUCCESS - ID: ARCHIVEP-00009, Author: Jay Rosen, PDF generated"
URL160,http://archive.pressthink.org/2009/03/30/huffpost_fnd_p.html,10/11/2025 18:31:21,"SUCCESS - ID: ARCHIVEP-00010, Author: Jay Rosen, PDF generated"
URL161,http://archive.pressthink.org/2004/10/19/more_sbg_p.html,10/11/2025 18:31:23,"SUCCESS - ID: ARCHIVEP-00001, Author: Jay Rosen, PDF generated"
URL162,http://archive.pressthink.org/2003/09/26/ashcroft_latimes_p.html,10/11/2025 18:31:24,"SUCCESS - ID: ARCHIVEP-00002, Author: Jay Rosen, PDF generated"
URL163,http://archive.pressthink.org/2004/08/02/bos_debrief_p.html,10/11/2025 18:31:26,"SUCCESS - ID: ARCHIVEP-00003, Author: Jay Rosen, PDF generated"
URL164,http://archive.pressthink.org/2004/07/16/revealer_forum_p.html,10/11/2025 18:31:27,"SUCCESS - ID: ARCHIVEP-00004, Author: Jay Rosen, PDF generated"
URL165,http://archive.pressthink.org/2003/11/18/cone_dean_p.html,10/11/2025 18:31:29,"SUCCESS - ID: ARCHIVEP-00005, Author: Jay Rosen, PDF generated"
URL166,http://archive.pressthink.org/2004/08/30/rnc_red_p.html,10/11/2025 18:31:31,"SUCCESS - ID: ARCHIVEP-00006, Author: Jay Rosen, PDF generated"
URL167,http://archive.pressthink.org/2003/09/28/american_ground_p.html,10/11/2025 18:31:32,"SUCCESS - ID: ARCHIVEP-00007, Author: Jay Rosen, PDF generated"
URL168,http://archive.pressthink.org/2004/11/01/wein_traub_p.html,10/11/2025 18:31:34,"SUCCESS - ID: ARCHIVEP-00008, Author: Jay Rosen, PDF generated"
URL169,http://archive.pressthink.org/2005/10/21/brk_pt_p.html,10/11/2025 18:31:35,"SUCCESS - ID: ARCHIVEP-00009, Author: Jay Rosen, PDF generated"
URL170,http://archive.pressthink.org/2005/05/08/rutt_evo_p.html,10/11/2025 18:31:37,"SUCCESS - ID: ARCHIVEP-00010, Author: Jay Rosen, PDF generated"
URL171,http://archive.pressthink.org/2005/11/30/lz_bcfc_p.html,10/11/2025 18:31:39,"SUCCESS - ID: ARCHIVEP-00001, Author: Jay Rosen, PDF generated"
URL172,http://archive.pressthink.org/2004/08/27/rnc_theatre_p.html,10/11/2025 18:31:40,"SUCCESS - ID: ARCHIVEP-00002, Author: Jay Rosen, PDF generated"
URL173,http://archive.pressthink.org/2005/04/05/ctz_pckt_p.html,10/11/2025 18:15:13,"SUCCESS - ID: ARCHIVEP-00003, Author: Jay Rosen, PDF generated"
URL174,http://archive.pressthink.org/2004/02/23/gopnik_time_p.html,10/11/2025 18:15:15,"SUCCESS - ID: ARCHIVEP-00004, Author: Jay Rosen, PDF generated"
URL175,http://archive.pressthink.org/2006/02/16/chn_ftz_p.html,10/11/2025 18:15:16,"SUCCESS - ID: ARCHIVEP-00005, Author: Jay Rosen, PDF generated"
URL176,http://archive.pressthink.org/2008/07/14/a_most_useful_d_p.html,10/11/2025 18:15:18,"SUCCESS - ID: ARCHIVEP-00006, Author: Jay Rosen, PDF generated"
URL177,http://archive.pressthink.org/2005/10/12/spec_mlr_p.html,10/11/2025 18:15:20,
URL178,http://archive.pressthink.org/2005/01/04/lex_report_p.html,,
URL179,http://archive.pressthink.org/2003/09/18/jennings_p.html,,
URL180,http://archive.pressthink.org/2007/09/12/savage_nrrt_p.html,,
URL181,http://archive.pressthink.org/2004/11/13/ona_live_p.html,,
URL182,http://archive.pressthink.org/2004/07/26/bos_monday_p.html,10/11/2025 18:15:27,"SUCCESS - ID: ARCHIVEP-00002, Author: Jay Rosen, PDF generated"
URL183,http://archive.pressthink.org/2004/01/10/reporter_adopt_p.html,10/11/2025 18:31:56,"SUCCESS - ID: ARCHIVEP-00003, Author: Jay Rosen, PDF generated"
URL184,http://archive.pressthink.org/2007/09/14/a_letter_arrive_p.html,10/11/2025 18:31:58,"SUCCESS - ID: ARCHIVEP-00004, Author: Jay Rosen, PDF generated"
URL185,http://archive.pressthink.org/2005/01/01/tptn_cntr_p.html,10/11/2025 18:32:00,"SUCCESS - ID: ARCHIVEP-00005, Author: Jay Rosen, PDF generated"
URL186,http://archive.pressthink.org/2007/05/21/kurtz_interview_p.html,10/11/2025 18:32:01,"SUCCESS - ID: ARCHIVEP-00006, Author: Jay Rosen, PDF generated"
URL187,http://archive.pressthink.org/2007/05/08/lewis_reply_p.html,10/11/2025 18:32:03,"SUCCESS - ID: ARCHIVEP-00007, Author: Jay Rosen, PDF generated"
URL188,http://archive.pressthink.org/2006/01/24/end_hwl_p.html,10/11/2025 18:32:04,"SUCCESS - ID: ARCHIVEP-00008, Author: Jay Rosen, PDF generated"
URL189,http://archive.pressthink.org/2010/06/14/ideology_press_p.html,10/11/2025 18:32:06,"SUCCESS - ID: ARCHIVEP-00009, Author: Jay Rosen, PDF generated"
URL190,http://archive.pressthink.org/2007/12/29/conservative_el_p.html,10/11/2025 18:32:08,"SUCCESS - ID: ARCHIVEP-00010, Author: Jay Rosen, PDF generated"
URL191,http://archive.pressthink.org/2005/01/23/bjc_after_p.html,10/11/2025 18:32:10,"SUCCESS - ID: ARCHIVEP-00001, Author: Jay Rosen, PDF generated"
URL192,http://archive.pressthink.org/2005/04/17/ltr_rgm_p.html,10/11/2025 18:32:12,"SUCCESS - ID: ARCHIVEP-00002, Author: Jay Rosen, PDF generated"
URL193,http://archive.pressthink.org/2004/10/23/strain_pol_p.html,10/11/2025 18:32:13,"SUCCESS - ID: ARCHIVEP-00003, Author: Jay Rosen, PDF generated"
URL194,http://archive.pressthink.org/2006/10/07/sunlights_new_p.html,10/11/2025 18:32:15,"SUCCESS - ID: ARCHIVEP-00004, Author: Jay Rosen, PDF generated"
URL195,http://archive.pressthink.org/2006/11/14/ptwo_mcquaid_p.html,10/11/2025 18:32:16,"SUCCESS - ID: ARCHIVEP-00005, Author: Jay Rosen, PDF generated"
URL196,http://archive.pressthink.org/2003/10/05/apcar_weblogs_p.html,10/11/2025 18:32:18,"SUCCESS - ID: ARCHIVEP-00006, Author: Jay Rosen, PDF generated"
URL197,http://archive.pressthink.org/2004/07/22/bos_update_p.html,10/11/2025 18:32:19,"SUCCESS - ID: ARCHIVEP-00007, Author: Jay Rosen, PDF generated"
URL198,http://archive.pressthink.org/2004/08/11/heaton_unity_p.html,10/11/2025 18:32:21,"SUCCESS - ID: ARCHIVEP-00008, Author: Jay Rosen, PDF generated"
URL199,http://archive.pressthink.org/2005/02/18/mcg_glcl_p.html,10/11/2025 18:32:23,"SUCCESS - ID: ARCHIVEP-00009, Author: Jay Rosen, PDF generated"
URL200,http://archive.pressthink.org/2004/03/20/die_strategy_p.html,10/11/2025 18:32:24,"SUCCESS - ID: ARCHIVEP-00010, Author: Jay Rosen, PDF generated"
URL201,http://archive.pressthink.org/2003/09/03/cjr_authority_p.html,10/11/2025 18:32:29,"SUCCESS - ID: ARCHIVEP-00001, Author: Jay Rosen, PDF generated"
URL202,http://archive.pressthink.org/2005/01/29/shf_pbl_p.html,10/11/2025 18:32:30,"SUCCESS - ID: ARCHIVEP-00002, Author: Jay Rosen, PDF generated"
URL203,http://archive.pressthink.org/2003/09/24/too_negative_p.html,10/11/2025 18:32:32,"SUCCESS - ID: ARCHIVEP-00003, Author: Jay Rosen, PDF generated"
URL204,http://archive.pressthink.org/2003/10/13/carroll_defense_p.html,10/11/2025 18:32:33,"SUCCESS - ID: ARCHIVEP-00004, Author: Jay Rosen, PDF generated"
URL205,http://archive.pressthink.org/2006/07/07/clsf_war_p.html,10/11/2025 18:32:35,"SUCCESS - ID: ARCHIVEP-00005, Author: Jay Rosen, PDF generated"
URL206,http://archive.pressthink.org/2003/09/09/interview_nicolosi_p.html,10/11/2025 18:32:37,"SUCCESS - ID: ARCHIVEP-00006, Author: Jay Rosen, PDF generated"
URL207,http://archive.pressthink.org/2008/08/20/motherjones_hype_p.html,10/11/2025 18:32:38,"SUCCESS - ID: ARCHIVEP-00007, Author: Jay Rosen, PDF generated"
URL208,http://archive.pressthink.org/2004/01/23/press_player_p.html,10/11/2025 18:32:40,"SUCCESS - ID: ARCHIVEP-00008, Author: Jay Rosen, PDF generated"
URL209,http://archive.pressthink.org/2003/10/16/radical_ten_p.html,10/11/2025 18:32:41,"SUCCESS - ID: ARCHIVEP-00009, Author: Jay Rosen, PDF generated"
URL210,http://archive.pressthink.org/2010/02/23/the_local_p.html,10/11/2025 18:32:43,"SUCCESS - ID: ARCHIVEP-00010, Author: Jay Rosen, PDF generated"
URL211,http://archive.pressthink.org/2003/10/17/conserv_ten_p.html,10/11/2025 18:32:45,"SUCCESS - ID: ARCHIVEP-00001, Author: Jay Rosen, PDF generated"
URL212,http://archive.pressthink.org/2004/03/17/patterico_wins_p.html,10/11/2025 18:32:46,"SUCCESS - ID: ARCHIVEP-00002, Author: Jay Rosen, PDF generated"
URL213,http://archive.pressthink.org/2004/08/02/debrief_one_p.html,10/11/2025 18:32:48,
URL214,http://archive.pressthink.org/2007/11/25/mcclellan_stg_p.html,,
URL215,http://archive.pressthink.org/2003/10/19/sharlet_guest_p.html,,
URL216,http://archive.pressthink.org/2004/11/11/siegal_mem_p.html,,
URL217,http://archive.pressthink.org/2005/11/05/jd_spjm_p.html,,
URL218,http://archive.pressthink.org/2006/04/26/cmts_fxd_p.html,10/11/2025 18:32:55,"SUCCESS - ID: ARCHIVEP-00008, Author: Jay Rosen, PDF generated"
URL219,http://archive.pressthink.org/2004/02/25/roth_reply_p.html,10/11/2025 18:32:57,"SUCCESS - ID: ARCHIVEP-00009, Author: Jay Rosen, PDF generated"
URL220,http://archive.pressthink.org/2005/12/19/fr_rply_p.html,10/11/2025 18:32:59,"SUCCESS - ID: ARCHIVEP-00010, Author: Jay Rosen, PDF generated"
URL221,http://archive.pressthink.org/2004/11/02/qts_ed_p.html,10/11/2025 18:33:01,"SUCCESS - ID: ARCHIVEP-00001, Author: Jay Rosen, PDF generated"
URL222,http://archive.pressthink.org/2003/11/01/gross_fox_p.html,10/11/2025 18:33:02,"SUCCESS - ID: ARCHIVEP-00002, Author: Jay Rosen, PDF generated"
URL223,http://archive.pressthink.org/2006/08/05/blg_tbl_p.html,10/11/2025 18:33:04,"SUCCESS - ID: ARCHIVEP-00003, Author: Jay Rosen, PDF generated"
URL224,http://archive.pressthink.org/2005/07/02/sprm_crt_p.html,10/11/2025 18:33:05,"SUCCESS - ID: ARCHIVEP-00004, Author: Jay Rosen, PDF generated"
URL225,http://archive.pressthink.org/2007/07/20/az_otb_p.html,10/11/2025 18:33:07,"SUCCESS - ID: ARCHIVEP-00005, Author: Jay Rosen, PDF generated"
URL226,http://archive.pressthink.org/2004/05/22/qa_bias_p.html,10/11/2025 18:33:09,"SUCCESS - ID: ARCHIVEP-00006, Author: Jay Rosen, PDF generated"
URL227,http://archive.pressthink.org/2003/12/22/rich_clue_p.html,10/11/2025 18:33:10,"SUCCESS - ID: ARCHIVEP-00007, Author: Jay Rosen, PDF generated"
URL228,http://archive.pressthink.org/2003/09/23/bee_blog_p.html,10/11/2025 18:33:12,"SUCCESS - ID: ARCHIVEP-00008, Author: Jay Rosen, PDF generated"
URL229,http://archive.pressthink.org/2005/02/06/jdn_pol_p.html,10/11/2025 18:33:13,"SUCCESS - ID: ARCHIVEP-00009, Author: Jay Rosen, PDF generated"
URL230,http://archive.pressthink.org/2003/09/01/introduction_ghost_p.html,10/11/2025 18:33:15,"SUCCESS - ID: ARCHIVEP-00010, Author: Jay Rosen, PDF generated"
URL231,http://archive.pressthink.org/2003/10/28/missing_link_p.html,10/11/2025 18:33:17,"SUCCESS - ID: ARCHIVEP-00001, Author: Jay Rosen, PDF generated"
URL232,http://archive.pressthink.org/2005/12/09/wdwd_grk_p.html,10/11/2025 18:33:19,"SUCCESS - ID: ARCHIVEP-00002, Author: Jay Rosen, PDF generated"
URL233,http://archive.pressthink.org/2004/01/13/interview_gans_p.html,10/11/2025 18:33:21,"SUCCESS - ID: ARCHIVEP-00003, Author: Jay Rosen, PDF generated"
URL234,http://archive.pressthink.org/2006/08/11/na_mrpbl_p.html,10/11/2025 18:33:22,"SUCCESS - ID: ARCHIVEP-00004, Author: Jay Rosen, PDF generated"
URL235,http://archive.pressthink.org/2006/01/16/gl_brsta_p.html,10/11/2025 18:33:24,"SUCCESS - ID: ARCHIVEP-00005, Author: Jay Rosen, PDF generated"
URL236,http://archive.pressthink.org/2007/08/14/rove_and_press_p.html,10/11/2025 18:33:26,"SUCCESS - ID: ARCHIVEP-00006, Author: Jay Rosen, PDF generated"
URL237,http://archive.pressthink.org/2005/07/16/rll_back_p.html,10/11/2025 18:33:27,"SUCCESS - ID: ARCHIVEP-00007, Author: Jay Rosen, PDF generated"
URL238,http://archive.pressthink.org/2005/07/21/schl_jsc_p.html,10/11/2025 18:33:29,"SUCCESS - ID: ARCHIVEP-00008, Author: Jay Rosen, PDF generated"
URL239,http://archive.pressthink.org/2004/11/06/ntc_cont_p.html,10/11/2025 18:33:31,"SUCCESS - ID: ARCHIVEP-00009, Author: Jay Rosen, PDF generated"
URL240,http://archive.pressthink.org/2005/03/24/bu_res_p.html,10/11/2025 18:33:32,"SUCCESS - ID: ARCHIVEP-00010, Author: Jay Rosen, PDF generated"
URL241,http://archive.pressthink.org/2007/10/18/site_coordinates_p.html,10/11/2025 18:33:34,"SUCCESS - ID: ARCHIVEP-00001, Author: Jay Rosen, PDF generated"
URL242,http://archive.pressthink.org/2003/10/29/link_restored_p.html,10/11/2025 18:33:36,"SUCCESS - ID: ARCHIVEP-00002, Author: Jay Rosen, PDF generated"
URL243,http://archive.pressthink.org/2008/03/14/pincus_neutrality_p.html,10/11/2025 18:33:37,"SUCCESS - ID: ARCHIVEP-00003, Author: Jay Rosen, PDF generated"
URL244,http://archive.pressthink.org/2007/05/07/az_update_p.html,10/11/2025 18:33:39,"SUCCESS - ID: ARCHIVEP-00004, Author: Jay Rosen, PDF generated"
URL245,http://archive.pressthink.org/2010/07/26/wikileaks_afghan_p.html,10/11/2025 18:33:41,"SUCCESS - ID: ARCHIVEP-00005, Author: Jay Rosen, PDF generated"
URL246,http://archive.pressthink.org/2006/09/07/slt_gift_p.html,10/11/2025 18:33:42,"SUCCESS - ID: ARCHIVEP-00006, Author: Jay Rosen, PDF generated"
URL247,http://archive.pressthink.org/2004/09/02/rnc_2008_p.html,10/11/2025 18:33:44,"SUCCESS - ID: ARCHIVEP-00007, Author: Jay Rosen, PDF generated"
URL248,http://archive.pressthink.org/2004/05/10/murrow_bettag_p.html,10/11/2025 18:17:15,"SUCCESS - ID: ARCHIVEP-00008, Author: Jay Rosen, PDF generated"
URL249,http://archive.pressthink.org/2008/09/18/because_we_have_p.html,10/11/2025 18:17:17,"SUCCESS - ID: ARCHIVEP-00009, Author: Jay Rosen, PDF generated"
URL250,http://archive.pressthink.org/2005/04/24/ptr_ror_p.html,10/11/2025 18:17:18,"SUCCESS - ID: ARCHIVEP-00010, Author: Jay Rosen, PDF generated"
URL251,http://archive.pressthink.org/2005/04/14/gru_int_p.html,10/11/2025 18:17:20,"SUCCESS - ID: ARCHIVEP-00001, Author: Jay Rosen, PDF generated"
URL252,http://archive.pressthink.org/2004/12/28/zack_grnsbr_p.html,10/11/2025 18:17:22,"SUCCESS - ID: ARCHIVEP-00002, Author: Jay Rosen, PDF generated"
URL253,http://archive.pressthink.org/2008/12/30/bettinger_qa_p.html,10/11/2025 18:17:23,
URL254,http://archive.pressthink.org/2003/10/01/front_line_p.html,10/11/2025 18:33:54,"SUCCESS - ID: ARCHIVEP-00004, Author: Jay Rosen, PDF generated"
URL255,http://archive.pressthink.org/2007/03/27/huffpost_nan_p.html,10/11/2025 18:33:56,"SUCCESS - ID: ARCHIVEP-00005, Author: Jay Rosen, PDF generated"
URL256,http://archive.pressthink.org/2008/02/25/cliff_notes_ver_p.html,10/11/2025 18:33:58,"SUCCESS - ID: ARCHIVEP-00006, Author: Jay Rosen, PDF generated"
URL257,http://archive.pressthink.org/2005/01/20/stn_ktc_p.html,10/11/2025 18:33:59,"SUCCESS - ID: ARCHIVEP-00007, Author: Jay Rosen, PDF generated"
URL258,http://archive.pressthink.org/2005/10/19/hwd_era_p.html,10/11/2025 18:34:04,"SUCCESS - ID: ARCHIVEP-00008, Author: Jay Rosen, PDF generated"
URL259,http://archive.pressthink.org/2004/12/28/tptn04_opsc_p.html,10/11/2025 18:34:06,"SUCCESS - ID: ARCHIVEP-00009, Author: Jay Rosen, PDF generated"
URL260,http://archive.pressthink.org/2009/01/12/atomization_p.html,10/11/2025 18:34:07,"SUCCESS - ID: ARCHIVEP-00010, Author: Jay Rosen, PDF generated"
URL261,http://archive.pressthink.org/2003/12/09/shapiro_dean_p.html,10/11/2025 18:34:09,"SUCCESS - ID: ARCHIVEP-00001, Author: Jay Rosen, PDF generated"
URL262,http://archive.pressthink.org/2004/07/29/guide_speech_p.html,10/11/2025 18:34:11,"SUCCESS - ID: ARCHIVEP-00002, Author: Jay Rosen, PDF generated"
URL263,http://archive.pressthink.org/2008/02/25/hoyt_keller_p.html,10/11/2025 18:34:12,"SUCCESS - ID: ARCHIVEP-00003, Author: Jay Rosen, PDF generated"
URL264,http://archive.pressthink.org/2004/10/31/elec_wknd_p.html,10/11/2025 18:34:14,"SUCCESS - ID: ARCHIVEP-00004, Author: Jay Rosen, PDF generated"
URL265,http://archive.pressthink.org/2006/03/24/bd_wapo_p.html,10/11/2025 18:34:16,"SUCCESS - ID: ARCHIVEP-00005, Author: Jay Rosen, PDF generated"
URL266,http://archive.pressthink.org/2003/12/18/theory_blues_p.html,10/11/2025 18:34:17,"SUCCESS - ID: ARCHIVEP-00006, Author: Jay Rosen, PDF generated"
URL267,http://archive.pressthink.org/2005/08/14/sant_jrl_p.html,10/11/2025 18:34:19,"SUCCESS - ID: ARCHIVEP-00007, Author: Jay Rosen, PDF generated"
URL268,http://archive.pressthink.org/2006/08/15/ear_ntw_p.html,10/11/2025 18:34:20,"SUCCESS - ID: ARCHIVEP-00008, Author: Jay Rosen, PDF generated"
URL269,http://archive.pressthink.org/2004/04/29/q_and_a_p.html,10/11/2025 18:34:22,"SUCCESS - ID: ARCHIVEP-00009, Author: Jay Rosen, PDF generated"
URL270,http://archive.pressthink.org/2006/12/15/newspaper_chain_p.html,10/11/2025 18:34:24,"SUCCESS - ID: ARCHIVEP-00010, Author: Jay Rosen, PDF generated"
URL271,http://archive.pressthink.org/2005/09/29/msm_blgr_p.html,10/11/2025 18:34:26,"SUCCESS - ID: ARCHIVEP-00001, Author: Jay Rosen, PDF generated"
URL272,http://archive.pressthink.org/2005/09/09/ktr_aft_p.html,10/11/2025 18:34:27,"SUCCESS - ID: ARCHIVEP-00002, Author: Jay Rosen, PDF generated"
URL273,http://archive.pressthink.org/2005/03/10/ktz_dscd_p.html,10/11/2025 18:34:29,"SUCCESS - ID: ARCHIVEP-00003, Author: Jay Rosen, PDF generated"
URL274,http://archive.pressthink.org/2007/11/01/beat_reporting_p.html,10/11/2025 18:34:31,"SUCCESS - ID: ARCHIVEP-00004, Author: Jay Rosen, PDF generated"
URL275,http://archive.pressthink.org/2005/12/13/frm_qa_p.html,10/11/2025 18:34:32,"SUCCESS - ID: ARCHIVEP-00005, Author: Jay Rosen, PDF generated"
URL276,http://archive.pressthink.org/2005/09/22/tms_slct_p.html,10/11/2025 18:34:34,"SUCCESS - ID: ARCHIVEP-00006, Author: Jay Rosen, PDF generated"
URL277,http://archive.pressthink.org/2004/07/07/blog_boston_p.html,10/11/2025 18:34:36,"SUCCESS - ID: ARCHIVEP-00007, Author: Jay Rosen, PDF generated"
URL278,http://archive.pressthink.org/2008/02/21/some_riddles_qu_p.html,10/11/2025 18:34:38,"SUCCESS - ID: ARCHIVEP-00008, Author: Jay Rosen, PDF generated"
URL279,http://archive.pressthink.org/2004/01/07/press_religion_p.html,10/11/2025 18:34:39,"SUCCESS - ID: ARCHIVEP-00009, Author: Jay Rosen, PDF generated"
URL280,http://archive.pressthink.org/2004/07/23/wknd_bos_p.html,10/11/2025 18:34:41,"SUCCESS - ID: ARCHIVEP-00010, Author: Jay Rosen, PDF generated"
URL281,http://archive.pressthink.org/2008/06/16/mccain_news_hun_p.html,10/11/2025 18:34:43,"SUCCESS - ID: ARCHIVEP-00001, Author: Jay Rosen, PDF generated"
URL282,http://archive.pressthink.org/2004/09/28/four_years_p.html,10/11/2025 18:34:45,"SUCCESS - ID: ARCHIVEP-00002, Author: Jay Rosen, PDF generated"
URL283,http://archive.pressthink.org/2004/08/05/dnc_dbrf2_p.html,10/11/2025 18:34:46,"SUCCESS - ID: ARCHIVEP-00003, Author: Jay Rosen, PDF generated"
URL284,http://archive.pressthink.org/2005/10/02/jd_mllrt_p.html,,
URL285,http://archive.pressthink.org/2004/08/26/conv_sec_p.html,,
URL286,http://archive.pressthink.org/2004/12/18/grns_nr_p.html,,
URL287,http://archive.pressthink.org/2006/01/30/ams_intro_p.html,,
URL288,http://archive.pressthink.org/2005/03/06/nw_jrlsm_p.html,10/11/2025 18:34:54,"SUCCESS - ID: ARCHIVEP-00008, Author: Jay Rosen, PDF generated"
URL289,http://archive.pressthink.org/2003/12/03/bush_trip_p.html,10/11/2025 18:34:56,"SUCCESS - ID: ARCHIVEP-00009, Author: Jay Rosen, PDF generated"
URL290,http://archive.pressthink.org/2005/03/01/svd_kpln_p.html,10/11/2025 18:34:58,"SUCCESS - ID: ARCHIVEP-00010, Author: Jay Rosen, PDF generated"
URL291,http://archive.pressthink.org/2005/07/31/blgh_rep_p.html,10/11/2025 18:35:00,"SUCCESS - ID: ARCHIVEP-00001, Author: Jay Rosen, PDF generated"
URL292,http://archive.pressthink.org/2005/02/03/sbxr_bx_p.html,10/11/2025 18:35:02,"SUCCESS - ID: ARCHIVEP-00002, Author: Jay Rosen, PDF generated"
URL293,http://archive.pressthink.org/2004/06/23/reality_bush_p.html,10/11/2025 18:35:03,"SUCCESS - ID: ARCHIVEP-00003, Author: Jay Rosen, PDF generated"
URL294,http://archive.pressthink.org/2007/07/31/newinf_bus_p.html,10/11/2025 18:35:05,"SUCCESS - ID: ARCHIVEP-00004, Author: Jay Rosen, PDF generated"
URL295,http://archive.pressthink.org/2005/02/23/abt_ltrs_p.html,10/11/2025 18:35:07,"SUCCESS - ID: ARCHIVEP-00005, Author: Jay Rosen, PDF generated"
URL296,http://archive.pressthink.org/2006/08/04/nicl_am_p.html,10/11/2025 18:35:08,"SUCCESS - ID: ARCHIVEP-00006, Author: Jay Rosen, PDF generated"
URL297,http://archive.pressthink.org/2010/07/07/obj_persuasion_p.html,10/11/2025 18:35:10,"SUCCESS - ID: ARCHIVEP-00007, Author: Jay Rosen, PDF generated"
URL298,http://archive.pressthink.org/2006/07/14/free_fbs_p.html,10/11/2025 18:35:13,"SUCCESS - ID: ARCHIVEP-00008, Author: Jay Rosen, PDF generated"
URL299,http://archive.pressthink.org/2003/09/08/advance_man_p.html,10/11/2025 18:35:14,"SUCCESS - ID: ARCHIVEP-00009, Author: Jay Rosen, PDF generated"
URL300,http://archive.pressthink.org/2004/09/29/spun_miami_p.html,10/11/2025 18:35:16,"SUCCESS - ID: ARCHIVEP-00010, Author: Jay Rosen, PDF generated"
URL301,http://archive.pressthink.org/2004/12/15/berk_olav_p.html,10/11/2025 18:35:18,"SUCCESS - ID: ARCHIVEP-00001, Author: Jay Rosen, PDF generated"
URL302,http://archive.pressthink.org/2003/11/17/dumb_politics_p.html,10/11/2025 18:35:20,"SUCCESS - ID: ARCHIVEP-00002, Author: Jay Rosen, PDF generated"
URL303,http://archive.pressthink.org/2004/09/15/get_win_p.html,10/11/2025 18:35:21,"SUCCESS - ID: ARCHIVEP-00003, Author: Jay Rosen, PDF generated"
URL304,http://archive.pressthink.org/2007/11/14/beat_reps_p.html,10/11/2025 18:35:23,"SUCCESS - ID: ARCHIVEP-00004, Author: Jay Rosen, PDF generated"
URL305,http://archive.pressthink.org/2004/12/02/rect_glsr_p.html,10/11/2025 18:35:25,"SUCCESS - ID: ARCHIVEP-00005, Author: Jay Rosen, PDF generated"
URL306,http://archive.pressthink.org/2005/03/04/wht_flwp_p.html,10/11/2025 18:35:26,"SUCCESS - ID: ARCHIVEP-00006, Author: Jay Rosen, PDF generated"
URL307,http://archive.pressthink.org/2007/03/19/az_helpwtd_p.html,10/11/2025 18:35:28,"SUCCESS - ID: ARCHIVEP-00007, Author: Jay Rosen, PDF generated"
URL308,http://archive.pressthink.org/2009/04/12/hesaid_shesaid_p.html,10/11/2025 18:35:30,"SUCCESS - ID: ARCHIVEP-00008, Author: Jay Rosen, PDF generated"
URL309,http://archive.pressthink.org/2010/02/21/innocence_p.html,10/11/2025 18:35:31,"SUCCESS - ID: ARCHIVEP-00009, Author: Jay Rosen, PDF generated"
URL310,http://archive.pressthink.org/2005/04/11/clg_out_p.html,10/11/2025 18:35:36,"SUCCESS - ID: ARCHIVEP-00010, Author: Jay Rosen, PDF generated"
URL311,http://archive.pressthink.org/2007/08/22/blowback_the_jo_p.html,10/11/2025 18:35:38,"SUCCESS - ID: ARCHIVEP-00001, Author: Jay Rosen, PDF generated"
URL312,http://archive.pressthink.org/2007/09/21/rather_p.html,10/11/2025 18:35:40,"SUCCESS - ID: ARCHIVEP-00002, Author: Jay Rosen, PDF generated"
URL313,http://archive.pressthink.org/2003/10/03/cole_campbell_p.html,10/11/2025 18:35:41,"SUCCESS - ID: ARCHIVEP-00003, Author: Jay Rosen, PDF generated"
URL314,http://archive.pressthink.org/2004/08/10/unity_prez_p.html,10/11/2025 18:35:43,"SUCCESS - ID: ARCHIVEP-00004, Author: Jay Rosen, PDF generated"
URL315,http://archive.pressthink.org/2005/04/27/mig_nwsp_p.html,10/11/2025 18:35:44,"SUCCESS - ID: ARCHIVEP-00005, Author: Jay Rosen, PDF generated"
URL316,http://archive.pressthink.org/2005/04/25/tp_ltrs_p.html,10/11/2025 18:35:46,"SUCCESS - ID: ARCHIVEP-00006, Author: Jay Rosen, PDF generated"
URL317,http://archive.pressthink.org/2004/11/17/shaw_rply_p.html,10/11/2025 18:35:48,"SUCCESS - ID: ARCHIVEP-00007, Author: Jay Rosen, PDF generated"
URL318,http://archive.pressthink.org/2007/03/14/az_announce_p.html,,
URL319,http://archive.pressthink.org/2004/01/29/nangle_dissent_p.html,,
URL320,http://archive.pressthink.org/2003/09/29/merrill_brown_p.html,,
URL321,http://archive.pressthink.org/2007/01/01/placeblogger_com_p.html,,
URL322,http://archive.pressthink.org/2005/08/19/ab_rlfwd_p.html,10/11/2025 18:35:55,"SUCCESS - ID: ARCHIVEP-00002, Author: Jay Rosen, PDF generated"
URL323,http://archive.pressthink.org/2004/12/26/tptn04_intro_p.html,10/11/2025 18:35:57,"SUCCESS - ID: ARCHIVEP-00003, Author: Jay Rosen, PDF generated"
URL324,http://archive.pressthink.org/2003/10/30/dominick_bias_p.html,10/11/2025 18:35:59,"SUCCESS - ID: ARCHIVEP-00004, Author: Jay Rosen, PDF generated"
URL325,http://archive.pressthink.org/2006/01/01/clm_nsa_p.html,10/11/2025 18:36:00,"SUCCESS - ID: ARCHIVEP-00005, Author: Jay Rosen, PDF generated"
URL326,http://archive.pressthink.org/2003/12/29/krugman_list_p.html,10/11/2025 18:36:02,"SUCCESS - ID: ARCHIVEP-00006, Author: Jay Rosen, PDF generated"
URL327,http://archive.pressthink.org/2004/02/14/reuters_wrong_p.html,10/11/2025 18:36:03,"SUCCESS - ID: ARCHIVEP-00007, Author: Jay Rosen, PDF generated"
URL328,http://archive.pressthink.org/2004/08/24/sky_intro_p.html,10/11/2025 18:36:05,"SUCCESS - ID: ARCHIVEP-00008, Author: Jay Rosen, PDF generated"
URL329,http://archive.pressthink.org/2004/07/02/rather_time_p.html,10/11/2025 18:36:07,"SUCCESS - ID: ARCHIVEP-00009, Author: Jay Rosen, PDF generated"
URL330,http://archive.pressthink.org/2007/07/09/qa_surowiecki_p.html,10/11/2025 18:36:08,"SUCCESS - ID: ARCHIVEP-00010, Author: Jay Rosen, PDF generated"
URL331,http://archive.pressthink.org/2004/05/29/lee_note_p.html,10/11/2025 18:36:10,"SUCCESS - ID: ARCHIVEP-00001, Author: Jay Rosen, PDF generated"
URL332,http://archive.pressthink.org/2004/03/31/ryan_video_p.html,10/11/2025 18:36:12,"SUCCESS - ID: ARCHIVEP-00002, Author: Jay Rosen, PDF generated"
URL333,http://archive.pressthink.org/2004/05/16/berg_video_p.html,10/11/2025 18:36:13,"SUCCESS - ID: ARCHIVEP-00003, Author: Jay Rosen, PDF generated"
URL334,http://archive.pressthink.org/2005/10/04/tms_pst_p.html,10/11/2025 18:36:15,"SUCCESS - ID: ARCHIVEP-00004, Author: Jay Rosen, PDF generated"
URL335,http://archive.pressthink.org/2004/08/13/after_911_p.html,10/11/2025 18:36:17,"SUCCESS - ID: ARCHIVEP-00005, Author: Jay Rosen, PDF generated"
URL336,http://archive.pressthink.org/2004/09/24/cbs_comm_p.html,10/11/2025 18:36:19,"SUCCESS - ID: ARCHIVEP-00006, Author: Jay Rosen, PDF generated"
URL337,http://archive.pressthink.org/2008/08/04/abcnews_qs_p.html,10/11/2025 18:36:20,"SUCCESS - ID: ARCHIVEP-00007, Author: Jay Rosen, PDF generated"
URL338,http://archive.pressthink.org/2005/02/13/colr_jrd_p.html,10/11/2025 18:36:22,"SUCCESS - ID: ARCHIVEP-00008, Author: Jay Rosen, PDF generated"
URL339,http://archive.pressthink.org/2003/10/14/fox_riddle_p.html,10/11/2025 18:36:23,"SUCCESS - ID: ARCHIVEP-00009, Author: Jay Rosen, PDF generated"
URL340,http://archive.pressthink.org/2003/09/13/bee_governor_p.html,10/11/2025 18:36:25,"SUCCESS - ID: ARCHIVEP-00010, Author: Jay Rosen, PDF generated"
URL341,http://archive.pressthink.org/2010/06/24/an_openthekimon_p.html,10/11/2025 18:36:27,"SUCCESS - ID: ARCHIVEP-00001, Author: Jay Rosen, PDF generated"
URL342,http://archive.pressthink.org/2004/12/07/bkmn_cfc_p.html,10/11/2025 18:36:28,"SUCCESS - ID: ARCHIVEP-00002, Author: Jay Rosen, PDF generated"
URL343,http://archive.pressthink.org/2006/07/28/nadn_pt2_p.html,10/11/2025 18:36:30,"SUCCESS - ID: ARCHIVEP-00003, Author: Jay Rosen, PDF generated"
URL344,http://archive.pressthink.org/2004/05/26/iraq_story_p.html,10/11/2025 18:36:32,"SUCCESS - ID: ARCHIVEP-00004, Author: Jay Rosen, PDF generated"
URL345,http://archive.pressthink.org/2006/12/06/harris_q_a_p.html,10/11/2025 18:36:33,"SUCCESS - ID: ARCHIVEP-00005, Author: Jay Rosen, PDF generated"
URL346,http://archive.pressthink.org/2004/01/03/inside_baseball_p.html,10/11/2025 18:36:35,"SUCCESS - ID: ARCHIVEP-00006, Author: Jay Rosen, PDF generated"
URL347,http://archive.pressthink.org/2004/01/14/watch_sites_p.html,10/11/2025 18:36:37,"SUCCESS - ID: ARCHIVEP-00007, Author: Jay Rosen, PDF generated"
URL348,http://archive.pressthink.org/2004/10/09/kerry_deal_p.html,10/11/2025 18:36:38,"SUCCESS - ID: ARCHIVEP-00008, Author: Jay Rosen, PDF generated"
URL349,http://archive.pressthink.org/2006/04/28/snow_rlb_p.html,10/11/2025 18:36:40,"SUCCESS - ID: ARCHIVEP-00009, Author: Jay Rosen, PDF generated"
URL350,http://archive.pressthink.org/2005/02/07/samb_esn_p.html,10/11/2025 18:36:41,"SUCCESS - ID: ARCHIVEP-00010, Author: Jay Rosen, PDF generated"
URL351,http://archive.pressthink.org/2004/12/01/glaser_co_p.html,10/11/2025 18:36:43,
URL352,http://archive.pressthink.org/2005/05/03/strp_wh_p.html,,
URL353,http://archive.pressthink.org/2004/09/22/gour_talk_p.html,,
URL354,http://archive.pressthink.org/2005/05/26/drm_qsts_p.html,,
URL355,http://archive.pressthink.org/2004/11/03/op_press_p.html,,
URL356,http://archive.pressthink.org/2003/10/24/bias_mrc_p.html,,
URL357,http://archive.pressthink.org/2008/08/07/ross_replies_p.html,,
URL358,http://archive.pressthink.org/2009/01/04/chronicle_hlp_p.html,10/11/2025 18:36:53,"SUCCESS - ID: ARCHIVEP-00008, Author: Jay Rosen, PDF generated"
URL359,http://archive.pressthink.org/2009/02/06/took_moyers_p.html,10/11/2025 18:36:55,"SUCCESS - ID: ARCHIVEP-00009, Author: Jay Rosen, PDF generated"
URL360,http://archive.pressthink.org/2006/05/13/gagl_sn_p.html,10/11/2025 18:36:57,"SUCCESS - ID: ARCHIVEP-00010, Author: Jay Rosen, PDF generated"
URL361,http://archive.pressthink.org/2005/02/04/book_anc_p.html,10/11/2025 18:36:58,"SUCCESS - ID: ARCHIVEP-00001, Author: Jay Rosen, PDF generated"
URL362,http://archive.pressthink.org/2004/03/09/cjr_job_p.html,10/11/2025 18:37:00,"SUCCESS - ID: ARCHIVEP-00002, Author: Jay Rosen, PDF generated"
URL363,http://archive.pressthink.org/2004/08/19/911_react_p.html,10/11/2025 18:37:02,"SUCCESS - ID: ARCHIVEP-00003, Author: Jay Rosen, PDF generated"
URL364,http://archive.pressthink.org/2003/10/21/oreilly_voice_p.html,10/11/2025 18:37:03,"SUCCESS - ID: ARCHIVEP-00004, Author: Jay Rosen, PDF generated"
URL365,http://archive.pressthink.org/2004/06/28/gates_blog_p.html,10/11/2025 18:37:05,"SUCCESS - ID: ARCHIVEP-00005, Author: Jay Rosen, PDF generated"
URL366,http://archive.pressthink.org/2005/01/19/ktch_pr_p.html,10/11/2025 18:37:07,"SUCCESS - ID: ARCHIVEP-00006, Author: Jay Rosen, PDF generated"
URL367,http://archive.pressthink.org/2008/06/19/beatblog_update_p.html,10/11/2025 18:37:08,"SUCCESS - ID: ARCHIVEP-00007, Author: Jay Rosen, PDF generated"
URL368,http://archive.pressthink.org/2003/11/22/spin_alley_p.html,10/11/2025 18:37:13,"SUCCESS - ID: ARCHIVEP-00008, Author: Jay Rosen, PDF generated"
URL369,http://archive.pressthink.org/2006/11/13/john_mcquade_p.html,10/11/2025 18:37:15,"SUCCESS - ID: ARCHIVEP-00009, Author: Jay Rosen, PDF generated"
URL370,http://archive.pressthink.org/2008/04/15/mayhill_fowler_p.html,10/11/2025 18:37:16,"SUCCESS - ID: ARCHIVEP-00010, Author: Jay Rosen, PDF generated"
URL371,http://archive.pressthink.org/2003/09/10/times_flagship_p.html,10/11/2025 18:37:18,"SUCCESS - ID: ARCHIVEP-00001, Author: Jay Rosen, PDF generated"
URL372,http://archive.pressthink.org/2004/09/18/cbs_theatre_p.html,10/11/2025 18:37:20,"SUCCESS - ID: ARCHIVEP-00002, Author: Jay Rosen, PDF generated"
URL373,http://archive.pressthink.org/2010/03/31/what_cnn_should_p.html,10/11/2025 18:37:21,"SUCCESS - ID: ARCHIVEP-00003, Author: Jay Rosen, PDF generated"
URL374,http://archive.pressthink.org/2007/11/11/cleveland_p.html,10/11/2025 18:37:23,"SUCCESS - ID: ARCHIVEP-00004, Author: Jay Rosen, PDF generated"
URL375,http://archive.pressthink.org/2007/09/18/rip_times_selec_p.html,10/11/2025 18:37:25,"SUCCESS - ID: ARCHIVEP-00005, Author: Jay Rosen, PDF generated"
URL376,http://archive.pressthink.org/2004/07/23/kleb_shot_p.html,10/11/2025 18:37:26,"SUCCESS - ID: ARCHIVEP-00006, Author: Jay Rosen, PDF generated"
URL377,http://archive.pressthink.org/2010/03/07/what_i_plan_to_p.html,10/11/2025 18:37:28,"SUCCESS - ID: ARCHIVEP-00007, Author: Jay Rosen, PDF generated"
URL378,http://archive.pressthink.org/2008/04/22/business_model_p.html,10/11/2025 18:37:30,"SUCCESS - ID: ARCHIVEP-00008, Author: Jay Rosen, PDF generated"
URL379,http://archive.pressthink.org/2005/10/21/jm_clrc_p.html,10/11/2025 18:37:31,"SUCCESS - ID: ARCHIVEP-00009, Author: Jay Rosen, PDF generated"
URL380,http://archive.pressthink.org/2003/12/11/rutten_ombud_p.html,10/11/2025 18:37:33,"SUCCESS - ID: ARCHIVEP-00010, Author: Jay Rosen, PDF generated"
URL381,http://archive.pressthink.org/2004/08/12/unity_gonzalez_p.html,10/11/2025 18:37:35,"SUCCESS - ID: ARCHIVEP-00001, Author: Jay Rosen, PDF generated"
URL382,http://archive.pressthink.org/2005/04/19/clm_ltr_p.html,10/11/2025 18:37:36,"SUCCESS - ID: ARCHIVEP-00002, Author: Jay Rosen, PDF generated"
URL383,http://archive.pressthink.org/2008/08/13/national_explain_p.html,10/11/2025 18:37:38,"SUCCESS - ID: ARCHIVEP-00003, Author: Jay Rosen, PDF generated"
URL384,http://archive.pressthink.org/2007/06/04/currmudgeon_nh_p.html,10/11/2025 18:37:40,"SUCCESS - ID: ARCHIVEP-00004, Author: Jay Rosen, PDF generated"
URL385,http://archive.pressthink.org/2003/11/08/new_key_p.html,10/11/2025 18:37:41,"SUCCESS - ID: ARCHIVEP-00005, Author: Jay Rosen, PDF generated"
URL386,http://archive.pressthink.org/2005/03/31/tnn_vs_p.html,10/11/2025 18:37:43,"SUCCESS - ID: ARCHIVEP-00006, Author: Jay Rosen, PDF generated"
URL387,http://archive.pressthink.org/2004/11/23/rather_exit_p.html,10/11/2025 18:37:45,
URL388,http://archive.pressthink.org/2004/09/20/rather_bulletin_p.html,,
URL389,http://archive.pressthink.org/2006/05/18/snw_brief_p.html,,
URL390,http://archive.pressthink.org/2006/01/20/jmb_qa_p.html,,
URL391,http://archive.pressthink.org/2003/11/05/npr_opinion_p.html,,
URL392,http://archive.pressthink.org/2005/02/20/abt_nyt_p.html,,
URL393,http://archive.pressthink.org/2007/06/15/idea_race08_p.html,,
URL394,http://archive.pressthink.org/2007/08/20/my_advice_retir_p.html,10/11/2025 18:37:55,"SUCCESS - ID: ARCHIVEP-00004, Author: Jay Rosen, PDF generated"
URL395,http://archive.pressthink.org/2005/03/14/kmng_pwr_p.html,10/11/2025 18:37:57,"SUCCESS - ID: ARCHIVEP-00005, Author: Jay Rosen, PDF generated"
URL396,http://archive.pressthink.org/2004/07/19/jones_thin_p.html,10/11/2025 18:37:58,"SUCCESS - ID: ARCHIVEP-00006, Author: Jay Rosen, PDF generated"
URL397,http://archive.pressthink.org/2006/04/04/kllr_trsp_p.html,10/11/2025 18:38:00,"SUCCESS - ID: ARCHIVEP-00007, Author: Jay Rosen, PDF generated"
URL398,http://archive.pressthink.org/2004/09/11/cbs_docs_p.html,10/11/2025 18:38:02,"SUCCESS - ID: ARCHIVEP-00008, Author: Jay Rosen, PDF generated"
URL399,http://archive.pressthink.org/2008/03/26/mccain_bank_p.html,10/11/2025 18:38:03,"SUCCESS - ID: ARCHIVEP-00009, Author: Jay Rosen, PDF generated"
URL400,http://archive.pressthink.org/2004/02/17/campaign_desk_p.html,10/11/2025 18:38:05,"SUCCESS - ID: ARCHIVEP-00010, Author: Jay Rosen, PDF generated"
URL401,http://archive.pressthink.org/2004/04/07/atrios_kos_p.html,10/11/2025 18:38:07,"SUCCESS - ID: ARCHIVEP-00001, Author: Jay Rosen, PDF generated"
URL402,http://archive.pressthink.org/2006/11/22/harris_vande_p.html,10/11/2025 18:38:08,"SUCCESS - ID: ARCHIVEP-00002, Author: Jay Rosen, PDF generated"
URL403,http://archive.pressthink.org/2003/09/09/ashcroft_print_p.html,10/11/2025 18:38:10,"SUCCESS - ID: ARCHIVEP-00003, Author: Jay Rosen, PDF generated"
URL404,http://archive.pressthink.org/2007/05/31/when_the_press_p.html,10/11/2025 18:38:11,"SUCCESS - ID: ARCHIVEP-00004, Author: Jay Rosen, PDF generated"
URL405,http://archive.pressthink.org/2007/08/05/yrkos_press_p.html,10/11/2025 18:38:13,"SUCCESS - ID: ARCHIVEP-00005, Author: Jay Rosen, PDF generated"
URL406,http://archive.pressthink.org/2003/12/05/benson_interview_p.html,10/11/2025 18:38:15,"SUCCESS - ID: ARCHIVEP-00006, Author: Jay Rosen, PDF generated"
URL407,http://archive.pressthink.org/2004/04/13/bush_live_p.html,10/11/2025 18:38:18,"SUCCESS - ID: ARCHIVEP-00007, Author: Jay Rosen, PDF generated"
URL408,http://archive.pressthink.org/2004/06/04/ruten_milbank_p.html,10/11/2025 18:38:20,"SUCCESS - ID: ARCHIVEP-00008, Author: Jay Rosen, PDF generated"
URL409,http://archive.pressthink.org/2008/03/31/developing_as_m_p.html,10/11/2025 18:38:22,"SUCCESS - ID: ARCHIVEP-00009, Author: Jay Rosen, PDF generated"
URL410,http://archive.pressthink.org/2010/03/17/backchannel_p.html,10/11/2025 18:38:23,"SUCCESS - ID: ARCHIVEP-00010, Author: Jay Rosen, PDF generated"
URL411,http://archive.pressthink.org/2004/02/29/off_grid_p.html,10/11/2025 18:38:25,"SUCCESS - ID: ARCHIVEP-00001, Author: Jay Rosen, PDF generated"
URL412,http://archive.pressthink.org/2004/11/09/welch_react_p.html,10/11/2025 18:38:27,"SUCCESS - ID: ARCHIVEP-00002, Author: Jay Rosen, PDF generated"
URL413,http://archive.pressthink.org/2004/07/29/edsall_blogs_p.html,10/11/2025 18:38:28,"SUCCESS - ID: ARCHIVEP-00003, Author: Jay Rosen, PDF generated"
URL414,http://archive.pressthink.org/2005/10/10/shmr_nyt_p.html,10/11/2025 18:38:30,"SUCCESS - ID: ARCHIVEP-00004, Author: Jay Rosen, PDF generated"
URL415,http://archive.pressthink.org/2006/01/09/cnn_wv_p.html,10/11/2025 18:38:32,"SUCCESS - ID: ARCHIVEP-00005, Author: Jay Rosen, PDF generated"
URL416,http://archive.pressthink.org/2004/03/10/politics_lull_p.html,10/11/2025 18:38:33,"SUCCESS - ID: ARCHIVEP-00006, Author: Jay Rosen, PDF generated"
URL417,http://archive.pressthink.org/2009/01/20/write_self_p.html,10/11/2025 18:38:35,"SUCCESS - ID: ARCHIVEP-00007, Author: Jay Rosen, PDF generated"
URL418,http://archive.pressthink.org/2003/09/08/basics_master_p.html,10/11/2025 18:38:37,"SUCCESS - ID: ARCHIVEP-00008, Author: Jay Rosen, PDF generated"
URL419,http://archive.pressthink.org/2005/01/26/bkm_two_p.html,10/11/2025 18:38:38,"SUCCESS - ID: ARCHIVEP-00009, Author: Jay Rosen, PDF generated"
URL420,http://archive.pressthink.org/2004/10/16/sinclair_ctd_p.html,10/11/2025 18:38:40,"SUCCESS - ID: ARCHIVEP-00010, Author: Jay Rosen, PDF generated"
URL421,http://archive.pressthink.org/2005/11/23/spk_ss_p.html,10/11/2025 18:38:42,"SUCCESS - ID: ARCHIVEP-00001, Author: Jay Rosen, PDF generated"
URL422,http://archive.pressthink.org/2005/01/07/wldm_perm_p.html,10/11/2025 18:38:47,"SUCCESS - ID: ARCHIVEP-00002, Author: Jay Rosen, PDF generated"
URL423,http://archive.pressthink.org/2004/03/15/lott_case_p.html,10/11/2025 18:38:48,"SUCCESS - ID: ARCHIVEP-00003, Author: Jay Rosen, PDF generated"
URL424,http://archive.pressthink.org/2005/02/05/jdn_note_p.html,,
URL425,http://archive.pressthink.org/2004/01/21/iowa_campbell_p.html,,
URL426,http://archive.pressthink.org/2004/07/30/queda_came_p.html,,
URL427,http://archive.pressthink.org/2003/11/25/public_editor_p.html,,
URL428,http://archive.pressthink.org/2004/10/21/air_sbg_p.html,10/11/2025 18:38:56,"SUCCESS - ID: ARCHIVEP-00008, Author: Jay Rosen, PDF generated"
URL429,http://archive.pressthink.org/2006/01/05/wv_rtwg_p.html,10/11/2025 18:38:57,"SUCCESS - ID: ARCHIVEP-00009, Author: Jay Rosen, PDF generated"
URL430,http://archive.pressthink.org/2004/04/16/con_prelude_p.html,10/11/2025 18:38:59,"SUCCESS - ID: ARCHIVEP-00010, Author: Jay Rosen, PDF generated"
URL431,http://archive.pressthink.org/2004/09/14/legacy_time_p.html,10/11/2025 18:39:01,"SUCCESS - ID: ARCHIVEP-00001, Author: Jay Rosen, PDF generated"
URL432,http://archive.pressthink.org/2006/03/01/bps_launch_p.html,10/11/2025 18:39:02,"SUCCESS - ID: ARCHIVEP-00002, Author: Jay Rosen, PDF generated"
URL433,http://archive.pressthink.org/2004/07/28/con_wisdom_p.html,10/11/2025 18:39:04,"SUCCESS - ID: ARCHIVEP-00003, Author: Jay Rosen, PDF generated"
URL434,http://archive.pressthink.org/2005/11/14/lw_h2tn_p.html,10/11/2025 18:39:06,"SUCCESS - ID: ARCHIVEP-00004, Author: Jay Rosen, PDF generated"
URL435,http://archive.pressthink.org/2004/08/23/swift_sad_p.html,10/11/2025 18:39:07,"SUCCESS - ID: ARCHIVEP-00005, Author: Jay Rosen, PDF generated"
URL436,http://archive.pressthink.org/2006/06/22/knsds_bc4_p.html,10/11/2025 18:39:09,"SUCCESS - ID: ARCHIVEP-00006, Author: Jay Rosen, PDF generated"
URL437,http://archive.pressthink.org/2005/06/05/wtrg_js_p.html,10/11/2025 18:39:11,"SUCCESS - ID: ARCHIVEP-00007, Author: Jay Rosen, PDF generated"
URL438,http://archive.pressthink.org/2003/09/30/falcone_sentence_p.html,10/11/2025 18:39:12,"SUCCESS - ID: ARCHIVEP-00008, Author: Jay Rosen, PDF generated"
URL439,http://archive.pressthink.org/2003/10/09/jarvis_two_p.html,10/11/2025 18:39:14,"SUCCESS - ID: ARCHIVEP-00009, Author: Jay Rosen, PDF generated"
URL440,http://archive.pressthink.org/2010/06/22/reply_ambinder_p.html,10/11/2025 18:39:16,"SUCCESS - ID: ARCHIVEP-00010, Author: Jay Rosen, PDF generated"
URL441,http://archive.pressthink.org/2008/09/03/mccain_strategy_p.html,10/11/2025 18:39:17,"SUCCESS - ID: ARCHIVEP-00001, Author: Jay Rosen, PDF generated"
URL442,http://archive.pressthink.org/2005/01/26/brkm_own_p.html,10/11/2025 18:39:19,"SUCCESS - ID: ARCHIVEP-00002, Author: Jay Rosen, PDF generated"
URL443,http://archive.pressthink.org/2005/10/15/mlr_act_p.html,10/11/2025 18:39:21,"SUCCESS - ID: ARCHIVEP-00003, Author: Jay Rosen, PDF generated"
URL444,http://archive.pressthink.org/2007/01/09/warbloggers_ap_p.html,10/11/2025 18:39:22,"SUCCESS - ID: ARCHIVEP-00004, Author: Jay Rosen, PDF generated"
URL445,http://archive.pressthink.org/2006/08/27/na_jrnl_p.html,10/11/2025 18:39:24,"SUCCESS - ID: ARCHIVEP-00005, Author: Jay Rosen, PDF generated"
URL446,http://archive.pressthink.org/2005/12/17/jb_ldfr_p.html,10/11/2025 18:39:26,"SUCCESS - ID: ARCHIVEP-00006, Author: Jay Rosen, PDF generated"
URL447,http://archive.pressthink.org/2005/01/10/cbs_rept05_p.html,10/11/2025 18:39:27,"SUCCESS - ID: ARCHIVEP-00007, Author: Jay Rosen, PDF generated"
URL448,http://archive.pressthink.org/2003/10/07/postman_life_p.html,10/11/2025 18:39:29,"SUCCESS - ID: ARCHIVEP-00008, Author: Jay Rosen, PDF generated"
URL449,http://archive.pressthink.org/2008/05/29/mcclellan_regrets_p.html,10/11/2025 18:39:31,"SUCCESS - ID: ARCHIVEP-00009, Author: Jay Rosen, PDF generated"
URL450,http://archive.pressthink.org/2008/06/09/fowler_clinton_p.html,10/11/2025 18:39:32,"SUCCESS - ID: ARCHIVEP-00010, Author: Jay Rosen, PDF generated"
URL451,http://archive.pressthink.org/2004/05/21/burns_war_p.html,10/11/2025 18:39:34,"SUCCESS - ID: ARCHIVEP-00001, Author: Jay Rosen, PDF generated"
URL452,http://archive.pressthink.org/2003/12/17/nine_lines_p.html,10/11/2025 18:39:36,"SUCCESS - ID: ARCHIVEP-00002, Author: Jay Rosen, PDF generated"
URL453,http://archive.pressthink.org/2005/05/13/okrt_prs_p.html,10/11/2025 18:39:38,"SUCCESS - ID: ARCHIVEP-00003, Author: Jay Rosen, PDF generated"
URL454,http://archive.pressthink.org/2006/06/22/blgrc_iv_p.html,10/11/2025 18:39:39,"SUCCESS - ID: ARCHIVEP-00004, Author: Jay Rosen, PDF generated"
URL455,http://archive.pressthink.org/2005/08/05/nvk_strm_p.html,10/11/2025 18:39:41,"SUCCESS - ID: ARCHIVEP-00005, Author: Jay Rosen, PDF generated"
URL456,http://archive.pressthink.org/2005/06/15/rsf_awd_p.html,10/11/2025 18:39:42,"SUCCESS - ID: ARCHIVEP-00006, Author: Jay Rosen, PDF generated"
URL457,http://archive.pressthink.org/2007/06/19/otb_amze_p.html,10/11/2025 18:39:44,
URL458,http://archive.pressthink.org/2006/07/25/nadn_qa_p.html,,
URL459,http://archive.pressthink.org/2005/01/22/ktc_live_p.html,,
URL460,http://archive.pressthink.org/2006/10/04/slashdot_reader_p.html,,
URL461,http://archive.pressthink.org/2003/08/25/recall_cliches_p.html,,
URL462,http://archive.pressthink.org/2004/10/02/coleman_hit_p.html,,
URL463,http://archive.pressthink.org/2009/03/26/flying_seminar_p.html,,
URL464,http://archive.pressthink.org/2004/12/09/spn_stone_p.html,10/11/2025 18:39:55,"SUCCESS - ID: ARCHIVEP-00004, Author: Jay Rosen, PDF generated"
URL465,http://archive.pressthink.org/2005/01/28/arch_fwp_p.html,10/11/2025 18:39:56,"SUCCESS - ID: ARCHIVEP-00005, Author: Jay Rosen, PDF generated"
URL466,http://archive.pressthink.org/2004/11/29/loser_bgmd_p.html,10/11/2025 18:39:58,"SUCCESS - ID: ARCHIVEP-00006, Author: Jay Rosen, PDF generated"
URL467,http://archive.pressthink.org/2003/10/30/fox_thememo_p.html,10/11/2025 18:40:00,"SUCCESS - ID: ARCHIVEP-00007, Author: Jay Rosen, PDF generated"
URL468,http://archive.pressthink.org/2004/01/19/dean_primer_p.html,10/11/2025 18:40:02,"SUCCESS - ID: ARCHIVEP-00008, Author: Jay Rosen, PDF generated"
URL469,http://archive.pressthink.org/2004/07/25/nwsdy_bos_p.html,10/11/2025 18:40:03,"SUCCESS - ID: ARCHIVEP-00009, Author: Jay Rosen, PDF generated"
URL470,http://archive.pressthink.org/2006/12/18/suskind_empiricism_p.html,10/11/2025 18:40:05,"SUCCESS - ID: ARCHIVEP-00010, Author: Jay Rosen, PDF generated"
URL471,http://archive.pressthink.org/2003/10/25/bias_answers_p.html,10/11/2025 18:40:06,"SUCCESS - ID: ARCHIVEP-00001, Author: Jay Rosen, PDF generated"
URL472,http://archive.pressthink.org/2007/03/09/libby_fdl_p.html,10/11/2025 18:40:08,"SUCCESS - ID: ARCHIVEP-00002, Author: Jay Rosen, PDF generated"
URL473,http://archive.pressthink.org/2005/10/31/bry_tmsm_p.html,10/11/2025 18:40:10,"SUCCESS - ID: ARCHIVEP-00003, Author: Jay Rosen, PDF generated"
URL474,http://archive.pressthink.org/2005/06/28/malr_blg_p.html,10/11/2025 18:40:11,"SUCCESS - ID: ARCHIVEP-00004, Author: Jay Rosen, PDF generated"
URL475,http://archive.pressthink.org/2007/05/17/interview_week_p.html,10/11/2025 18:40:13,"SUCCESS - ID: ARCHIVEP-00005, Author: Jay Rosen, PDF generated"
URL476,http://archive.pressthink.org/2008/07/08/big_daddy_left_p.html,10/11/2025 18:40:15,"SUCCESS - ID: ARCHIVEP-00006, Author: Jay Rosen, PDF generated"
URL477,http://archive.pressthink.org/2005/04/21/nol_stnd_p.html,10/11/2025 18:40:16,"SUCCESS - ID: ARCHIVEP-00007, Author: Jay Rosen, PDF generated"
URL478,http://archive.pressthink.org/2004/07/21/mailer_con_p.html,10/11/2025 18:40:18,"SUCCESS - ID: ARCHIVEP-00008, Author: Jay Rosen, PDF generated"
URL479,http://archive.pressthink.org/2007/08/03/yearly_kos_note_p.html,10/11/2025 18:40:20,"SUCCESS - ID: ARCHIVEP-00009, Author: Jay Rosen, PDF generated"
URL480,http://archive.pressthink.org/2004/12/10/cbs_lstn_p.html,10/11/2025 18:40:24,"SUCCESS - ID: ARCHIVEP-00010, Author: Jay Rosen, PDF generated"
URL481,http://archive.pressthink.org/2005/07/07/novk_ch_p.html,10/11/2025 18:40:26,"SUCCESS - ID: ARCHIVEP-00001, Author: Jay Rosen, PDF generated"
URL482,http://archive.pressthink.org/2003/09/25/jjarvis_one_p.html,10/11/2025 18:40:28,"SUCCESS - ID: ARCHIVEP-00002, Author: Jay Rosen, PDF generated"
URL483,http://archive.pressthink.org/2003/10/22/gross_question_p.html,10/11/2025 18:40:29,"SUCCESS - ID: ARCHIVEP-00003, Author: Jay Rosen, PDF generated"
URL484,http://archive.pressthink.org/2006/06/02/pray_phl_p.html,10/11/2025 18:40:31,"SUCCESS - ID: ARCHIVEP-00004, Author: Jay Rosen, PDF generated"
URL485,http://archive.pressthink.org/2005/01/21/berk_essy_p.html,10/11/2025 18:40:33,"SUCCESS - ID: ARCHIVEP-00005, Author: Jay Rosen, PDF generated"
URL486,http://archive.pressthink.org/2003/10/23/doc_inconclusive_p.html,10/11/2025 18:40:34,"SUCCESS - ID: ARCHIVEP-00006, Author: Jay Rosen, PDF generated"
URL487,http://archive.pressthink.org/2005/02/11/esn_res_p.html,10/11/2025 18:40:36,"SUCCESS - ID: ARCHIVEP-00007, Author: Jay Rosen, PDF generated"
URL488,http://archive.pressthink.org/2007/03/29/porter_mclellan_p.html,10/11/2025 18:40:37,"SUCCESS - ID: ARCHIVEP-00008, Author: Jay Rosen, PDF generated"
URL489,http://archive.pressthink.org/2004/06/17/bias_ward_p.html,10/11/2025 18:40:39,"SUCCESS - ID: ARCHIVEP-00009, Author: Jay Rosen, PDF generated"
URL490,http://archive.pressthink.org/2005/05/17/nwsk_err_p.html,10/11/2025 18:40:41,"SUCCESS - ID: ARCHIVEP-00010, Author: Jay Rosen, PDF generated"
URL491,http://archive.pressthink.org/2005/02/10/jrd_qust_p.html,10/11/2025 18:40:43,"SUCCESS - ID: ARCHIVEP-00001, Author: Jay Rosen, PDF generated"
URL492,http://archive.pressthink.org/2005/06/19/dwn_mmo_p.html,10/11/2025 18:40:45,"SUCCESS - ID: ARCHIVEP-00002, Author: Jay Rosen, PDF generated"
URL493,http://archive.pressthink.org/2007/09/04/grnwl_rove_p.html,10/11/2025 18:40:46,"SUCCESS - ID: ARCHIVEP-00003, Author: Jay Rosen, PDF generated"
URL494,http://archive.pressthink.org/2004/03/08/weblog_demos_p.html,,
URL495,http://archive.pressthink.org/2004/01/28/cowles_speech_p.html,,
URL496,http://archive.pressthink.org/2005/05/22/trst_nwsk_p.html,,
URL497,http://archive.pressthink.org/2008/05/06/mouse_media_p.html,,
URL498,https://www.platformer.news/jeff-bezos-washington-post-endorsement-view-from-nowhere/,10/11/2025 18:40:54,"SUCCESS - ID: WWWPLATF-00001, Author: Unknown Author, PDF generated"
URL499,https://www.bylinesupplement.com/p/trump-truth-and-freedom-from-fact,10/11/2025 18:40:57,"SUCCESS - ID: WWWBYLIN-00001, Author: Byline Supplement, PDF generated"
URL500,https://podcasts.apple.com/ca/podcast/s3-ep-9-jay-rosen-and-nicholas-johnson-on-what-the/id1439735906?i=1000468646496,10/11/2025 18:40:59,"SUCCESS - ID: PODCASTS-00001, Author: Unknown Author, PDF generated"
URL501,https://www.vox.com/policy-and-politics/21495104/donald-trump-media-2020-election-jay-rosen,10/11/2025 18:41:02,"SUCCESS - ID: WWWVOXCO-00001, Author: Sean Illing, PDF generated"
URL502,https://www.nybooks.com/online/2020/11/01/americas-press-and-the-asymmetric-war-for-truth/,10/11/2025 18:41:04,"SUCCESS - ID: WWWNYBOO-00001, Author: Jay Rosen, PDF generated"
URL503,https://www.cnn.com/videos/business/2021/12/12/professor-jay-rosen-on-pro-democracy-agenda-for-media.cnn,10/11/2025 18:41:07,"SUCCESS - ID: WWWCNNCO-00001, Author: Unknown Author, PDF generated"
URL504,https://podcasts.apple.com/ca/podcast/how-do-you-report-the-news-in-a-post-truth-world/id1484910273?i=1000700735339,10/11/2025 18:41:09,"SUCCESS - ID: PODCASTS-00001, Author: Unknown Author, PDF generated"
URL505,https://www.gazettenet.com/Reporters-speak-at-Deerfield-Academy-on-the-landscape-of-political-journalism-57634448,10/11/2025 18:41:14,"SUCCESS - ID: WWWGAZET-00001, Author: Chris Larabee, PDF generated"
URL506,https://www.msnbc.com/rachel-maddow/watch/how-verification-in-reverse-powers-the-conservative-media-bubble-and-right-wing-politics-171238469543,10/11/2025 18:41:17,"SUCCESS - ID: WWWMSNBC-00001, Author: Unknown Author, PDF generated"
URL507,https://www.poynter.org/reporting-editing/2020/how-to-serve-up-a-tasty-truth-sandwich/,10/11/2025 18:41:19,"SUCCESS - ID: WWWPOYNT-00001, Author: Roy Peter Clark, PDF generated"
URL508,https://presswatchers.org/2022/11/why-arent-mainstream-journalists-sounding-the-alarm-about-the-threat-to-democracy/,10/11/2025 18:41:21,"SUCCESS - ID: PRESSWAT-00001, Author: Dan Froomkin, PDF generated"
URL509,https://www.nytimes.com/2021/11/12/podcasts/transcript-ezra-klein-show-jay-rosen.html,10/11/2025 18:41:24,"SUCCESS - ID: NYT-00001, Author: Unknown Author, PDF generated"
URL510,https://www.niemanlab.org/2018/12/jay-rosen-pitches-the-english-language-correspondent-on-the-daily-show/,10/11/2025 18:41:29,"SUCCESS - ID: WWWNIEMA-00001, Author: Neel Dhanesha, PDF generated"
URL511,https://www.washingtonpost.com/news/in-theory/wp/2016/07/13/donald-trump-is-crashing-the-system-journalists-need-to-build-a-new-one/,10/11/2025 18:41:51,"FAILED - Scraping failed: HTTPSConnectionPool(host='www.washingtonpost.com', port=443): Read timed out. (read timeout=20)"
URL512,https://comms.byu.edu/dr-jay-rosen-encourages-students-to-see-their-publics-as-people/,10/11/2025 18:41:54,"SUCCESS - ID: COMMSBYU-00001, Author: Unknown Author, PDF generated"
URL513,https://youtu.be/97OIQWpP27k,10/11/2025 18:41:56,"SUCCESS - ID: YOUTUBE-00001, Author: Unknown Author, "
URL514,https://youtu.be/q-uzK-SXNKo,10/11/2025 18:41:59,"SUCCESS - ID: YOUTUBE-00002, Author: Unknown Author, "
URL515,https://www.adweek.com/tvnewser/jay-rosen-is-the-leave-it-there-era-ending-at-cnn/,10/11/2025 18:42:01,"SUCCESS - ID: WWWADWEE-00001, Author: Unknown Author, PDF generated"
URL516,https://pressthink.org/2011/07/cnn-leaves-it-there-is-now-officially-a-problem-at-cnn/,10/11/2025 18:42:04,"SUCCESS - ID: PRESSTH-00001, Author: Jay Rosen, PDF generated"
URL517,https://thecorrespondent.com/717/in-the-2020-us-election-journalists-need-an-agenda-defending-democracy,10/11/2025 18:42:06,"SUCCESS - ID: THECORRE-00001, Author: Jay Rosen, PDF generated"
URL518,https://thecorrespondent.com/734/dont-let-trump-be-the-protagonist-of-the-pandemic-and-four-other-ways-the-media-can-improve-how-it-covers-the-coronavirus,10/11/2025 18:42:08,"SUCCESS - ID: THECORRE-00002, Author: Jay Rosen, PDF generated"
URL519,https://thecorrespondent.com/757/four-radical-ways-the-media-can-protect-us-democracy-from-trump,10/11/2025 18:42:09,"SUCCESS - ID: THECORRE-00003, Author: Jay Rosen, PDF generated"
URL520,https://thecorrespondent.com/770/to-protect-democracy-journalists-need-to-learn-to-think-like-hackers-and-spies,10/11/2025 18:42:11,"SUCCESS - ID: THECORRE-00004, Author: Jay Rosen, PDF generated"
URL521,https://www.cjr.org/cover_story/the_awayness_problem.php,10/11/2025 18:42:13,"SUCCESS - ID: CJR-00001, Author: ByJay Rosen, PDF generated"
URL522,https://www.cjr.org/campaign_desk/jay_rosen_in_oz_horserace_jour.php,10/11/2025 18:42:15,"SUCCESS - ID: CJR-00002, Author: ByJoel Meares, PDF generated"
URL523,https://www.cjr.org/cover_story/what_is_journalism_for.php,10/11/2025 18:42:17,"SUCCESS - ID: CJR-00003, Author: ByThe Editors, PDF generated"
URL524,https://www.nybooks.com/online/2018/04/25/why-trump-is-winning-and-the-press-is-losing/,10/11/2025 18:42:19,"SUCCESS - ID: WWWNYBOO-00001, Author: Jay Rosen, PDF generated"
URL525,https://www.thenation.com/article/archive/forecast-snow/,10/11/2025 18:42:22,"SUCCESS - ID: NATION-00001, Author: https://www.thenation.com/authors, PDF generated"
URL526,https://www.washingtonpost.com/posteverything/wp/2014/07/03/dont-blame-facebook-for-screwing-with-your-mood-blame-academia/,10/11/2025 18:42:44,"FAILED - Scraping failed: HTTPSConnectionPool(host='www.washingtonpost.com', port=443): Read timed out. (read timeout=20)"
URL527,https://www.washingtonpost.com/opinions/should-the-media-boycott-the-white-house/2017/03/01/57d3968e-fed2-11e6-8ebe-6e0dbe4f2bca_story.html,10/11/2025 18:43:06,"FAILED - Scraping failed: HTTPSConnectionPool(host='www.washingtonpost.com', port=443): Read timed out. (read timeout=20)"
URL528,https://www.washingtonpost.com/politics/2022/10/24/elections-democracy-trump/,10/11/2025 18:43:27,"FAILED - Scraping failed: HTTPSConnectionPool(host='www.washingtonpost.com', port=443): Read timed out. (read timeout=20)"
URL530,https://margaretsullivan.substack.com/p/a-media-critic-urged-not-the-odds,10/11/2025 18:43:32,"SUCCESS - ID: MARGARET-00001, Author: Margaret Sullivan, PDF generated"
URL531,https://www.theguardian.com/commentisfree/cifamerica/2011/jul/19/rupert-murdoch-phone-hacking,10/11/2025 18:43:37,"SUCCESS - ID: WWWTHEGU-00001, Author: https://www.theguardian.com/profile/jay-rosen, PDF generated"
URL532,https://www.theguardian.com/commentisfree/cifamerica/2011/dec/08/citizens-agenda-election-coverage,10/11/2025 18:43:40,"SUCCESS - ID: WWWTHEGU-00002, Author: Unknown Author, PDF generated"
URL533,https://www.theguardian.com/world/2012/feb/28/citizens-agenda-gop-debate-arizona,10/11/2025 18:43:42,"SUCCESS - ID: WWWTHEGU-00003, Author: Unknown Author, PDF generated"
URL534,https://www.theguardian.com/world/2012/feb/16/gop-debate-questions-citizens-agenda,10/11/2025 18:43:44,"SUCCESS - ID: WWWTHEGU-00004, Author: Unknown Author, PDF generated"
URL535,https://www.theguardian.com/world/2012/jul/05/2012-presidential-electioncommunity-agenda,10/11/2025 18:43:46,"SUCCESS - ID: WWWTHEGU-00005, Author: Unknown Author, PDF generated"
URL536,https://www.theguardian.com/commentisfree/2012/oct/16/us-presidential-debates-us-elections-2012-candy-crowley-obama-romney,10/11/2025 18:43:48,"SUCCESS - ID: WWWTHEGU-00006, Author: https://www.theguardian.com/profile/jay-rosen, PDF generated"
URL537,https://www.theguardian.com/commentisfree/2013/sep/10/nsa-matthew-green-takedown-blog-post-johns-hopkins,10/11/2025 18:43:50,"SUCCESS - ID: WWWTHEGU-00007, Author: https://www.theguardian.com/profile/jay-rosen, PDF generated"
URL538,https://www.theguardian.com/commentisfree/2016/nov/01/newspapers-should-tell-truth-about-donald-trump-jay-rosen,10/11/2025 18:43:52,"SUCCESS - ID: WWWTHEGU-00008, Author: https://www.theguardian.com/profile/jay-rosen, PDF generated"
URL539,https://www.niemanlab.org/2013/01/press-publish-3-jay-rosen-on-the-public-how-the-press-thinks-and-the-production-of-innocence/,10/11/2025 18:43:56,"SUCCESS - ID: WWWNIEMA-00001, Author: Joshua Benton, PDF generated"
URL540,https://pulitzercenter.org/stories/international-journalism-festival-fair-and-balanced-or-false-equivalence,10/11/2025 18:43:57,FAILED - Scraping failed: 403 Client Error: Forbidden for url: https://pulitzercenter.org/stories/international-journalism-festival-fair-and-balanced-or-false-equivalence
URL541,https://youtu.be/FJbr29BPksY,10/11/2025 18:44:00,"SUCCESS - ID: YOUTUBE-00001, Author: Unknown Author, "
URL542,https://www.nytimes.com/2002/11/26/books/books-of-the-times-when-is-a-car-a-truck-if-uncle-sam-says-so.html,10/11/2025 18:44:03,"SUCCESS - ID: NYT-00001, Author: Unknown Author, PDF generated"
URL543,https://berks.psu.edu/sites/berks/files/campus/rosen.pdf,10/11/2025 18:44:05,"SUCCESS - ID: BERKSPSU-00001, Author: Unknown Author, "
URL544,https://www.columbia.edu/itc/journalism/j6075/edit/rosen.html,10/11/2025 18:44:07,FAILED - Scraping failed: 403 Client Error: Forbidden for url: https://www.columbia.edu/itc/journalism/j6075/edit/rosen.html
URL545,https://www.civicstory.org/reporting/2024/10/3/what-do-you-want-to-ask-the-candidates-engaging-voters-with-jay-rosen,10/11/2025 18:44:09,FAILED - Scraping failed: 404 Client Error: Not Found for url: https://www.civicstory.org/reporting/2024/10/3/what-do-you-want-to-ask-the-candidates-engaging-voters-with-jay-rosen
URL546,https://soundcloud.com/techdirt/how-fact-checking-fails,10/11/2025 18:44:11,"SUCCESS - ID: SOUNDCLO-00001, Author: Unknown Author, PDF generated"
URL547,https://www.techdirt.com/2024/08/27/techdirt-podcast-episode-401-how-fact-checking-fails/,10/11/2025 18:44:13,"SUCCESS - ID: WWWTECHD-00001, Author: Tue, Aug 27th 2024 01:45pm -Leigh Beadon, PDF generated"
URL548,https://www.techdirt.com/2018/10/23/axios-ridiculously-calls-newsrooms-to-ban-journalists-having-opinions-online/,10/11/2025 18:44:15,"SUCCESS - ID: WWWTECHD-00002, Author: Tue, Oct 23rd 2018 12:10pm -Karl Bode, PDF generated"
URL549,https://drilled.media/podcasts/drilled/3/drilleds03-e09,10/11/2025 18:44:17,"SUCCESS - ID: DRILLEDM-00001, Author: Unknown Author, PDF generated"
URL550,https://audioboom.com/posts/8347189-jay-rosen,10/11/2025 18:44:19,"SUCCESS - ID: AUDIOBOO-00001, Author: Unknown Author, PDF generated"
URL551,https://the-rebooting-show.captivate.fm/episode/nyus-jay-rosen-on-why-news-needs-subsidies,10/11/2025 18:44:21,"SUCCESS - ID: THEREBOO-00001, Author: Unknown Author, PDF generated"
URL552,https://ethanzuckerman.com/2025/03/13/jay-rosen-and-taylor-owen-can-journalism-survive-trump-can-democracy/,10/11/2025 18:44:24,"SUCCESS - ID: ETHANZUC-00001, Author: Ethan, PDF generated"
URL553,https://alexandraborchardt.com/jay-rosen-journalists-have-to-become-more-explicitely-pro-democracy/,10/11/2025 18:44:26,"SUCCESS - ID: ALEXANDR-00001, Author: byAlexandra Borchardt, PDF generated"
URL554,https://journalismcourses.org/wp-content/uploads/2020/07/TrustVerification-Jay-Rosen-Interview.pdf,10/11/2025 18:44:29,"SUCCESS - ID: JOURNALI-00001, Author: Unknown Author, "
URL555,https://www.wnycstudios.org/podcasts/otm/segments/year-threat-democracy-on-the-media,10/11/2025 18:44:31,"SUCCESS - ID: WWWWNYCS-00001, Author: Unknown Author, PDF generated"
URL556,https://localnewsmatterspodcast.com/reimagining-local-election-coverage-for-community-trust-with-nyus-jay-rosen-lnm-episode-36/,10/11/2025 18:44:33,FAILED - Scraping failed: 403 Client Error: Forbidden for url: https://localnewsmatterspodcast.com/reimagining-local-election-coverage-for-community-trust-with-nyus-jay-rosen-lnm-episode-36/
URL557,https://podcasts.apple.com/no/podcast/trump-and-the-threat-to-democracy/id1522910878,10/11/2025 18:44:36,"SUCCESS - ID: PODCASTS-00001, Author: Unknown Author, PDF generated"
URL558,https://podcasts.apple.com/us/podcast/how-do-you-report-the-news-in-a-post-truth-world/id1484910273,10/11/2025 18:44:38,"SUCCESS - ID: PODCASTS-00002, Author: LisaIsHereForIt, PDF generated"
URL559,https://lucid.substack.com/p/lucid-interview-jay-rosen,10/11/2025 18:44:40,"SUCCESS - ID: LUCIDSUB-00001, Author: Ruth Ben-Ghiat, PDF generated"
URL560,https://www.techdirt.com/tag/jay-rosen/,10/11/2025 18:44:42,"SUCCESS - ID: WWWTECHD-00001, Author: Tue, Aug 27th 2024 01:45pm -Leigh Beadon, PDF generated"
URL561,https://x.com/jayrosen_nyu,10/11/2025 18:44:44,"SUCCESS - ID: XCOM-00001, Author: Unknown Author, PDF generated"
URL562,https://bsky.app/profile/jayrosen.bsky.social,10/11/2025 18:44:46,"SUCCESS - ID: BSKYAPP-00001, Author: Unknown Author, PDF generated"
URL563,https://www.threads.com/@jayrosen_nyc,10/11/2025 18:44:48,"SUCCESS - ID: WWWTHREA-00001, Author: Unknown Author, "
URL564,https://dankennedy.net/2025/06/11/abc-goes-too-far-in-pushing-out-terry-moran-plus-googles-ai-assault-and-jay-rosen-moves-on/,10/11/2025 18:44:51,"SUCCESS - ID: DANKENNE-00001, Author: AuthorDan Kennedy, PDF generated"
URL565,https://podcasts.apple.com/us/podcast/nyus-jay-rosen-on-the-economics-of-news/id1595625177,10/11/2025 18:44:53,"SUCCESS - ID: PODCASTS-00001, Author: Matt Rodbard, PDF generated"
URL566,https://podcasts.apple.com/au/podcast/trump-and-conspiracies-does-the-truth-even-matter-now/id1708209227,10/11/2025 18:44:56,"SUCCESS - ID: PODCASTS-00002, Author: Unknown Author, PDF generated"
URL567,https://www.thecitizensagenda.org,10/11/2025 18:44:58,"SUCCESS - ID: WWWTHECI-00001, Author: Unknown Author, PDF generated"
URL568,https://pressthink.org/2019/06/key-steps-in-the-citizens-agenda-style-of-campaign-coverage/,10/11/2025 18:45:00,"SUCCESS - ID: PRESSTH-00001, Author: Jay Rosen, PDF generated"
URL569,https://www.youtube.com/watch?v=9HFfNvhyozY,10/11/2025 18:45:02,"SUCCESS - ID: WWWYOUTU-00001, Author: Unknown Author, "
URL570,https://www.youtube.com/watch?v=fGHw9GyoUXs,10/11/2025 18:45:05,"SUCCESS - ID: WWWYOUTU-00002, Author: Unknown Author, "
URL571,https://youtu.be/X8GwnJr4zyA,10/11/2025 18:45:08,"SUCCESS - ID: YOUTUBE-00001, Author: Unknown Author, "
URL572,https://youtu.be/HGHTrqQ5X5A,10/11/2025 18:45:11,"SUCCESS - ID: YOUTUBE-00002, Author: Unknown Author, "
URL573,https://youtu.be/6sXPnlHoGGw,10/11/2025 18:45:14,"SUCCESS - ID: YOUTUBE-00003, Author: Unknown Author, "
URL574,https://youtu.be/TXRlpwfFDFY,10/11/2025 18:45:16,"SUCCESS - ID: YOUTUBE-00004, Author: Unknown Author, "
URL575,https://youtu.be/xWyAMD0ng4U,10/11/2025 18:45:19,"SUCCESS - ID: YOUTUBE-00005, Author: Unknown Author, "
URL576,https://youtu.be/1hdMrHgdQP0,10/11/2025 18:45:22,"SUCCESS - ID: YOUTUBE-00006, Author: Unknown Author, "
URL577,https://www.youtube.com/live/FT2NucG2ml4?si=ax_DHsmNtWbF0_cV,10/11/2025 18:45:25,"SUCCESS - ID: WWWYOUTU-00001, Author: Unknown Author, "
URL578,https://youtu.be/WCgvkslCzTo,10/11/2025 18:45:28,"SUCCESS - ID: YOUTUBE-00007, Author: Unknown Author, "
URL579,https://youtu.be/G0egTvBfyUA,10/11/2025 18:45:34,"SUCCESS - ID: YOUTUBE-00008, Author: Unknown Author, "
URL580,https://youtu.be/xSOZ_zH5cog,10/11/2025 18:45:37,"SUCCESS - ID: YOUTUBE-00009, Author: Unknown Author, "
URL581,https://www.youtube.com/live/8harFkVHmUw?si=t2efTG0vG84v3Jvz,10/11/2025 18:45:39,"SUCCESS - ID: WWWYOUTU-00001, Author: Unknown Author, "
URL582,https://youtu.be/iusjWA0EMrw,10/11/2025 18:45:43,"SUCCESS - ID: YOUTUBE-00001, Author: Unknown Author, "
URL583,https://youtu.be/EqcaBhlPs9k,10/11/2025 18:45:45,"SUCCESS - ID: YOUTUBE-00002, Author: Unknown Author, "
URL584,https://youtu.be/HGh7Uy-V0e8,10/11/2025 18:45:48,"SUCCESS - ID: YOUTUBE-00003, Author: Unknown Author, "
URL585,https://youtu.be/-PHFCHjLANE,10/11/2025 18:45:52,"SUCCESS - ID: YOUTUBE-00004, Author: Unknown Author, "
URL586,https://youtu.be/_AhDQst-XYw,10/11/2025 18:45:55,"SUCCESS - ID: YOUTUBE-00005, Author: Unknown Author, "
URL587,https://youtu.be/EVfF3pBHwTc,10/11/2025 18:45:57,"SUCCESS - ID: YOUTUBE-00006, Author: Unknown Author, "
URL588,https://youtu.be/n8PtTFGl6hg,10/11/2025 18:46:00,"SUCCESS - ID: YOUTUBE-00007, Author: Unknown Author, "
URL589,https://youtu.be/9AI1nKxxEcc,10/11/2025 18:46:03,"SUCCESS - ID: YOUTUBE-00008, Author: Unknown Author, "
URL590,https://youtu.be/o_SzPrd2RNw,10/11/2025 18:46:06,"SUCCESS - ID: YOUTUBE-00009, Author: Unknown Author, "
URL591,https://youtu.be/WlaElJ6a-1s,10/11/2025 18:46:09,"SUCCESS - ID: YOUTUBE-00001, Author: Unknown Author, "
URL592,https://youtu.be/TsnVBVMijVY,10/11/2025 18:46:12,"SUCCESS - ID: YOUTUBE-00002, Author: Unknown Author, "
URL593,https://youtu.be/gU-DpoxGmfU,10/11/2025 18:46:15,"SUCCESS - ID: YOUTUBE-00003, Author: Unknown Author, "
URL594,https://youtu.be/Za7ssuNyzE0,10/11/2025 18:46:18,"SUCCESS - ID: YOUTUBE-00004, Author: Unknown Author, "
URL595,https://youtu.be/BdJAL-wWAZU,10/11/2025 18:46:21,"SUCCESS - ID: YOUTUBE-00005, Author: Unknown Author, "
URL596,https://youtu.be/sPB02du_gJQ,10/11/2025 18:46:24,"SUCCESS - ID: YOUTUBE-00006, Author: Unknown Author, "
URL597,https://youtu.be/1jvaXYX-OsI,10/11/2025 18:46:27,"SUCCESS - ID: YOUTUBE-00007, Author: Unknown Author, "
URL598,https://youtu.be/6_a0-q7hsD0,10/11/2025 18:46:30,"SUCCESS - ID: YOUTUBE-00008, Author: Unknown Author, "
URL599,https://youtu.be/qjnrqZEDaYI,10/11/2025 18:46:33,"SUCCESS - ID: YOUTUBE-00009, Author: Unknown Author, "
URL600,https://youtu.be/Z9lv5_sDUDU,10/11/2025 18:46:35,"SUCCESS - ID: YOUTUBE-00010, Author: Unknown Author, "
URL601,https://youtu.be/QFtAT5RZOVs,10/11/2025 18:46:38,"SUCCESS - ID: YOUTUBE-00001, Author: Unknown Author, "
URL602,https://youtu.be/QcYSmRZuep4,10/11/2025 18:46:41,"SUCCESS - ID: YOUTUBE-00002, Author: Unknown Author, "
URL603,https://youtu.be/HoMNqNiOvtU,10/11/2025 18:46:44,"SUCCESS - ID: YOUTUBE-00003, Author: Unknown Author, "
URL604,https://youtu.be/_y9G3QhpFig,10/11/2025 18:46:47,"SUCCESS - ID: YOUTUBE-00004, Author: Unknown Author, "
URL605,https://youtu.be/2kSv-Q83g1g,10/11/2025 18:46:50,"SUCCESS - ID: YOUTUBE-00005, Author: Unknown Author, "
URL606,https://www.youtube.com/watch?v=xzNCOW_DEPU,10/11/2025 18:46:53,"SUCCESS - ID: WWWYOUTU-00001, Author: Unknown Author, "
URL607,https://www.youtube.com/watch?v=J6plSEivFQs,10/11/2025 18:46:55,"SUCCESS - ID: WWWYOUTU-00002, Author: Unknown Author, "
URL608,https://www.poynter.org/archive/2006/jay-rosen-on-james-carey-an-appreciation/,10/11/2025 18:46:59,"SUCCESS - ID: WWWPOYNT-00001, Author: Jay Rosen, PDF generated"
URL609,https://www.poynter.org/archive/2003/the-bollinger-thesis/,10/11/2025 18:47:01,"SUCCESS - ID: WWWPOYNT-00002, Author: Jay Rosen, PDF generated"
URL610,https://youtu.be/xzNCOW_DEPU,10/11/2025 18:47:04,"SUCCESS - ID: YOUTUBE-00006, Author: Unknown Author, "
URL611,https://www.theatlantic.com/politics/archive/2010/07/the-ideology-of-journalists-a-response-to-jay-rosen/60130/,10/11/2025 18:47:06,"SUCCESS - ID: WWWTHEAT-00001, Author: Marc Ambinder, PDF generated"
URL612,http://collaborativejournalism.org/wp-content/uploads/2022/07/jay-rosen-democracy-day-remarks-20JUL2022.mp3,10/11/2025 18:47:09,"SUCCESS - ID: COLLABOR-00001, Author: Unknown Author, "
URL613,https://pressthink.org/2012/02/npr-tries-to-get-its-pressthink-right/,10/11/2025 18:47:11,"SUCCESS - ID: PRESSTH-00001, Author: Jay Rosen, PDF generated"
URL614,https://current.org/2016/04/the-pub-62-jay-rosen-on-his-love-hate-relationship-with-public-media/,10/11/2025 18:47:13,"SUCCESS - ID: CURRENTO-00001, Author: Adam Ragusea, PDF generated"
URL615,https://www.discovermagazine.com/the-sciences/is-he-said-she-said-were-clueless-coverage-dying,10/11/2025 18:47:16,"SUCCESS - ID: WWWDISCO-00001, Author: ByChris Mooney, PDF generated"
URL616,https://www.theatlantic.com/national/archive/2012/03/npr-tackles-false-equivalence/253712/,10/11/2025 18:47:18,"SUCCESS - ID: WWWTHEAT-00002, Author: James Fallows, PDF generated"
URL617,https://pressthink.org/2014/08/when-quoting-both-sides-and-leaving-it-there-is-the-riskier-call/,10/11/2025 18:47:21,"SUCCESS - ID: PRESSTH-00002, Author: Jay Rosen, PDF generated"
URL618,https://youtu.be/f10nLS__3aE,10/11/2025 18:47:24,"SUCCESS - ID: YOUTUBE-00001, Author: Unknown Author, "
URL619,https://youtu.be/LTUknN1_JR4,10/11/2025 18:47:27,"SUCCESS - ID: YOUTUBE-00002, Author: Unknown Author, "
URL620,https://youtu.be/r0vyFR03LLE,10/11/2025 18:47:29,"SUCCESS - ID: YOUTUBE-00003, Author: Unknown Author, "
URL621,https://youtu.be/C5V5_pE_RcA,10/11/2025 18:47:33,"SUCCESS - ID: YOUTUBE-00001, Author: Unknown Author, "
URL622,https://youtu.be/QB_FM-ilCvk,10/11/2025 18:47:36,"SUCCESS - ID: YOUTUBE-00002, Author: Unknown Author, "
URL623,https://podcasts.apple.com/us/podcast/jay-rosen/id1686973843?i=1000623902777,10/11/2025 18:47:38,"SUCCESS - ID: PODCASTS-00001, Author: Unknown Author, PDF generated"
URL624,https://podcasts.apple.com/gb/podcast/jay-rosen-on-pro-democracy-media-and-what-the/id466789756?i=1000544500543,10/11/2025 18:47:40,"SUCCESS - ID: PODCASTS-00002, Author: Unknown Author, PDF generated"
URL625,https://jayrosen.tumblr.com/post/110043432/mindcasting-defining-the-form-spreading-the-met,10/11/2025 18:47:42,"SUCCESS - ID: JAYROSEN-00001, Author: Peter Vidani, PDF generated"
URL626,https://www.abc.net.au/news/2011-08-30/rosen---why-political-coverage-is-broken/2862328,10/11/2025 18:47:45,"SUCCESS - ID: WWWABCNE-00001, Author: https://www.abc.net.au/news/jay-rosen/45010, PDF generated"
URL627,https://www.youtube.com/watch?v=WMddwEhlUek,10/11/2025 18:47:51,"SUCCESS - ID: WWWYOUTU-00001, Author: Unknown Author, "
URL628,https://pressthink.org/2011/08/why-political-coverage-is-broken/,10/11/2025 18:47:54,"SUCCESS - ID: PRESSTH-00001, Author: Jay Rosen, PDF generated"
URL629,https://www.youtube.com/watch?v=WlaElJ6a-1s,10/11/2025 18:47:56,"SUCCESS - ID: WWWYOUTU-00002, Author: Unknown Author, "
URL630,https://www.youtube.com/watch?v=OUTTBI0I67U,10/11/2025 18:47:59,"SUCCESS - ID: WWWYOUTU-00003, Author: Unknown Author, "
URL631,https://pressthink.org/2009/11/sources-of-subsidy-in-the-production-of-news-a-list/,10/11/2025 18:48:02,"SUCCESS - ID: PRESSTH-00001, Author: Jay Rosen, PDF generated"
URL632,https://pressthink.org/2020/09/notes-on-membership/,10/11/2025 18:48:04,"SUCCESS - ID: PRESSTH-00002, Author: Jay Rosen, PDF generated"
URL633,https://ia803403.us.archive.org/28/items/The_Basement_Interviews/Jay_Rosen_Interview.pdf,10/11/2025 18:48:07,"SUCCESS - ID: IA803403-00001, Author: Unknown Author, "
URL634,https://www.stopthepresses.news/p/q-and-a-with-jay-rosen-how-trump,10/11/2025 18:48:09,"SUCCESS - ID: WWWSTOPT-00001, Author: Mark Jacob, PDF generated"
URL635,https://thedirectoryband.bandcamp.com/track/below-the-fold,10/11/2025 18:48:11,FAILED - Scraping failed: 403 Client Error: Forbidden for url: https://thedirectoryband.bandcamp.com/track/below-the-fold
URL636,https://x.com/jayrosen_nyu/status/1317273282165559299,10/11/2025 18:48:13,"SUCCESS - ID: XCOM-00001, Author: Unknown Author, PDF generated"
URL637,https://pressthink.org/2010/09/the-journalists-formerly-known-as-the-media-my-advice-to-the-next-generation/,10/11/2025 18:48:15,"SUCCESS - ID: PRESSTH-00003, Author: Jay Rosen, PDF generated"
URL638,https://www.abc.net.au/listen/programs/latenightlive/well-leave-it-there-jay-rosen-on-political/2936762,10/11/2025 18:48:18,"SUCCESS - ID: WWWABCNE-00001, Author: Unknown Author, PDF generated"
URL639,https://www.salon.com/2008/01/21/campaign_coverage/,10/11/2025 18:48:19,"SUCCESS - ID: WWWSALON-00001, Author: Jay Rosen, PDF generated"
URL640,The hidden media powers that undermine democracy,10/11/2025 18:48:21,FAILED - Scraping failed: Invalid URL 'The hidden media powers that undermine democracy': No scheme supplied. Perhaps you meant https://The hidden media powers that undermine democracy?
URL641,https://www.cjr.org/campaign_desk/in_defense_of_the_right_kind_o.php,10/11/2025 18:48:23,"SUCCESS - ID: CJR-00001, Author: ByGreg Marx, PDF generated"
URL642,https://outsidethebeltway.com/whats-wrong-with-political-reporting/,10/11/2025 18:48:26,"SUCCESS - ID: OUTSIDET-00001, Author: James Joyner, PDF generated"
URL643,https://www.themonthly.com.au/blog/carping-emissions,10/11/2025 18:48:29,"SUCCESS - ID: WWWTHEMO-00001, Author: Unknown Author, PDF generated"
URL644,https://bellacaledonia.org.uk/2017/05/28/silence-listening-to-silence/,10/11/2025 18:48:31,FAILED - Scraping failed: 403 Client Error: Forbidden for url: https://bellacaledonia.org.uk/2017/05/28/silence-listening-to-silence/
URL645,https://pressthink.org/2011/11/low-information-voters-and-the-political-press/,10/11/2025 18:48:33,"SUCCESS - ID: PRESSTH-00001, Author: Jay Rosen, PDF generated"
URL646,https://pressthink.org/faq/#politics,10/11/2025 18:48:36,"SUCCESS - ID: PRESSTH-00002, Author: Jay Rosen, PDF generated"
URL647,https://pressthink.org/2013/01/mounting-costs-for-the-default-model-of-trust-production-in-american-newsrooms/,10/11/2025 18:48:38,"SUCCESS - ID: PRESSTH-00003, Author: Jay Rosen, PDF generated"
URL648,https://pressthink.org/2016/06/facebook-backs-off-a-bit-from-the-view-from-nowhere/,10/11/2025 18:48:41,"SUCCESS - ID: PRESSTH-00004, Author: Jay Rosen, PDF generated"
URL649,https://www.cjr.org/special_report/view-from-nowhere.php,10/11/2025 18:48:43,"SUCCESS - ID: CJR-00002, Author: ByAtossa Araxia Abrahamian, PDF generated"
URL650,https://www.cjr.org/analysis/objectivity-isnt-a-magic-wand.php,10/11/2025 18:48:45,"SUCCESS - ID: CJR-00003, Author: ByMathew Ingram, PDF generated"
URL651,https://www.cjr.org/analysis/is-objectivity-in-journalism-still-worth-pursuing.php,10/11/2025 18:48:47,"SUCCESS - ID: CJR-00001, Author: ByJulie Gerstein and Margaret Sullivan, PDF generated"
URL652,https://pressthink.org/2018/04/savvy-journalists-say-minimizing-trumps-hate-movement-journalists/,10/11/2025 18:48:49,"SUCCESS - ID: PRESSTH-00001, Author: Jay Rosen, PDF generated"
URL653,https://pressthink.org/2012/08/everything-thats-wrong-with-political-journalism-in-one-washington-post-item/,10/11/2025 18:48:52,"SUCCESS - ID: PRESSTH-00002, Author: Jay Rosen, PDF generated"
URL654,https://www.theatlantic.com/culture/2010/06/is-the-journalistic-ethos-a-form-of-bias/345167/,10/11/2025 18:48:54,"SUCCESS - ID: WWWTHEAT-00001, Author: Jared Keller, PDF generated"
URL655,https://pressthink.org/2018/10/what-the-correspondent-adds-to-the-american-press/,10/11/2025 18:48:57,"SUCCESS - ID: PRESSTH-00003, Author: Jay Rosen, PDF generated"
URL656,https://pressthink.org/2013/10/the-production-of-innocence-in-the-reporting-of-american-politics-a-pressthink-analysis/,10/11/2025 18:48:59,"SUCCESS - ID: PRESSTH-00004, Author: Jay Rosen, PDF generated"
URL657,https://www.bylinesupplement.com/p/putting-the-odds-over-the-stakes,10/11/2025 18:49:01,"SUCCESS - ID: WWWBYLIN-00001, Author: Heidi Cuda, PDF generated"
URL658,https://artscomm.tcnj.edu/2024/10/28/rosen-gives-pro-democracy-talk-to-student-media-community/,10/11/2025 18:49:03,"SUCCESS - ID: ARTSCOMM-00001, Author: Unknown Author, PDF generated"
URL659,https://shorensteincenter.org/commentary/media-can-build-back-trust-covers-trump/,10/11/2025 18:49:06,"SUCCESS - ID: SHORENST-00001, Author: Unknown Author, PDF generated"
URL660,https://economictimes.indiatimes.com/opinion/just-in-jest/not-the-odds-but-the-stakes-risk-worthy/articleshow/99501849.cms?from=mdr,10/11/2025 18:49:08,"SUCCESS - ID: ECONOMIC-00001, Author: Unknown Author, PDF generated"
URL661,https://www.latimes.com/archives/blogs/technology-blog/story/2009-03-11/on-twitter-mindcasting-is-the-new-lifecasting,10/11/2025 18:49:11,"SUCCESS - ID: WWWLATIM-00001, Author: March 11, 20094:45 PM PT, PDF generated"
URL662,https://pressthink.org/2018/11/election-coverage-the-road-not-taken/,10/11/2025 18:49:13,"SUCCESS - ID: PRESSTH-00001, Author: Jay Rosen, PDF generated"
URL663,https://www.ksat.com/business/2025/10/08/in-cbs-role-bari-weiss-goes-from-critic-of-mainstream-news-to-one-of-its-gatekeepers/,10/11/2025 18:49:16,"SUCCESS - ID: WWWKSATC-00001, Author: Matt Sedensky, Associated Press, PDF generated"
URL664,https://newscreatorcorps.org/2025/10/news-consumers-content-creators/,10/11/2025 18:49:18,"SUCCESS - ID: NEWSCREA-00001, Author: Jay Rosen, PDF generated"
URL665,https://reutersinstitute.politics.ox.ac.uk/harm-reduction-playbook-covering-populists,10/11/2025 18:49:20,"SUCCESS - ID: REUTERSI-00001, Author: Unknown Author, PDF generated"
URL666,https://yalebooks.yale.edu/book/9780300089073/what-are-journalists-for/,10/11/2025 18:49:23,"SUCCESS - ID: YALEBOOK-00001, Author: Unknown Author, PDF generated"
URL667,https://pressthink.org/2010/11/the-view-from-nowhere-questions-and-answers/,10/11/2025 18:49:26,"SUCCESS - ID: PRESSTH-00002, Author: Jay Rosen, PDF generated"
URL668,https://pressthink.org/2025/10/some-more-personal-news-october-2025/,10/11/2025 18:49:28,"SUCCESS - ID: PRESSTH-00003, Author: Jay Rosen, PDF generated"
URL669,https://pressthink.org/2025/06/some-personal-news/,10/11/2025 18:49:30,"SUCCESS - ID: PRESSTH-00004, Author: Jay Rosen, PDF generated"
URL670,https://pressthink.org/2022/06/he-used-to-edit-political-stories-at-the-chicago-tribune-now-he-says-the-press-is-failing-our-democracy/,10/11/2025 18:49:33,"SUCCESS - ID: PRESSTH-00005, Author: Jay Rosen, PDF generated"
URL671,https://pressthink.org/2022/03/answers-to-craigs-questions/,10/11/2025 18:49:35,"SUCCESS - ID: PRESSTH-00001, Author: Jay Rosen, PDF generated"
URL672,https://pressthink.org/2022/01/the-savvy-turn-in-political-journalism/,10/11/2025 18:49:37,"SUCCESS - ID: PRESSTH-00002, Author: Jay Rosen, PDF generated"
URL673,https://www.mediatechdemocracy.com/all-podcasts/jay-rosen,10/11/2025 18:49:40,"SUCCESS - ID: WWWMEDIA-00001, Author: MTD Media Tech & Democracy, PDF generated"
URL674,https://www.youtube.com/watch?v=f3j_tV8rfUU,10/11/2025 18:49:46,"SUCCESS - ID: WWWYOUTU-00001, Author: Unknown Author, "
URL675,https://open.spotify.com/episode/4jQpckQSJdZQOceLmICBUH,10/11/2025 18:49:47,"SUCCESS - ID: OPENSPOT-00001, Author: Unknown Author, "
URL676,https://podcasts.apple.com/ua/podcast/jay-rosen-talks-about-american-media-and-presidental/id1667573696?i=1000663407784&l=ru,10/11/2025 18:49:50,"SUCCESS - ID: PODCASTS-00001, Author: Unknown Author, PDF generated"
URL677,https://www.nytimes.com/2021/11/12/opinion/ezra-klein-podcast-jay-rosen.html,10/11/2025 18:49:52,"SUCCESS - ID: NYT-00001, Author: Unknown Author, PDF generated"
URL678,https://www.linkedin.com/posts/lnmpod_localnewsmatters-businessofnews-journalism-activity-7220143011307909120-5fVp,10/11/2025 18:49:55,"SUCCESS - ID: WWWLINKE-00001, Author: Unknown Author, PDF generated"
URL679,https://www.msnbc.com/11th-hour/watch/one-on-one-with-jay-rosen-163866693833,10/11/2025 18:49:57,"SUCCESS - ID: WWWMSNBC-00001, Author: Unknown Author, PDF generated"
URL680,https://www.youtube.com/watch?v=r0vyFR03LLE,10/11/2025 18:50:00,"SUCCESS - ID: WWWYOUTU-00002, Author: Unknown Author, "
URL681,https://www.youtube.com/watch?v=uDOvvnnSxLc,10/11/2025 18:50:02,"SUCCESS - ID: WWWYOUTU-00001, Author: Unknown Author, "
URL682,https://www.youtube.com/watch?v=Y1H0Z8V2uag,10/11/2025 18:50:05,"SUCCESS - ID: WWWYOUTU-00002, Author: Unknown Author, "
URL683,https://www.youtube.com/watch?v=fFbkDEhVNi8,10/11/2025 18:50:08,"SUCCESS - ID: WWWYOUTU-00003, Author: Unknown Author, "
URL684,https://www.youtube.com/watch?v=QcYSmRZuep4,10/11/2025 18:50:10,"SUCCESS - ID: WWWYOUTU-00004, Author: Unknown Author, "
URL685,https://www.youtube.com/watch?v=Z9lv5_sDUDU,10/11/2025 18:50:12,"SUCCESS - ID: WWWYOUTU-00005, Author: Unknown Author, "
URL686,https://www.youtube.com/watch?v=qBFOmUXR080,10/11/2025 18:50:15,"SUCCESS - ID: WWWYOUTU-00006, Author: Unknown Author, "
URL687,https://www.youtube.com/watch?v=Ik3ryiYZoj8,10/11/2025 18:50:17,"SUCCESS - ID: WWWYOUTU-00007, Author: Unknown Author, "
URL688,https://www.youtube.com/watch?v=kT3KVV0jTZ0,10/11/2025 18:50:19,"SUCCESS - ID: WWWYOUTU-00008, Author: Unknown Author, "
URL689,https://onezero.medium.com/the-end-of-social-medias-view-from-nowhere-690103988828,10/11/2025 18:50:21,FAILED - Scraping failed: 429 Client Error: Too Many Requests for url: https://onezero.medium.com/the-end-of-social-medias-view-from-nowhere-690103988828
URL690,https://johnquigginblog.substack.com/p/the-meta-view-from-meta-nowhere,10/11/2025 18:50:23,"SUCCESS - ID: JOHNQUIG-00001, Author: John Quiggin, PDF generated"
URL691,https://www.cjr.org/special_report/view-from-nowhere.php/,10/11/2025 18:50:26,"SUCCESS - ID: CJR-00001, Author: ByAtossa Araxia Abrahamian, PDF generated"
URL692,https://journalismdesign.com/data-view-nowhere/,10/11/2025 18:50:28,"SUCCESS - ID: JOURNALI-00001, Author: Irwin Chen, PDF generated"
URL693,https://www.wnyc.org/story/normal-news-language-unfit-trump/,10/11/2025 18:50:30,FAILED - Scraping failed: 404 Client Error: NOT FOUND for url: https://www.wnyc.org/story/normal-news-language-unfit-trump/
URL694,https://www.carnegiecouncil.org/people/jay-rosen,10/11/2025 18:50:32,"SUCCESS - ID: WWWCARNE-00001, Author: Unknown Author, PDF generated"
URL695,https://thecorrespondent.com/jayrosen,10/11/2025 18:50:34,"SUCCESS - ID: THECORRE-00001, Author: Unknown Author, PDF generated"
URL696,https://en.wikipedia.org/wiki/First_Look_Media,10/11/2025 18:50:36,"SUCCESS - ID: ENWIKIPE-00001, Author: Unknown Author, PDF generated"
URL697,https://www.cjr.org/feature/get_off_the_bus.php,10/11/2025 18:50:39,"SUCCESS - ID: CJR-00002, Author: ByAmanda Michel, PDF generated"
URL698,https://www.theatlantic.com/politics/archive/2013/12/a-news-organization-that-rejects-the-view-from-nowhere/281979/,10/11/2025 18:50:41,"SUCCESS - ID: WWWTHEAT-00001, Author: Conor Friedersdorf, PDF generated"
URL699,https://www.cnn.com/2021/12/12/media/jay-rosen-reliable-sources-political-coverage-democracy,10/11/2025 18:50:43,"SUCCESS - ID: WWWCNNCO-00001, Author: Ramishah Maruf, PDF generated"
URL700,https://journalism.nyu.edu/about-us/news-post/2017/03/28/nyu-journalism-launches-membership-puzzle-project-led-by-prof-jay-rosen/,10/11/2025 18:50:45,"SUCCESS - ID: JOURNALI-00002, Author: Administrator, PDF generated"
URL701,https://www.youtube.com/watch?v=LTUknN1_JR4,10/11/2025 18:50:48,"SUCCESS - ID: WWWYOUTU-00001, Author: Unknown Author, "
URL702,https://mikepesca.substack.com/p/the-media-thought-misleaders,10/11/2025 18:50:50,"SUCCESS - ID: MIKEPESC-00001, Author: Mike Pesca, PDF generated"
URL703,https://pressthink.org/2010/06/clowns-to-the-left-of-me-jokers-to-the-right-on-the-actual-ideology-of-the-american-press/,10/11/2025 18:50:53,"SUCCESS - ID: PRESSTH-00001, Author: Jay Rosen, PDF generated"
URL704,https://pressthink.org/2014/10/first-look-media-a-personal-update/,10/11/2025 18:50:55,"SUCCESS - ID: PRESSTH-00002, Author: Jay Rosen, PDF generated"
URL705,https://www.youtube.com/watch?v=ms548AkFP5s,10/11/2025 18:50:58,"SUCCESS - ID: WWWYOUTU-00002, Author: Unknown Author, "
URL706,https://www.reddit.com/r/Journalism/comments/24a9o6/im_jay_rosen_journalism_professor_at_nyu_adviser/,10/11/2025 18:51:00,"SUCCESS - ID: WWWREDDI-00001, Author: jayrosen_nyu, PDF generated"
URL707,https://archive.pressthink.org/2006/07/25/nadn_qa.html,10/11/2025 18:51:02,"FAILED - Scraping failed: HTTPSConnectionPool(host='archive.pressthink.org', port=443): Max retries exceeded with url: /2006/07/25/nadn_qa.html (Caused by SSLError(SSLCertVerificationError(1, ""[SSL: CERTIFICATE_VERIFY_FAILED] certificate verify failed: Hostname mismatch, certificate is not valid for 'archive.pressthink.org'. (_ssl.c:1028)"")))"
URL708,https://pressthink.org/2018/03/membership-as-a-force-multiplier-beat-reporting-paper/,10/11/2025 18:51:04,"SUCCESS - ID: PRESSTH-00003, Author: Jay Rosen, PDF generated"
URL709,https://archive.pressthink.org/2003/10/07/postman_life.html,10/11/2025 18:51:06,"FAILED - Scraping failed: HTTPSConnectionPool(host='archive.pressthink.org', port=443): Max retries exceeded with url: /2003/10/07/postman_life.html (Caused by SSLError(SSLCertVerificationError(1, ""[SSL: CERTIFICATE_VERIFY_FAILED] certificate verify failed: Hostname mismatch, certificate is not valid for 'archive.pressthink.org'. (_ssl.c:1028)"")))"
URL710,https://archive.pressthink.org/2006/06/27/ppl_frmr.html,10/11/2025 18:51:08,"FAILED - Scraping failed: HTTPSConnectionPool(host='archive.pressthink.org', port=443): Max retries exceeded with url: /2006/06/27/ppl_frmr.html (Caused by SSLError(SSLCertVerificationError(1, ""[SSL: CERTIFICATE_VERIFY_FAILED] certificate verify failed: Hostname mismatch, certificate is not valid for 'archive.pressthink.org'. (_ssl.c:1028)"")))"
URL711,https://www.youtube.com/watch?v=0Vqq7cctmBE,10/11/2025 18:51:10,"SUCCESS - ID: WWWYOUTU-00001, Author: Unknown Author, "
URL712,https://fisherpub.sjf.edu/cgi/viewcontent.cgi?article=1002&context=commj_facpub,10/11/2025 18:51:12,"SUCCESS - ID: FISHERPU-00001, Author: Unknown Author, "
URL713,https://www.signorile.com/p/press-critic-jay-rosen-on-twitter,10/11/2025 18:51:15,"SUCCESS - ID: WWWSIGNO-00001, Author: Michelangelo Signorile, PDF generated"
URL714,https://pressbooks.pub/jan51968/chapter/the-stenography-of-the-msm-jay-rosens-view-from-nowhere-and-why-rachel-maddow-rules/,10/11/2025 18:51:18,"SUCCESS - ID: PRESSBOO-00001, Author: Unknown Author, PDF generated"
URL715,https://entertainment.time.com/2008/04/15/bittergate_and_journo_votingdi/,10/11/2025 18:51:20,"SUCCESS - ID: ENTERTAI-00001, Author: Unknown Author, PDF generated"
URL716,https://ethanzuckerman.com/2005/09/17/jay-rosen-on-political-journalism-blogs-and-truth-telling/,10/11/2025 18:51:22,"SUCCESS - ID: ETHANZUC-00001, Author: Ethan, PDF generated"
URL717,https://www.youtube.com/watch?v=yHnlZWfjwIM,10/11/2025 18:51:25,"SUCCESS - ID: WWWYOUTU-00002, Author: Unknown Author, "
URL718,https://www.youtube.com/watch?v=FT2NucG2ml4,10/11/2025 18:51:28,"SUCCESS - ID: WWWYOUTU-00003, Author: Unknown Author, "
URL719,https://www.youtube.com/watch?v=RIMB9Kx18hw,10/11/2025 18:51:30,"SUCCESS - ID: WWWYOUTU-00004, Author: Unknown Author, "
URL720,https://www.youtube.com/watch?v=MbS5pH5J7Pw,10/11/2025 18:51:33,"SUCCESS - ID: WWWYOUTU-00005, Author: Unknown Author, "
URL721,https://www.youtube.com/watch?v=C5V5_pE_RcA,10/11/2025 18:51:35,"SUCCESS - ID: WWWYOUTU-00001, Author: Unknown Author, "
URL722,https://journalism.nyu.edu/graduate/programs/studio-20-digital-first/faculty/,10/11/2025 18:51:41,"SUCCESS - ID: JOURNALI-00001, Author: Unknown Author, PDF generated"
URL723,https://books.google.com/books/about/Getting_the_connections_right.html?id=I4iy0AEACAAJ,10/11/2025 18:51:43,"SUCCESS - ID: BOOKSGOO-00001, Author: Unknown Author, PDF generated"
URL724,https://www.wnycstudios.org/podcasts/otm/segments/view-nowhere-on-the-media,10/11/2025 18:51:45,"SUCCESS - ID: WWWWNYCS-00001, Author: Unknown Author, PDF generated"
URL725,https://www.salon.com/2009/01/16/rosen/,10/11/2025 18:51:47,"SUCCESS - ID: WWWSALON-00001, Author: Glenn Greenwald, PDF generated"
URL726,https://podcasts.apple.com/us/podcast/its-time-for-the-media-to-choose-neutrality-or-democracy/id1548604447?i=1000541587609,10/11/2025 18:51:49,"SUCCESS - ID: PODCASTS-00001, Author: Unknown Author, PDF generated"
URL727,https://www.edge.org/memberbio/jay_rosen,10/11/2025 18:51:51,"SUCCESS - ID: WWWEDGEO-00001, Author: Unknown Author, PDF generated"
URL728,https://www.wgbh.org/people/jay-rosen,10/11/2025 18:51:53,"SUCCESS - ID: WWWWGBHO-00001, Author: Unknown Author, PDF generated"
URL729,https://niemanwatchdog.org/index.cfm%EF%B9%96fuseaction=about.viewContributors&bioid=126.html,10/11/2025 18:51:55,"SUCCESS - ID: NIEMANWA-00001, Author: Unknown Author, "
URL730,https://www.robertboschacademy.de/en/fellow/jay-rosen,10/11/2025 18:51:58,"SUCCESS - ID: WWWROBER-00001, Author: Unknown Author, PDF generated"
URL731,https://www.theguardian.com/profile/jay-rosen,10/11/2025 18:52:01,"SUCCESS - ID: WWWTHEGU-00001, Author: Unknown Author, PDF generated"
URL732,https://www.thenation.com/authors/jay-rosen/,10/11/2025 18:52:03,"SUCCESS - ID: NATION-00001, Author: https://www.thenation.com/authors, PDF generated"
URL733,https://shorensteincenter.org/person/jay-rosen/,10/11/2025 18:52:05,"SUCCESS - ID: SHORENST-00001, Author: Unknown Author, PDF generated"
URL734,https://en.wikipedia.org/wiki/Jay_Rosen,10/11/2025 18:52:07,"SUCCESS - ID: ENWIKIPE-00001, Author: Unknown Author, PDF generated"
URL735,https://www.smcvt.edu/about-smc/news/2017/february/jay-rosen-addresses-journalisms-changing-landscape/,10/11/2025 18:52:09,"SUCCESS - ID: WWWSMCVT-00001, Author: Graham Bertoni, PDF generated"
URL736,https://www.youtube.com/watch?v=QB_FM-ilCvk,10/11/2025 18:52:11,"SUCCESS - ID: WWWYOUTU-00001, Author: Unknown Author, "
URL737,https://www.niemanlab.org/2013/11/jay-rosen-the-view-from-nowhere-and-arrogance-born-of-monopoly/,10/11/2025 18:52:16,"SUCCESS - ID: WWWNIEMA-00001, Author: Neel Dhanesha, PDF generated"
URL738,https://dankennedy.net/tag/jay-rosen/,10/11/2025 18:52:19,"SUCCESS - ID: DANKENNE-00001, Author: AuthorDan Kennedy, PDF generated"
URL739,https://radioopensource.org/the-news-about-the-news-jay-rosen/,10/11/2025 18:52:21,"FAILED - Scraping failed: HTTPSConnectionPool(host='radioopensource.org', port=443): Max retries exceeded with url: /the-news-about-the-news-jay-rosen/ (Caused by SSLError(SSLError(1, '[SSL: WRONG_VERSION_NUMBER] wrong version number (_ssl.c:1028)')))"
URL740,https://www.youtube.com/watch?v=gLeHDMBF0aE,10/11/2025 18:52:23,"SUCCESS - ID: WWWYOUTU-00002, Author: Unknown Author, "
URL741,https://thecorrespondent.com/7639/pull-up-a-chair-and-listen-in-as-david-fahrenthold-meets-jay-rosen/565121242048-302e328e,10/11/2025 18:52:25,"SUCCESS - ID: THECORRE-00001, Author: Jay Rosen, PDF generated"
URL742,https://www.youtube.com/watch?v=1hdMrHgdQP0,10/11/2025 18:52:28,"SUCCESS - ID: WWWYOUTU-00001, Author: Unknown Author, "
URL743,https://pressthink.org/2020/09/you-might-not-like-it-but-its-smart-politics/,10/11/2025 18:52:30,"SUCCESS - ID: PRESSTH-00001, Author: Jay Rosen, PDF generated"
URL744,https://www.salon.com/2016/11/06/media-critic-jay-rosen-on-2016-campaign-coverage-and-the-rise-of-trump-thats-the-way-authoritarian-societies-work/,10/11/2025 18:52:32,"SUCCESS - ID: WWWSALON-00001, Author: Paul Rosenberg, PDF generated"
URL745,https://www.youtube.com/watch?v=YWvvMiwz4HI,10/11/2025 18:52:35,"SUCCESS - ID: WWWYOUTU-00002, Author: Unknown Author, "
URL746,https://evolvingthoughts.net/the-view-from-nowhere-and-objectivity-in-the-media/,10/11/2025 18:52:39,"SUCCESS - ID: EVOLVING-00001, Author: Unknown Author, PDF generated"
URL747,https://tomdispatch.com/jay-rosen-on-a-political-empire-made-of-tv-stations/,10/11/2025 18:52:41,FAILED - Scraping failed: 403 Client Error: Forbidden for url: https://tomdispatch.com/jay-rosen-on-a-political-empire-made-of-tv-stations/
URL748,https://grist.org/media/verification-in-reverse-a-chat-with-jay-rosen/,10/11/2025 18:52:44,"SUCCESS - ID: GRISTORG-00001, Author: Scott Rosenberg, PDF generated"
URL749,https://www.salon.com/writer/jay_rosen,10/11/2025 18:52:45,"SUCCESS - ID: WWWSALON-00002, Author: Unknown Author, PDF generated"
URL750,https://www.washingtonpost.com/opinions/2021/01/20/media-had-role-play-rise-trump-its-time-hold-ourselves-accountable/,10/11/2025 18:53:07,"FAILED - Scraping failed: HTTPSConnectionPool(host='www.washingtonpost.com', port=443): Read timed out. (read timeout=20)"
URL751,https://www.politico.com/story/2019/01/31/trump-attacks-journalists-study-1139510,10/11/2025 18:53:09,FAILED - Scraping failed: 403 Client Error: Forbidden for url: https://www.politico.com/story/2019/01/31/trump-attacks-journalists-study-1139510
URL752,https://x.com/newsbusters/status/1975986251527254140,10/11/2025 18:53:11,"SUCCESS - ID: XCOM-00001, Author: Unknown Author, PDF generated"
URL753,https://x.com/jayrosen_nyu?lang=en,10/11/2025 18:53:13,"SUCCESS - ID: XCOM-00002, Author: Unknown Author, PDF generated"
URL754,https://x.com/jayrosen_nyu/status/1975999179282579507,10/11/2025 18:53:15,"SUCCESS - ID: XCOM-00003, Author: Unknown Author, PDF generated"
URL755,https://x.com/jayrosen_nyu/status/1975933807455875187,10/11/2025 18:53:17,"SUCCESS - ID: XCOM-00004, Author: Unknown Author, PDF generated"
URL756,https://journalism.nyu.edu/about-us/profile/jay-rosen/,10/11/2025 18:53:19,"SUCCESS - ID: JOURNALI-00001, Author: Unknown Author, PDF generated"
URL757,https://dicktofel.substack.com/p/thinking-about-the-people-formerly,10/11/2025 18:53:21,"SUCCESS - ID: DICKTOFE-00001, Author: Richard J. Tofel, PDF generated"
URL758,https://pressthink.org/2006/06/27/ppl_frmr.html,10/11/2025 18:53:23,FAILED - Scraping failed: 404 Client Error: Not Found for url: https://pressthink.org/2006/06/27/ppl_frmr.html
URL759,https://pressthink.org/2009/04/12/he-said-she-said-journalism-lame-formula-in-the-land-of-the-active-user/,10/11/2025 18:53:26,"SUCCESS - ID: PRESSTH-00002, Author: Jay Rosen, PDF generated"
URL760,https://pressthink.org/2009/01/12/audience-atomization-overcome-why-the-internet-weakens-the-authority-of-the-press/,10/11/2025 18:53:29,"SUCCESS - ID: PRESSTH-00003, Author: Jay Rosen, PDF generated"
URL761,https://pressthink.org/2011/08/26/why-political-coverage-is-broken/,10/11/2025 18:53:33,"SUCCESS - ID: PRESSTH-00001, Author: Jay Rosen, PDF generated"
URL762,https://www.niemanlab.org/2010/10/a-landscape-of-thoughts-jay-rosen-on-pressthinks-new-redesign/,10/11/2025 18:53:36,"SUCCESS - ID: WWWNIEMA-00001, Author: Megan Garber, PDF generated"
URL763,https://pressthink.org/2016/12/winter-is-coming-prospects-for-the-american-press-under-trump/,10/11/2025 18:53:39,FAILED - Scraping failed: 404 Client Error: Not Found for url: https://pressthink.org/2016/12/winter-is-coming-prospects-for-the-american-press-under-trump/
URL764,https://pressthink.org/2017/01/05/prospects-american-press-trump-part-two/,10/11/2025 18:53:42,"SUCCESS - ID: PRESSTH-00003, Author: Jay Rosen, PDF generated"
URL765,https://www.vox.com/recode/2018/9/14/17859340/twitter-ceo-jack-dorsey-jay-rosen-interview-full-transcript-audio,10/11/2025 18:53:44,FAILED - Scraping failed: 404 Client Error: Not Found for url: https://www.vox.com/recode/2018/9/14/17859340/twitter-ceo-jack-dorsey-jay-rosen-interview-full-transcript-audio
URL766,https://pressthink.org/2025/10/some-more-personal-news-october-2025/,,
URL767,https://newscreatorcorps.org/2025/10/news-consumers-content-creators/,2025-10-20 20:06:33,Processed by Zapier
URL768,https://www.washingtonpost.com/opinions/2021/01/20/media-had-role-play-rise-trump-its-time-hold-ourselves-accountable/,2025-10-20 20:21:51,Processed by Zapier
URL769,https://www.politico.com/story/2019/01/31/trump-attacks-journalists-study-1139510,2025-10-20 20:25:02,Processed by Zapier
URL770,https://x.com/newsbusters/status/1975986251527254140,2025-10-20 20:24:58,Processed by Zapier
URL771,https://x.com/jayrosen_nyu?lang=en,2025-10-20 20:17:16,Processed by Zapier
URL772,https://x.com/jayrosen_nyu/status/1975999179282579507,2025-10-20 20:16:37,Processed by Zapier
URL773,https://x.com/jayrosen_nyu/status/1975933807455875187,2025-10-20 20:16:35,Processed by Zapier
URL774,https://journalism.nyu.edu/about-us/profile/jay-rosen/,2025-10-20 20:24:58,Processed by Zapier
URL775,https://dicktofel.substack.com/p/thinking-about-the-people-formerly,2025-10-20 20:16:39,Processed by Zapier
URL776,https://pressthink.org/2006/06/27/ppl_frmr.html,2025-10-20 20:17:16,Processed by Zapier
URL777,https://pressthink.org/2009/04/12/he-said-she-said-journalism-lame-formula-in-the-land-of-the-active-user/,2025-10-20 20:16:23,Processed by Zapier
URL778,https://pressthink.org/2009/01/12/audience-atomization-overcome-why-the-internet-weakens-the-authority-of-the-press/,2025-10-20 20:25:01,Processed by Zapier
URL779,https://pressthink.org/2011/08/26/why-political-coverage-is-broken/,2025-10-20 20:25:04,Processed by Zapier
URL780,https://pressthink.org/2025/10/some-more-personal-news-october-2025/,2025-10-21 10:20:07,Processed by Zapier
URL781,https://tomdispatch.com/jay-rosen-on-a-political-empire-made-of-tv-stations/,2025-10-21 10:20:48,Processed by Zapier
URL782,https://www.politico.com/story/2019/01/31/trump-attacks-journalists-study-1139510,2025-10-21 10:20:24,Processed by Zapier
URL783,https://pressthink.org/2006/06/27/ppl_frmr.html,2025-10-21 10:20:02,Processed by Zapier
URL784,https://radioopensource.org/the-news-about-the-news-jay-rosen/,2025-10-21 10:20:19,Processed by Zapier
URL785,https://archive.org/details/0911848amdocumen00newy,2025-10-21 10:35:25,Processed by Zapier
URL786,https://archive.org/details/rereadingamerica00,2025-10-21 10:33:28,Processed by Zapier
URL787,https://archive.org/details/Mother_Jones_2006_06_04,2025-10-21 10:32:21,Processed by Zapier
URL788,https://newscreatorcorps.org/2025/10/news-consumers-content-creators/,2025-10-21 10:32:21,Processed by Zapier
URL789,https://x.com/newsbusters/status/1975986251527254140,2025-10-21 10:31:57,Processed by Zapier
URL790,https://pressthink.org/2009/04/12/he-said-she-said-journalism-lame-formula-in-the-land-of-the-active-user/,2025-10-21 10:32:53,Processed by Zapier
URL791,https://dicktofel.substack.com/p/thinking-about-the-people-formerly,2025-10-21 10:32:25,Processed by Zapier
URL792,https://x.com/jayrosen_nyu/status/1975933807455875187,2025-10-21 10:32:38,Processed by Zapier
URL793,https://x.com/jayrosen_nyu?lang=en,2025-10-21 10:32:21,Processed by Zapier
URL794,https://x.com/jayrosen_nyu/status/1975999179282579507,2025-10-21 10:32:01,Processed by Zapier
URL795,https://x.com/jayrosen_nyu/status/1975933807455875187,2025-10-21 10:31:53,Processed by Zapier
URL796,https://x.com/jayrosen_nyu/status/1975999179282579507,2025-10-21 10:31:56,Processed by Zapier
URL797,https://dicktofel.substack.com/p/thinking-about-the-people-formerly,2025-10-21 10:32:50,Processed by Zapier
URL798,https://journalism.nyu.edu/about-us/profile/jay-rosen/,2025-10-21 10:32:35,Processed by Zapier
URL799,https://pressthink.org/2009/01/12/audience-atomization-overcome-why-the-internet-weakens-the-authority-of-the-press/,2025-10-21 10:32:18,Processed by Zapier
URL800,https://pressthink.org/2011/08/26/why-political-coverage-is-broken/,2025-10-21 10:32:28,Processed by Zapier
URL801,https://pressthink.org/2006/06/27/ppl_frmr.html,2025-10-21 10:32:26,Processed by Zapier
URL802,https://pressthink.org/2025/10/some-more-personal-news-october-2025/,2025-10-21 10:32:25,Processed by Zapier
URL803,https://radioopensource.org/the-news-about-the-news-jay-rosen/,2025-10-21 10:33:28,Processed by Zapier
URL804,https://www.politico.com/story/2019/01/31/trump-attacks-journalists-study-1139510,2025-10-21 10:32:18,Processed by Zapier
URL805,https://tomdispatch.com/jay-rosen-on-a-political-empire-made-of-tv-stations/,2025-10-21 10:32:19,Processed by Zapier
URL806,https://archive.org/details/valuescraftofame0000unse,2025-10-21 10:35:41,Processed by Zapier
URL807,https://newscreatorcorps.org/2025/10/news-consumers-content-creators/,2025-10-21 10:37:33,Processed by Zapier
URL808,https://pressthink.org/2025/10/some-more-personal-news-october-2025/,2025-10-21 10:39:50,Processed by Zapier
URL809,https://tomdispatch.com/jay-rosen-on-a-political-empire-made-of-tv-stations/,2025-10-21 11:50:52,Processed by Zapier
URL810,https://soundcloud.com/theworld/jay-rosen-on-investigative,2025-10-22 14:52:01,Processed by Zapier
URL811,https://publicnotebook.wordpress.com/2012/04/20/four-types-of-scoops/,2025-10-28 18:12:47,Processed by Zapier
URL812,https://publicnotebook.wordpress.com/2022/03/30/andrew-tyndall-comments-on-cbs-news-hiring-trumps-former-chief-of-staff-mick-mulvaney-as-a-news-analyst-and-paid-contributor/,2025-10-28 18:27:42,Processed by Zapier
URL813,https://publicnotebook.wordpress.com/2022/01/14/after-six-years-of-asking-npr-interviewed-trump-a-journalist-for-vice-asked-me-how-it-went/,2025-10-28 18:28:28,Processed by Zapier
URL814,https://publicnotebook.wordpress.com/2014/11/26/verstehen-was-den-journalismus-derzeit-verandert/,2025-10-28 18:28:42,Processed by Zapier
URL815,https://publicnotebook.wordpress.com/2014/11/18/comment-etre-au-courant-de-ce-qui-change-le-journalisme/,2025-10-28 18:28:25,Processed by Zapier
URL816,https://publicnotebook.wordpress.com/2014/11/17/the-studio-20-program-at-nyu-directed-by-jay-rosen-and-clay-shirky-once-again-presents-open-studio-night/,2025-10-28 18:28:05,Processed by Zapier
URL817,https://publicnotebook.wordpress.com/2014/05/10/this-is-just-a-stub-for-a-pressthink-post/,2025-10-28 18:28:08,Processed by Zapier
URL818,https://publicnotebook.wordpress.com/2012/04/09/anatomy-of-a-facebook-fail-mine/,2025-10-28 18:28:31,Processed by Zapier
URL819,https://publicnotebook.wordpress.com/2012/01/18/a-brief-theory-of-the-republican-party-2012/,2025-10-28 18:28:38,Processed by Zapier
URL820,https://publicnotebook.wordpress.com/2011/11/22/serious-journalism-in-the-age-of-digital-netw/,2025-10-28 18:28:42,Processed by Zapier
URL821,https://publicnotebook.wordpress.com/2011/07/31/three-different-kinds-of-context-were-missing/,2025-10-28 18:28:52,Processed by Zapier
URL822,https://publicnotebook.wordpress.com/2011/03/16/anatomy-of-a-twitter-screw-up-my-own/,2025-10-28 18:28:52,Processed by Zapier
URL823,https://publicnotebook.wordpress.com/2010/12/05/a-theme-in-responses-to-critics-found-in-the/,2025-10-28 18:28:25,Processed by Zapier
URL824,https://publicnotebook.wordpress.com/2010/12/04/julian-assange-ducks-the-question-a-lot-of-us/,2025-10-28 18:28:49,Processed by Zapier
URL825,https://publicnotebook.wordpress.com/2010/11/24/the-grown-ups-have-arrived-on-the-tsa-story-a/,2025-10-28 18:28:13,Processed by Zapier
URL826,https://publicnotebook.wordpress.com/2010/11/14/the-critic-thomas-frank-misled-the-readers-of/,2025-10-28 18:28:16,Processed by Zapier
URL827,https://publicnotebook.wordpress.com/2010/09/16/arming-us-not-with-knowledge-of-but-acquainta/,2025-10-28 18:28:34,Processed by Zapier
URL828,https://publicnotebook.wordpress.com/2010/09/07/the-journalists-formerly-known-as-the-media-m/,2025-10-28 18:30:03,Processed by Zapier
URL829,https://publicnotebook.wordpress.com/2010/06/09/journalism-professors-forget-who-they-are-in-criticizing-obama-on-transparency/,2025-10-28 18:30:21,Processed by Zapier
URL830,https://publicnotebook.wordpress.com/2010/04/18/david-gregory-no-i-wont-fact-check-my-guests-and-you-guys-cant-make-me-a-time-line/,2025-10-28 18:33:33,Processed by Zapier
URL831,https://publicnotebook.wordpress.com/2010/03/02/eight-key-terms-for-determining-legitimacy-in-journalism/,2025-10-28 18:33:20,Processed by Zapier
URL832,https://publicnotebook.wordpress.com/2010/02/15/what-to-reject-when-youre-rejecting-the-wisdom-of-crowds-tips-for-debunkers/,2025-10-28 18:33:47,Processed by Zapier
URL833,https://publicnotebook.wordpress.com/2010/01/22/get-there-by-clicking-a-link-and-the-new-york-times-paywall-disappears/,2025-10-28 18:33:12,Processed by Zapier
URL834,https://publicnotebook.wordpress.com/2009/12/28/my-simple-fix-for-the-messed-up-sunday-shows/,2025-10-28 18:33:12,Processed by Zapier
URL835,https://publicnotebook.wordpress.com/2009/12/11/how-to-know-if-you-are-behaving-ethically-as-a-journalist-jay-rosens-checklist/,2025-10-28 18:33:25,Processed by Zapier
URL836,https://publicnotebook.wordpress.com/2009/12/07/why-i-dont-trust-a-thing-the-church-of-the-savvy-says-about-candidate-obamas-call-for-transparency/,2025-10-28 18:33:29,Processed by Zapier
URL837,https://publicnotebook.wordpress.com/2009/12/06/what-i-told-the-man-from-politics-daily/,2025-10-28 18:33:21,Processed by Zapier
URL839,https://www.niemanlab.org/2025/10/a-new-fellowship-is-all-about-putting-the-news-in-news-creator/,2025-10-28 18:58:17,Processed by Zapier
URL840,https://electionsos.com/resource/jay-rosen-presents-the-citizens-agenda/,2025-11-06 12:15:59,Processed by Zapier
URL841,https://youtu.be/YWvvMiwz4HI,2025-11-06 12:28:43,Processed by Zapier
URL842,https://www.niemanlab.org/2025/10/a-new-fellowship-is-all-about-putting-the-news-in-news-creator/,2025-11-08 14:20:41,Processed by Zapier
URL843,https://jayrosen.tumblr.com/post/243813457/sources-of-subsidy-in-the-production-of-news-a,2025-11-11 17:04:56,Processed by Zapier
